Workbook
Name Ana_Kompanent: [1]Atamalar!$A$10:$A$33
Name Ana_Kompanent: #REF!
Name Ant_2: #REF!
Name Araç_Şase: [1]Atamalar!#REF!
Name Araç_Şase: #REF!
Name Araç_Şase_Numaraları: [1]Atamalar!#REF!
Name Araç_Şase_Numaraları: #REF!
Name Araç_Tipi: [1]Atamalar!#REF!
Name Araç_Tipi: #REF!
Name Assembly_Line: [1]Atamalar!#REF!
Name Assembly_Line: #REF!
Name Auxiliary_Power_Unit: #REF!
Name Batarya: #REF!
Name Bogie: #REF!
Name Boji: #REF!
Name BOZANKAYA_Design: [1]Atamalar!#REF!
Name BOZANKAYA_Design: #REF!
Name Bölüm: [1]Atamalar!#REF!
Name Bölüm: #REF!
Name Brake_System: #REF!
Name CCTV: #REF!
Name Chassis_Design: [1]Atamalar!#REF!
Name Chassis_Design: #REF!
Name Chassis_Production: [1]Atamalar!#REF!
Name Chassis_Production: #REF!
Name Chassis_Quality: [1]Atamalar!#REF!
Name Chassis_Quality: #REF!
Name Chassis_Quality_Controls: [1]Atamalar!#REF!
Name Chassis_Quality_Controls: #REF!
Name Couplers: #REF!
Name Department: [1]Atamalar!#REF!
Name Department: #REF!
Name Door_System: #REF!
Name Driver_HVAC_System: #REF!
Name E_Kabinet: #REF!
Name Electrical_Design: [1]Atamalar!#REF!
Name Electrical_Design: #REF!
Name Electromechanic_Tasarım: [1]Atamalar!#REF!
Name Electromechanic_Tasarım: #REF!
Name Elektrik_Tasarım: [1]Atamalar!#REF!
Name Elektrik_Tasarım: #REF!
Name External_Light: #REF!
Name External_Trim: #REF!
Name Gangway_Articulation: #REF!
Name Gearbox: #REF!
Name Giriş_Kalite_Kontrol: [1]Atamalar!#REF!
Name Giriş_Kalite_Kontrol: #REF!
Name HataDurumu: '[2]Hata Durumu'!$B$2:$B$4
Name HataGidermeYöntemi1: '[2]Hata Giderme Yöntemi'!$B$2:$B$5
Name HataKaynağı: '[2]Hata Kaynağı'!$B$2:$B$5
Name HMI: #REF!
Name Horn_Bell: #REF!
Name HSCB: #REF!
Name IASI_16: #REF!
Name Internal_Light: #REF!
Name Internal_Trim: #REF!
Name Intervall_IS1_Name: [3]Overview!$H$30
Name Intervall_IS2_Name: [3]Overview!$H$31
Name Intervall_IS2I_Name: [3]Overview!$H$32
Name Intervall_IS2II_Name: [3]Overview!$H$33

Sheet FRACAS (YENİ)
N1: FRACAS(Hata Raporlama Analizi ve Düzeltici Aksiyon Sitemi) Formu FRACAS(Failure Reporting Analysis And Corrective Action System) Form | AB1: Doküman No / Document Code; FR-549 Yayımlama Tarih / Publish Datei; 23.05.2023 Revizyon Tarihi / Revision; 04.08.2025 Revizyon No: 4 | AP1: =TODAY() -> 46026 | AQ1: X | AR1: Proje Pik Saatleri Proje Peak Times | AS1: 0.27083333 | AT1: 0.39583333 | AU1: 0.66666667 | AV1: 0.8125 | AW1: Proje Ort Hız Proje Avr. Speed | AY1: 18 | AZ1: km | BA1: Proje İşçilik Maliyeti Project Labor Cost | BC1: 11 | BD1: hbm.142536
A3: Araç Bilgileri Vhicle Information | E3: Problem Bilgileri Failure Information | P3: (EN 50126-1:2017 Tabl C.3 | Q3: (EN 50126-1:2017 Tabl C.5 | R3: Çözüm Adımları ve Bilgileri Solution Steps And Information | AO3: Tamir İçin Gerekli Parçalar Needed Parts For Repairing | AW3: Maliyet Cost
A4: Project | B4: Araç Numarası Vehicle Number | C4: Araç Module Vehicle Module | D4: Araç Kilometresi Vehicle Kilometer | E4: FRACAS ID | F4: Hata Tarih/Date | G4: Hata Saat/Time | I4: Arıza Konumu Failure Location | J4: Arıza Tespit Yöntemi Failure Detection Method | K4: Kapsam Scope | L4: İlgili Tedarikçi Relevant Supplier | M4: Proje Bazında Fracas ID Fracas ID Based on Project | N4: Arıza Tanımı Failure Description | O4: DDU Arıza Sınıfı DDU Failure Class | P4: Arıza Sınıfı Failure Class | Q4: Arızanın Emniyetle İlgili Şiddet Kategorisi Safety Related Severity Category of Failure | R4: Arıza Kaynağı Source of Failure | S4: Arıza Tespitini Takiben Yapılan İşlem Action Followed by Fault Detection | T4: Aksiyon Action | U4: Garanti Kapsamı Warranty Coverage | V4: Tamir için Gerekli Personel Sayısı Required Personnel Quantity for Repair | W4: Tamir/Değiştirme Başlama Tarihi Date of Starting to Repair/Replace | X4: Tamir/Değiştirme Başlama Saati Time of Starting to Repair/Replace | Z4: Tamir/Değiştirme Bitiş Tarihi Date of Fnish to Repair/Replace | AA4: Tamir/Değiştirme Bitiş Saati Time of Fnish to Repair/Replace | AC4: Tamir Süresi (dakika) Repair Time (dakika) | AD4: Servise Veriliş Tarih Date of Ready to Service | AE4: Servise Veriliş Saati Time of Ready to Service | AG4: Arıza Tipi Failure Type | AH4: Detaylı Bilgi Detail İnformation | AI4: NCR Numarası NCR Number | AJ4: NCR Kapanış Tarihi NCR Closing Date | AK4: NCR Kapanış Saati NCR Closing Time | AM4: Araç MTTR / MDT | AN4: Kompanent MTTR / MDT | AO4: Ekipman Tedarikçisi Equipment Supplier | AP4: Parça Kodu Part Code | AQ4: Seri Numarası Serial Number | AR4: Parça Adı Part Name | AS4: Adeti Quantity | AT4: Sipariş No Order No | AU4: Sipariş Tarihi Order Date | AV4: Teslim Tarihi Delivery Date | AW4: Malzeme Maliyeti Material Cost | AX4: İşçilik Maliyeti Labor Cost
A5: TIM_1624 | B5: 1001 | D5: 200 | F5: 45636 | G5: 0.29166667 | H5: =F5+G5 -> 45636.292 | I5: Hat/Line | J5: Notified By Customer | K5: Brake_System | L5: Hanning&Kall | M5: =A5&"-"&E5 -> TIM_1624- | N5: abv | O5: B | P5: C:Küçük Arıza | Q5: A | R5: Customer | S5: bndsi | T5: Tamir Edilecek/To Be Repaired | U5: Evet/Yes | V5: 2 | W5: 45636 | X5: 0.45833333 | Y5: =W5+X5 -> 45636.458 | Z5: 45636 | AA5: 0.85416667 | AB5: =Z5+AA5 -> 45636.854 | AC5: =(AF5-H5)*24*60 -> 810 | AD5: 45636 | AE5: 0.85416667 | AF5: =AD5+AE5 -> 45636.854 | AG5: İlk defa karşılaşılan arıza / First time failure | AH5: Bu Arıza Aracın Servise Verilmesine Engel Değil | AL5: =AJ5+AK5 -> 0 | AM5: =IF(AND(P5<>"D:Arıza Değil",AH5="Bu Arıza Aracın Servise Verilmesine Engel Değil"),IF(Z5-F5>0,(AB5-Y5)*24,IF(OR(AND(G5>AS$1,G5<AT$1),AND(G5>AU$1,G5<AV$1)),(AF5-H5)*24,0)),AN5) -> 13.5 | AN5: =IF(P5<>"D:Arıza Değil",AC5,0) -> 810 | AP5: =IF(AQ1="X", IF(AND(G5>=AS1,G5<=AT1),IF(P5<>"D:Arıza Değil",AC5,0),FRACAS!BB5 IF(AND(G5>=AU1,G5<=AV1),IF(P5<>"D:Arıza Değil",AC5,0), "")), "") -> 810 | AW5: 0 | AX5: =V5*AC5*BC$1 -> 17820
A6: TIM_1625 | M6: =A6&"-"&E6 -> TIM_1625- | Y6: =W6+X6 -> 0 | AB6: =Z6+AA6 -> 0 | AC6: =(AB6-Y6)*24*60 -> 0 | AF6: =AD6+AE6 -> 0 | AL6: =AJ6+AK6 -> 0 | AM6: =IF(AND(P6<>"D:Arıza Değil",AH6="Bu Arıza Aracın Servise Verilmesine Engel Değil"),IF(Z6-F6>0,(AB6-Y6)*24,IF(OR(AND(G6>AS$1,G6<AT$1),AND(G6>AU$1,G6<AV$1)),(AL6-Y6)*24,0)),AN6) -> 0 | AN6: =IF(P6<>"D:Arıza Değil",AC6,0) -> 0 | AP6: =IF(AND(P5<>"D:Arıza Değil",AH5="Bu Arıza Aracın Servise Verilmesine Engel Değil"),IF(Z5-F5>0,(AB5-Y5)*24,IF(AQ1="X",IF(AND(G5>=AS1,G5<=AT1),IF(P5<>"D:Arıza Değil",AC5,0),IF(AND(G5>=AU1,G5<=AV1),IF(P5<>"D:Arıza Değil",AC5,0),"")),0)),AN5) -> 810 | AW6: 0 | AX6: =V6*AC6*BC$1 -> 0
M7: =A7&"-"&E7 -> - | Y7: =W7+X7 -> 0 | AB7: =Z7+AA7 -> 0 | AC7: =(AB7-Y7)*24*60 -> 0 | AF7: =AD7+AE7 -> 0 | AL7: =AJ7+AK7 -> 0 | AM7: =IF(AND(P7<>"D:Arıza Değil",AH7="Bu Arıza Aracın Servise Verilmesine Engel Değil"),IF(Z7-F7>0,(AB7-Y7)*24,IF(OR(AND(G7>AS$1,G7<AT$1),AND(G7>AU$1,G7<AV$1)),(AL7-Y7)*24,0)),AN7) -> 0 | AN7: =IF(P7<>"D:Arıza Değil",AC7,0) -> 0 | AW7: 0 | AX7: =V7*AC7*BC$1 -> 0
M8: =A8&"-"&E8 -> - | Y8: =W8+X8 -> 0 | AB8: =Z8+AA8 -> 0 | AC8: =(AB8-Y8)*24*60 -> 0 | AF8: =AD8+AE8 -> 0 | AL8: =AJ8+AK8 -> 0 | AM8: =IF(AND(P8<>"D:Arıza Değil",AH8="Bu Arıza Aracın Servise Verilmesine Engel Değil"),IF(Z8-F8>0,(AB8-Y8)*24,IF(OR(AND(G8>AS$1,G8<AT$1),AND(G8>AU$1,G8<AV$1)),(AL8-Y8)*24,0)),AN8) -> 0 | AN8: =IF(P8<>"D:Arıza Değil",AC8,0) -> 0 | AW8: 0 | AX8: =V8*AC8*BC$1 -> 0
M9: =A9&"-"&E9 -> - | Y9: =W9+X9 -> 0 | AB9: =Z9+AA9 -> 0 | AC9: =(AB9-Y9)*24*60 -> 0 | AF9: =AD9+AE9 -> 0 | AL9: =AJ9+AK9 -> 0 | AM9: =IF(AND(P9<>"D:Arıza Değil",AH9="Bu Arıza Aracın Servise Verilmesine Engel Değil"),IF(Z9-F9>0,(AB9-Y9)*24,IF(OR(AND(G9>AS$1,G9<AT$1),AND(G9>AU$1,G9<AV$1)),(AL9-Y9)*24,0)),AN9) -> 0 | AN9: =IF(P9<>"D:Arıza Değil",AC9,0) -> 0 | AW9: 0 | AX9: =V9*AC9*BC$1 -> 0
M10: =A10&"-"&E10 -> - | Y10: =W10+X10 -> 0 | AB10: =Z10+AA10 -> 0 | AC10: =(AB10-Y10)*24*60 -> 0 | AF10: =AD10+AE10 -> 0 | AL10: =AJ10+AK10 -> 0 | AM10: =IF(AND(P10<>"D:Arıza Değil",AH10="Bu Arıza Aracın Servise Verilmesine Engel Değil"),IF(Z10-F10>0,(AB10-Y10)*24,IF(OR(AND(G10>AS$1,G10<AT$1),AND(G10>AU$1,G10<AV$1)),(AL10-Y10)*24,0)),AN10) -> 0 | AN10: =IF(P10<>"D:Arıza Değil",AC10,0) -> 0 | AW10: 0 | AX10: =V10*AC10*BC$1 -> 0
M11: =A11&"-"&E11 -> - | Y11: =W11+X11 -> 0 | AB11: =Z11+AA11 -> 0 | AC11: =(AB11-Y11)*24*60 -> 0 | AF11: =AD11+AE11 -> 0 | AL11: =AJ11+AK11 -> 0 | AM11: =IF(AND(P11<>"D:Arıza Değil",AH11="Bu Arıza Aracın Servise Verilmesine Engel Değil"),IF(Z11-F11>0,(AB11-Y11)*24,IF(OR(AND(G11>AS$1,G11<AT$1),AND(G11>AU$1,G11<AV$1)),(AL11-Y11)*24,0)),AN11) -> 0 | AN11: =IF(P11<>"D:Arıza Değil",AC11,0) -> 0 | AW11: 0 | AX11: =V11*AC11*BC$1 -> 0
M12: =A12&"-"&E12 -> - | Y12: =W12+X12 -> 0 | AB12: =Z12+AA12 -> 0 | AC12: =(AB12-Y12)*24*60 -> 0 | AF12: =AD12+AE12 -> 0 | AL12: =AJ12+AK12 -> 0 | AM12: =IF(AND(P12<>"D:Arıza Değil",AH12="Bu Arıza Aracın Servise Verilmesine Engel Değil"),IF(Z12-F12>0,(AB12-Y12)*24,IF(OR(AND(G12>AS$1,G12<AT$1),AND(G12>AU$1,G12<AV$1)),(AL12-Y12)*24,0)),AN12) -> 0 | AN12: =IF(P12<>"D:Arıza Değil",AC12,0) -> 0 | AW12: 0 | AX12: =V12*AC12*BC$1 -> 0
M13: =A13&"-"&E13 -> - | Y13: =W13+X13 -> 0 | AB13: =Z13+AA13 -> 0 | AC13: =(AB13-Y13)*24*60 -> 0 | AF13: =AD13+AE13 -> 0 | AL13: =AJ13+AK13 -> 0 | AM13: =IF(AND(P13<>"D:Arıza Değil",AH13="Bu Arıza Aracın Servise Verilmesine Engel Değil"),IF(Z13-F13>0,(AB13-Y13)*24,IF(OR(AND(G13>AS$1,G13<AT$1),AND(G13>AU$1,G13<AV$1)),(AL13-Y13)*24,0)),AN13) -> 0 | AN13: =IF(P13<>"D:Arıza Değil",AC13,0) -> 0 | AW13: 0 | AX13: =V13*AC13*BC$1 -> 0
M14: =A14&"-"&E14 -> - | Y14: =W14+X14 -> 0 | AB14: =Z14+AA14 -> 0 | AC14: =(AB14-Y14)*24*60 -> 0 | AF14: =AD14+AE14 -> 0 | AL14: =AJ14+AK14 -> 0 | AM14: =IF(AND(P14<>"D:Arıza Değil",AH14="Bu Arıza Aracın Servise Verilmesine Engel Değil"),IF(Z14-F14>0,(AB14-Y14)*24,IF(OR(AND(G14>AS$1,G14<AT$1),AND(G14>AU$1,G14<AV$1)),(AL14-Y14)*24,0)),AN14) -> 0 | AN14: =IF(P14<>"D:Arıza Değil",AC14,0) -> 0 | AW14: 0 | AX14: =V14*AC14*BC$1 -> 0
M15: =A15&"-"&E15 -> - | Y15: =W15+X15 -> 0 | AB15: =Z15+AA15 -> 0 | AC15: =(AB15-Y15)*24*60 -> 0 | AF15: =AD15+AE15 -> 0 | AL15: =AJ15+AK15 -> 0 | AM15: =IF(AND(P15<>"D:Arıza Değil",AH15="Bu Arıza Aracın Servise Verilmesine Engel Değil"),IF(Z15-F15>0,(AB15-Y15)*24,IF(OR(AND(G15>AS$1,G15<AT$1),AND(G15>AU$1,G15<AV$1)),(AL15-Y15)*24,0)),AN15) -> 0 | AN15: =IF(P15<>"D:Arıza Değil",AC15,0) -> 0 | AW15: 0 | AX15: =V15*AC15*BC$1 -> 0
M16: =A16&"-"&E16 -> - | Y16: =W16+X16 -> 0 | AB16: =Z16+AA16 -> 0 | AC16: =(AB16-Y16)*24*60 -> 0 | AF16: =AD16+AE16 -> 0 | AL16: =AJ16+AK16 -> 0 | AM16: =IF(AND(P16<>"D:Arıza Değil",AH16="Bu Arıza Aracın Servise Verilmesine Engel Değil"),IF(Z16-F16>0,(AB16-Y16)*24,IF(OR(AND(G16>AS$1,G16<AT$1),AND(G16>AU$1,G16<AV$1)),(AL16-Y16)*24,0)),AN16) -> 0 | AN16: =IF(P16<>"D:Arıza Değil",AC16,0) -> 0 | AW16: 0 | AX16: =V16*AC16*BC$1 -> 0
M17: =A17&"-"&E17 -> - | Y17: =W17+X17 -> 0 | AB17: =Z17+AA17 -> 0 | AC17: =(AB17-Y17)*24*60 -> 0 | AF17: =AD17+AE17 -> 0 | AL17: =AJ17+AK17 -> 0 | AM17: =IF(AND(P17<>"D:Arıza Değil",AH17="Bu Arıza Aracın Servise Verilmesine Engel Değil"),IF(Z17-F17>0,(AB17-Y17)*24,IF(OR(AND(G17>AS$1,G17<AT$1),AND(G17>AU$1,G17<AV$1)),(AL17-Y17)*24,0)),AN17) -> 0 | AN17: =IF(P17<>"D:Arıza Değil",AC17,0) -> 0 | AW17: 0 | AX17: =V17*AC17*BC$1 -> 0
M18: =A18&"-"&E18 -> - | Y18: =W18+X18 -> 0 | AB18: =Z18+AA18 -> 0 | AC18: =(AB18-Y18)*24*60 -> 0 | AF18: =AD18+AE18 -> 0 | AL18: =AJ18+AK18 -> 0 | AM18: =IF(AND(P18<>"D:Arıza Değil",AH18="Bu Arıza Aracın Servise Verilmesine Engel Değil"),IF(Z18-F18>0,(AB18-Y18)*24,IF(OR(AND(G18>AS$1,G18<AT$1),AND(G18>AU$1,G18<AV$1)),(AL18-Y18)*24,0)),AN18) -> 0 | AN18: =IF(P18<>"D:Arıza Değil",AC18,0) -> 0 | AW18: 0 | AX18: =V18*AC18*BC$1 -> 0
... M856: =A856&"-"&E856 -> - | Y856: =W856+X856 -> 0 | AB856: =Z856+AA856 -> 0 | AC856: =(AB856-Y856)*24*60 -> 0 | AF856: =AD856+AE856 -> 0 | AL856: =AJ856+AK856 -> 0 | AM856: =IF(AND(P856<>"D:Arıza Değil",AH856="Bu Arıza Aracın Servise Verilmesine Engel Değil"),IF(Z856-F856>0,(AB856-Y856)*24,IF(OR(AND(G856>AS$1,G856<AT$1),AND(G856>AU$1,G856<AV$1)),(AL856-Y856)*24,0)),AN856) -> 0 | AN856: =IF(P856<>"D:Arıza Değil",AC856,0) -> 0 | AW856: 0 | AX856: =V856*AC856*BC$1 -> 0

Sheet FRACAS
N1: FRACAS(Hata Raporlama Analizi ve Düzeltici Aksiyon Sitemi) Formu FRACAS(Failure Reporting Analysis And Corrective Action System) Form | AP1: =TODAY() -> 46026 | AR1: Proje Pik Saatleri Proje Peak Times | AS1: 0.25 | AT1: 0.41666667 | AU1: 0.58333333 | AV1: 0.79166667 | AW1: Proje Ort Hız Proje Avr. Speed | AY1: 20 | BC1: 11 | BD1: hbm.142536
A4: Project | B4: Araç Numarası Vehicle Number | C4: Araç Module Vehicle Module | D4: Araç Kilometresi Vehicle Kilometer | E4: FRACAS ID | F4: Hata Tarih /Date | G4: Hata Saat /Time | H4: . | I4: Arıza Konumu Failure Location | J4: Arıza Tespit Yöntemi Failure Detection Method | K4: Kapsam Scope | L4: İlgili Tedarikçi Relevant Supplier | M4: Proje Bazında Fracas ID Fracas ID Based on Project | N4: Arıza Tanımı Failure Description | O4: DDU Arıza Sınıfı DDU Failure Class | P4: Arıza Sınıfı Failure Class | Q4: Arızanın Emniyetle İlgili Şiddet Kategorisi Safety Related Severity Category of Failure | R4: Arıza Kaynağı Source of Failure | S4: Arıza Tespitini Takiben Yapılan İşlem Action Followed by Fault Detection | T4: Aksiyon Action | U4: Garanti Kapsamı Warranty Coverage | V4: Tamir için Gerekli Personel Sayısı Required Personnel Quantity for Repair | W4: Tamir/Değiştirme Başlama Tarihi Date of Starting to Repair/Replace | X4: Tamir/Değiştirme Başlama Saati Time of Starting to Repair/Replace | Y4: . | Z4: Tamir/Değiştirme Bitiş Tarihi Date of Fnish to Repair/Replace | AA4: Tamir/Değiştirme Bitiş Saati Time of Fnish to Repair/Replace | AB4: . | AC4: Tamir Süresi (dakika) Repair Time (dakika) | AD4: Servise Veriliş Tarih Date of Ready to Service | AE4: Servise Veriliş Saati Time of Ready to Service | AF4: . | AG4: Arıza Tipi Failure Type | AH4: Detaylı Bilgi Detail İnformation | AI4: NCR Numarası NCR Number | AJ4: NCR Kapanış Tarihi NCR Closing Date | AK4: NCR Kapanış Saati | AL4: . | AM4: Araç MTTR / MDT | AN4: Kompanent MTTR / MDT | AO4: Ekipman Tedarikçisi Equipment Supplier | AP4: Parça Kodu Part Code | AQ4: Seri Numarası Serial Number | AR4: Parça Adı Part Name | AS4: Adeti Quantity | AT4: Sipariş No Order No | AU4: Sipariş Tarihi Order Date | AV4: Teslim Tarihi Delivery Date | AW4: Malzeme Maliyeti Material Cost | AX4: İşçilik Maliyeti Labor Cost | AY4: No | AZ4: Photo URL | BA4: Arıza Resmi | BB4: Pik Saat Hes. | BK4: NCR Bildirim Tarihi | BL4: Arıza Kaynağı (Sorumlu 2) | BN4: pik zaman kontrolü | BQ4: bekleme süresi | BR4: tamir süresi | BS4: arızalı kalma süresi | BV4: Tamirat | BY4: Tamire Başlama Süresi | BZ4: Tamirat süresi | CA4: toplam arıza süresi | CF4: arıza | CG4: tamir | CO4: Tamir Süresi (saat) Repair Time (hour) | CP4: tamir süresi TÜM (saat) | CQ4: Hata Tarih/Date | CR4: Tamir/Değiştirme Başlama Saati Time of Starting to Repair/Replace | CS4: Tamir/Değiştirme Bitiş Saati Time of Fnish to Repair/Replace | CT4: Bekleme süresi (dk) | CU4: Tamir süresi (dk) | CV4: Toplam Arıza süresi (dk) | CW4: Bekleme gecikme oranı
A5: =[4]SayfaKAY!C618 -> KAY5+6 | B5: =[4]SayfaKAY!D618 -> 3874(3) | C5: =[4]SayfaKAY!E618 -> MB | D5: =[4]SayfaKAY!F618 -> 143325 | E5: =[4]SayfaKAY!G618 -> BOZ-KAY5+6-FF-615 | F5: =IF(H5="","",INT(H5)) | G5: =IF(H5="","",MOD(H5,1)) | H5: =[4]SayfaKAY!H618 | I5: =[4]SayfaKAY!I618 -> Hat/Line | J5: =IF([4]SayfaKAY!J618="","",IF([4]SayfaKAY!J618="Müşteri","Notified by Customer","Notified by Bozankaya")) -> Notified by Customer | K5: =VLOOKUP([4]SayfaKAY!L618,#REF!,2,FALSE) -> #REF! | L5: =[4]SayfaKAY!X618 -> DENİZLER OTOMOTİV SAN. VE TİC.LTD.Ş | M5: =IF( E5="", "", A5&"-"&E5) -> KAY5+6-BOZ-KAY5+6-FF-615 | N5: =[4]SayfaKAY!M618 -> 3874 NOLU ARAÇ KABİN CB SİLECEK ARIZALI | O5: =[4]SayfaKAY!P618 -> D-Arıza değil | P5: =[4]SayfaKAY!Q618 -> B(Servisten çekmeye etki eden arıza) | Q5: =[4]SayfaKAY!R618 -> N.A(Yaralanma yok) | R5: {=IF([4]SayfaKAY!U618="","",_xlfn.IFS([4]SayfaKAY!U618="Bozankaya","Bozankaya",[4]SayfaKAY!U618="Müşteri","Customer",[4]SayfaKAY!U618="Tedarikçi","Equipment Supplier"))} -> Equipment Supplier | S5: =[4]SayfaKAY!N618 -> SİLECEK DEĞİŞİMİ YAPILDI | T5: =[4]SayfaKAY!AD618 -> Ekipman yenisi ile değiştirildi | U5: =[4]SayfaKAY!W618 -> Evet | V5: =[4]SayfaKAY!AZ618 -> 1 | W5: =IF(Y5="","",INT(Y5)) -> 45785 | X5: =IF(Y5="","",TEXT(Y5,"ss:dd")) -> 06:00 | Y5: =[4]SayfaKAY!AE618 -> 45785.25 | Z5: =IF(AB5="","",INT(AB5)) -> 45786 | AA5: =IF(AB5="","",TEXT(AB5,"ss:dd")) -> 09:00 | AB5: =[4]SayfaKAY!BA618 -> 45786.375 | AC5: =IF(AF5="","",(AF5-H5)*24*60) -> #VALUE! | AD5: =IF(AF5="","",INT(AF5)) -> 45786 | AE5: =IF(AF5="","",TEXT(AF5,"ss:dd")) -> 09:00 | AF5: =[4]SayfaKAY!BA618 -> 45786.375 | AG5: =[4]SayfaKAY!S618 -> (III) Farklı Araçlarda Tekrarlayan Arıza | AH5: =IF(P5="A(Hareket etmeyi engelleyen arıza)","Bu Arıza Aracın Servise Verilmesine Engel", IF(P5="B(Servisten çekmeye etki eden arıza)","Bu Arıza Aracın Servise Verilmesine Engel", IF(P5="C(Sisteme etki etmeyen arıza)","Bu Arıza Aracın Servise Verilmesine Engel Değil", IF(P5="D(Arıza Değil)","Bu Arıza Aracın Servise Verilmesine Engel Değil", "")))) -> Bu Arıza Aracın Servise Verilmesine Engel | AI5: =[4]SayfaKAY!AV618 | AJ5: =IF(AL5="","",INT(AL5)) | AK5: =IF(AL5="","",TEXT(AL5,"ss:dd")) | AL5: =[4]SayfaKAY!AX618 | AM5: {=IFERROR(IF(AND(P5<>"D(Arıza Değil)",AH5="Bu Arıza Aracın Servise Verilmesine Engel Değil"), IF(Z5-F5>0,(AB5-Y5)*24*60, IF(OR(AND(G5>$AS$1,G5<$AT$1),AND(G5>$AU$1,G5<$AV$1)), (AF5-H5)*24*60, BH:BH0)), AN5),0)} -> 0 | AN5: =IFERROR(IF(P5<>"D(Arıza Değil)",AC5,0),0) -> 0 | AO5: =[4]SayfaKAY!AG618 | AP5: =[4]SayfaKAY!AI618 | AQ5: =[4]SayfaKAY!AQ618 | AR5: =[4]SayfaKAY!AH618 | AS5: =[4]SayfaKAY!AJ618 | AT5: =[4]SayfaKAY!AM618 | AU5: =[4]SayfaKAY!AL618 | AV5: =[4]SayfaKAY!AP618 | AW5: =[4]SayfaKAY!AT618 | AX5: =IF(V5="","",V5*AC5*BC$1) -> #VALUE! | BB5: =IF($AQ$1="X", IF(AND(G5>=$AS$1,G5<=$AT$1),IF(P5<>"D(Arıza Değil)",AC5,0), IF(AND(G5>=$AU$1,G5<=$AV$1),IF(P5<>"D(Arıza Değil)",AC5,0), "")), "") | BH5: =IFERROR(FRACAS!AN621, "Hata Var") -> 1500 | BK5: =[4]SayfaKAY!AW618 | BL5: =[4]SayfaKAY!V618 -> Bozankaya | BN5: =IF($AQ$1="X", IF(AND(G5>=$AS$1,G5<=$AT$1),IF(P5<>"D(Arıza Değil",AC5,0),IF(AND(G5>=$AU$1,G5<=$AV$1),IF(P5<>"D:Arıza Değil",AC5,0), "x var")), "x yok") -> x yok | BO5: =IF(OR(AND(G5>$AS$1,G5<$AT$1),AND(G5>$AU$1,G5<$AV$1)),"aynı gün giderilen arıza") -> FALSE | BP5: =IF(Z5-F5>0,"Bir günden fazla süren arıza",IF(OR(AND(G5>$AS$1,G5<$AT$1),AND(G5>$AU$1,G5<$AV$1)),"aynı gün giderilen arıza")) -> #VALUE! | BQ5: =(Y5-H5)*24*60 -> #VALUE! | BR5: =(AB5-Y5)*24*60 -> 1620 | BS5: =(AF5-H5)*24*60 -> #VALUE! | BV5: =COUNTIFS(B$5:B$9980,B5,H$5:H$9980,"<="&AF5,AF$5:AF$9980,">="&H5)-1 -> -1 | BW5: =IF(COUNTIFS(B$5:B$9980,B5,H$5:H$9980,"<="&AF5,AF$5:AF$9980,">="&H5)>1,"Evet, çakışma var","Hayır, çakışma yok") -> Hayır, çakışma yok | BY5: =Y5-H5 -> #VALUE! | BZ5: =AB5-Y5 -> 1.125 | CA5: =AB5-H5 -> #VALUE! | CE5: 617 | CF5: =H5 | CG5: =AB5 -> 45786.375 | CK5: =AB5-Y5 -> 1.125 | CL5: =Y5-H5 -> #VALUE! | CM5: =AB5-H5 -> #VALUE! | CO5: =AC5 -> #VALUE! | CP5: =CU5/24 -> 67.5 | CQ5: =G5 | CR5: =Y5 -> 45785.25 | CS5: =AB5 -> 45786.375 | CT5: =(CR5-CQ5)*1440 -> #VALUE! | CU5: =(CS5-CR5)*1440 -> 1620 | CV5: =(CS5-CQ5)*1440 -> #VALUE! | CW5: =CT5/CV5 -> #VALUE!
A6: =[4]SayfaKAY!C620 -> KAY5+6 | B6: =[4]SayfaKAY!D620 -> 3873(2) | C6: =[4]SayfaKAY!E620 -> MA | D6: =[4]SayfaKAY!F620 -> 150 | E6: =[4]SayfaKAY!G620 -> BOZ-KAY5+6-FF-616 | F6: =IF(H6="","",INT(H6)) | G6: =IF(H6="","",MOD(H6,1)) | H6: =[4]SayfaKAY!H620 | I6: =[4]SayfaKAY!I620 -> Hat/Line | J6: =IF([4]SayfaKAY!J620="","",IF([4]SayfaKAY!J620="Müşteri","Notified by Customer","Notified by Bozankaya")) -> Notified by Customer | K6: =VLOOKUP([4]SayfaKAY!L620,#REF!,2,FALSE) -> #REF! | L6: =[4]SayfaKAY!X620 -> FATİH OTOMOTIV SAN TIC LTD STI | M6: =IF( E6="", "", A6&"-"&E6) -> KAY5+6-BOZ-KAY5+6-FF-616 | N6: =[4]SayfaKAY!M620 -> CA KABİN KORNA HAVA KAÇIRIYOR YETERSİZ | O6: =[4]SayfaKAY!P620 -> D-Arıza değil | P6: =[4]SayfaKAY!Q620 -> B(Servisten çekmeye etki eden arıza) | Q6: =[4]SayfaKAY!R620 -> N.A(Yaralanma yok) | R6: {=IF([4]SayfaKAY!U620="","",_xlfn.IFS([4]SayfaKAY!U620="Bozankaya","Bozankaya",[4]SayfaKAY!U620="Müşteri","Customer",[4]SayfaKAY!U620="Tedarikçi","Equipment Supplier"))} -> Equipment Supplier | S6: =[4]SayfaKAY!N620 -> KORNA DEĞİŞİMİ YAPILDI | T6: =[4]SayfaKAY!AD620 -> Ekipman yenisi ile değiştirildi | U6: =[4]SayfaKAY!W620 -> Evet | V6: =[4]SayfaKAY!AZ620 -> 1 | W6: =IF(Y6="","",INT(Y6)) -> 45785 | X6: =IF(Y6="","",TEXT(Y6,"ss:dd")) -> 06:00 | Y6: =[4]SayfaKAY!AE620 -> 45785.25 | Z6: =IF(AB6="","",INT(AB6)) -> 45786 | AA6: =IF(AB6="","",TEXT(AB6,"ss:dd")) -> 07:00 | AB6: =[4]SayfaKAY!BA620 -> 45786.292 | AC6: =IF(AF6="","",(AF6-H6)*24*60) -> #VALUE! | AD6: =IF(AF6="","",INT(AF6)) -> 45786 | AE6: =IF(AF6="","",TEXT(AF6,"ss:dd")) -> 07:00 | AF6: =[4]SayfaKAY!BA620 -> 45786.292 | AG6: =[4]SayfaKAY!S620 -> (III) Farklı Araçlarda Tekrarlayan Arıza | AH6: =IF(P6="A(Hareket etmeyi engelleyen arıza)","Bu Arıza Aracın Servise Verilmesine Engel", IF(P6="B(Servisten çekmeye etki eden arıza)","Bu Arıza Aracın Servise Verilmesine Engel", IF(P6="C(Sisteme etki etmeyen arıza)","Bu Arıza Aracın Servise Verilmesine Engel Değil", IF(P6="D(Arıza Değil)","Bu Arıza Aracın Servise Verilmesine Engel Değil", "")))) -> Bu Arıza Aracın Servise Verilmesine Engel | AI6: =[4]SayfaKAY!AV620 | AJ6: =IF(AL6="","",INT(AL6)) | AK6: =IF(AL6="","",TEXT(AL6,"ss:dd")) | AL6: =[4]SayfaKAY!AX620 | AM6: {=IFERROR(IF(AND(P6<>"D(Arıza Değil)",AH6="Bu Arıza Aracın Servise Verilmesine Engel Değil"), IF(Z6-F6>0,(AB6-Y6)*24*60, IF(OR(AND(G6>$AS$1,G6<$AT$1),AND(G6>$AU$1,G6<$AV$1)), (AF6-H6)*24*60, BH:BH0)), AN6),0)} -> 0 | AN6: =IFERROR(IF(P6<>"D(Arıza Değil)",AC6,0),0) -> 0 | AO6: =[4]SayfaKAY!AG620 | AP6: =[4]SayfaKAY!AI620 | AQ6: =[4]SayfaKAY!AQ620 | AR6: =[4]SayfaKAY!AH620 | AS6: =[4]SayfaKAY!AJ620 | AT6: =[4]SayfaKAY!AM620 | AU6: =[4]SayfaKAY!AL620 | AV6: =[4]SayfaKAY!AP620 | AW6: =[4]SayfaKAY!AT620 | AX6: =IF(V6="","",V6*AC6*BC$1) -> #VALUE! | BB6: =IF($AQ$1="X", IF(AND(G6>=$AS$1,G6<=$AT$1),IF(P6<>"D(Arıza Değil)",AC6,0), IF(AND(G6>=$AU$1,G6<=$AV$1),IF(P6<>"D(Arıza Değil)",AC6,0), "")), "") | BH6: =IFERROR(FRACAS!AN623, "Hata Var") -> 1109 | BK6: =[4]SayfaKAY!AW620 | BL6: =[4]SayfaKAY!V620 -> Bozankaya | BN6: =IF($AQ$1="X", IF(AND(G6>=$AS$1,G6<=$AT$1),IF(P6<>"D(Arıza Değil",AC6,0),IF(AND(G6>=$AU$1,G6<=$AV$1),IF(P6<>"D:Arıza Değil",AC6,0), "x var")), "x yok") -> x yok | BO6: =IF(OR(AND(G6>$AS$1,G6<$AT$1),AND(G6>$AU$1,G6<$AV$1)),"aynı gün giderilen arıza") -> FALSE | BP6: =IF(Z6-F6>0,"Bir günden fazla süren arıza",IF(OR(AND(G6>$AS$1,G6<$AT$1),AND(G6>$AU$1,G6<$AV$1)),"aynı gün giderilen arıza")) -> #VALUE! | BQ6: =(Y6-H6)*24*60 -> #VALUE! | BR6: =(AB6-Y6)*24*60 -> 1500 | BS6: =(AF6-H6)*24*60 -> #VALUE! | BV6: =COUNTIFS(B$5:B$9980,B6,H$5:H$9980,"<="&AF6,AF$5:AF$9980,">="&H6)-1 -> -1 | BW6: =IF(COUNTIFS(B$5:B$9980,B6,H$5:H$9980,"<="&AF6,AF$5:AF$9980,">="&H6)>1,"Evet, çakışma var","Hayır, çakışma yok") -> Hayır, çakışma yok | BY6: =Y6-H6 -> #VALUE! | BZ6: =AB6-Y6 -> 1.0416667 | CA6: =AB6-H6 -> #VALUE! | CE6: 619 | CF6: =H6 | CG6: =AB6 -> 45786.292 | CK6: =AB6-Y6 -> 1.0416667 | CL6: =Y6-H6 -> #VALUE! | CM6: =AB6-H6 -> #VALUE! | CO6: =AC6 -> #VALUE! | CP6: =CU6/24 -> 62.5 | CQ6: =G6 | CR6: =Y6 -> 45785.25 | CS6: =AB6 -> 45786.292 | CT6: =(CR6-CQ6)*1440 -> #VALUE! | CU6: =(CS6-CR6)*1440 -> 1500 | CV6: =(CS6-CQ6)*1440 -> #VALUE! | CW6: =CT6/CV6 -> #VALUE!
A7: =[4]SayfaKAY!C622 -> KAY5+6 | B7: =[4]SayfaKAY!D622 -> 3872(1) | C7: =[4]SayfaKAY!E622 -> MA | D7: =[4]SayfaKAY!F622 -> 128 | E7: =[4]SayfaKAY!G622 -> BOZ-KAY5+6-FF-617 | F7: =IF(H7="","",INT(H7)) | G7: =IF(H7="","",MOD(H7,1)) | H7: =[4]SayfaKAY!H622 | I7: =[4]SayfaKAY!I622 -> Hat/Line | J7: =IF([4]SayfaKAY!J622="","",IF([4]SayfaKAY!J622="Müşteri","Notified by Customer","Notified by Bozankaya")) -> Notified by Customer | K7: =VLOOKUP([4]SayfaKAY!L622,#REF!,2,FALSE) -> #REF! | L7: =[4]SayfaKAY!X622 -> GREBO OTOMOTİV SANAYİ A.Ş | M7: =IF( E7="", "", A7&"-"&E7) -> KAY5+6-BOZ-KAY5+6-FF-617 | N7: =[4]SayfaKAY!M622 -> 3872 NOLU ARAÇ KABİN CA KAPI İÇERDEN KİLİTLENMİYOR | O7: =[4]SayfaKAY!P622 -> D-Arıza değil | P7: =[4]SayfaKAY!Q622 -> C(Sisteme etki etmeyen arıza) | Q7: =[4]SayfaKAY!R622 -> N.A(Yaralanma yok) | R7: {=IF([4]SayfaKAY!U622="","",_xlfn.IFS([4]SayfaKAY!U622="Bozankaya","Bozankaya",[4]SayfaKAY!U622="Müşteri","Customer",[4]SayfaKAY!U622="Tedarikçi","Equipment Supplier"))} -> Equipment Supplier | S7: =[4]SayfaKAY!N622 -> İÇERDEN KİLİTLEME BRAKET DEĞİŞİMİ VE ONARIMI YAPILDI | T7: =[4]SayfaKAY!AD622 -> Gevşek bağlantı vidaları sıkıldı | U7: =[4]SayfaKAY!W622 | V7: =[4]SayfaKAY!AZ622 | W7: =IF(Y7="","",INT(Y7)) -> 45784 | X7: =IF(Y7="","",TEXT(Y7,"ss:dd")) -> 09:39 | Y7: =[4]SayfaKAY!AE622 -> 45784.402 | Z7: =IF(AB7="","",INT(AB7)) -> 45786 | AA7: =IF(AB7="","",TEXT(AB7,"ss:dd")) -> 12:00 | AB7: =[4]SayfaKAY!BA622 -> 45786.5 | AC7: =IF(AF7="","",(AF7-H7)*24*60) -> #VALUE! | AD7: =IF(AF7="","",INT(AF7)) -> 45786 | AE7: =IF(AF7="","",TEXT(AF7,"ss:dd")) -> 12:00 | AF7: =[4]SayfaKAY!BA622 -> 45786.5 | AG7: =[4]SayfaKAY!S622 -> (III) Farklı Araçlarda Tekrarlayan Arıza | AH7: =IF(P7="A(Hareket etmeyi engelleyen arıza)","Bu Arıza Aracın Servise Verilmesine Engel", IF(P7="B(Servisten çekmeye etki eden arıza)","Bu Arıza Aracın Servise Verilmesine Engel", IF(P7="C(Sisteme etki etmeyen arıza)","Bu Arıza Aracın Servise Verilmesine Engel Değil", IF(P7="D(Arıza Değil)","Bu Arıza Aracın Servise Verilmesine Engel Değil", "")))) -> Bu Arıza Aracın Servise Verilmesine Engel Değil | AI7: =[4]SayfaKAY!AV622 | AJ7: =IF(AL7="","",INT(AL7)) | AK7: =IF(AL7="","",TEXT(AL7,"ss:dd")) | AL7: =[4]SayfaKAY!AX622 | AM7: {=IFERROR(IF(AND(P7<>"D(Arıza Değil)",AH7="Bu Arıza Aracın Servise Verilmesine Engel Değil"), IF(Z7-F7>0,(AB7-Y7)*24*60, IF(OR(AND(G7>$AS$1,G7<$AT$1),AND(G7>$AU$1,G7<$AV$1)), (AF7-H7)*24*60, BH:BH0)), AN7),0)} -> 0 | AN7: =IFERROR(IF(P7<>"D(Arıza Değil)",AC7,0),0) -> 0 | AO7: =[4]SayfaKAY!AG622 -> GREBO OTOMOTİV SANAYİ A.Ş | AP7: =[4]SayfaKAY!AI622 -> T110-7469 | AQ7: =[4]SayfaKAY!AQ622 | AR7: =[4]SayfaKAY!AH622 -> SÜRÜCÜ KAPI KARKASI | AS7: =[4]SayfaKAY!AJ622 | AT7: =[4]SayfaKAY!AM622 | AU7: =[4]SayfaKAY!AL622 | AV7: =[4]SayfaKAY!AP622 | AW7: =[4]SayfaKAY!AT622 | AX7: =IF(V7="","",V7*AC7*BC$1) | BB7: =IF($AQ$1="X", IF(AND(G7>=$AS$1,G7<=$AT$1),IF(P7<>"D(Arıza Değil)",AC7,0), IF(AND(G7>=$AU$1,G7<=$AV$1),IF(P7<>"D(Arıza Değil)",AC7,0), "")), "") | BH7: =IFERROR(FRACAS!AN625, "Hata Var") -> 150 | BK7: =[4]SayfaKAY!AW622 | BL7: =[4]SayfaKAY!V622 -> Bozankaya | BN7: =IF($AQ$1="X", IF(AND(G7>=$AS$1,G7<=$AT$1),IF(P7<>"D(Arıza Değil",AC7,0),IF(AND(G7>=$AU$1,G7<=$AV$1),IF(P7<>"D:Arıza Değil",AC7,0), "x var")), "x yok") -> x yok | BO7: =IF(OR(AND(G7>$AS$1,G7<$AT$1),AND(G7>$AU$1,G7<$AV$1)),"aynı gün giderilen arıza") -> FALSE | BP7: =IF(Z7-F7>0,"Bir günden fazla süren arıza",IF(OR(AND(G7>$AS$1,G7<$AT$1),AND(G7>$AU$1,G7<$AV$1)),"aynı gün giderilen arıza")) -> #VALUE! | BQ7: =(Y7-H7)*24*60 -> #VALUE! | BR7: =(AB7-Y7)*24*60 -> 3021 | BS7: =(AF7-H7)*24*60 -> #VALUE! | BV7: =COUNTIFS(B$5:B$9980,B7,H$5:H$9980,"<="&AF7,AF$5:AF$9980,">="&H7)-1 -> -1 | BW7: =IF(COUNTIFS(B$5:B$9980,B7,H$5:H$9980,"<="&AF7,AF$5:AF$9980,">="&H7)>1,"Evet, çakışma var","Hayır, çakışma yok") -> Hayır, çakışma yok | BY7: =Y7-H7 -> #VALUE! | BZ7: =AB7-Y7 -> 2.0979167 | CA7: =AB7-H7 -> #VALUE! | CE7: 621 | CF7: =H7 | CG7: =AB7 -> 45786.5 | CK7: =AB7-Y7 -> 2.0979167 | CL7: =Y7-H7 -> #VALUE! | CM7: =AB7-H7 -> #VALUE! | CO7: =AC7 -> #VALUE! | CP7: =CU7/24 -> 125.875 | CQ7: =G7 | CR7: =Y7 -> 45784.402 | CS7: =AB7 -> 45786.5 | CT7: =(CR7-CQ7)*1440 -> #VALUE! | CU7: =(CS7-CR7)*1440 -> 3021 | CV7: =(CS7-CQ7)*1440 -> #VALUE! | CW7: =CT7/CV7 -> #VALUE!
A8: =[4]SayfaKAY!C624 -> KAY5+6 | B8: =[4]SayfaKAY!D624 -> 3879(8) | C8: =[4]SayfaKAY!E624 -> MB | D8: =[4]SayfaKAY!F624 -> 103.5 | E8: =[4]SayfaKAY!G624 -> BOZ-KAY5+6-FF-618 | F8: =IF(H8="","",INT(H8)) | G8: =IF(H8="","",MOD(H8,1)) | H8: =[4]SayfaKAY!H624 | I8: =[4]SayfaKAY!I624 -> Hat/Line | J8: =IF([4]SayfaKAY!J624="","",IF([4]SayfaKAY!J624="Müşteri","Notified by Customer","Notified by Bozankaya")) -> Notified by Customer | K8: =VLOOKUP([4]SayfaKAY!L624,#REF!,2,FALSE) -> #REF! | L8: =[4]SayfaKAY!X624 -> KNORR-BREMSE GMBH DİVİSİON IFE AUTO | M8: =IF( E8="", "", A8&"-"&E8) -> KAY5+6-BOZ-KAY5+6-FF-618 | N8: =[4]SayfaKAY!M624 -> 12 NUMARALI KAPI KAPANMADIĞI İÇİN İZOLE EDİLDİ | O8: =[4]SayfaKAY!P624 -> B-Hız veya güç azalması | P8: =[4]SayfaKAY!Q624 -> B(Servisten çekmeye etki eden arıza) | Q8: =[4]SayfaKAY!R624 -> N.A(Yaralanma yok) | R8: {=IF([4]SayfaKAY!U624="","",_xlfn.IFS([4]SayfaKAY!U624="Bozankaya","Bozankaya",[4]SayfaKAY!U624="Müşteri","Customer",[4]SayfaKAY!U624="Tedarikçi","Equipment Supplier"))} -> Equipment Supplier | S8: =[4]SayfaKAY!N624 -> HASSAS KENAR KABLOSU ZEDELENMİŞ,LEHİMLENDİ | T8: =[4]SayfaKAY!AD624 -> Ekipman yenisi ile değiştirildi | U8: =[4]SayfaKAY!W624 | V8: =[4]SayfaKAY!AZ624 | W8: =IF(Y8="","",INT(Y8)) -> 45781 | X8: =IF(Y8="","",TEXT(Y8,"ss:dd")) -> 04:25 | Y8: =[4]SayfaKAY!AE624 -> 45781.184 | Z8: =IF(AB8="","",INT(AB8)) -> 45782 | AA8: =IF(AB8="","",TEXT(AB8,"ss:dd")) -> 06:38 | AB8: =[4]SayfaKAY!BA624 -> 45782.276 | AC8: =IF(AF8="","",(AF8-H8)*24*60) -> #VALUE! | AD8: =IF(AF8="","",INT(AF8)) -> 45782 | AE8: =IF(AF8="","",TEXT(AF8,"ss:dd")) -> 06:38 | AF8: =[4]SayfaKAY!BA624 -> 45782.276 | AG8: =[4]SayfaKAY!S624 -> (III) Farklı Araçlarda Tekrarlayan Arıza | AH8: =IF(P8="A(Hareket etmeyi engelleyen arıza)","Bu Arıza Aracın Servise Verilmesine Engel", IF(P8="B(Servisten çekmeye etki eden arıza)","Bu Arıza Aracın Servise Verilmesine Engel", IF(P8="C(Sisteme etki etmeyen arıza)","Bu Arıza Aracın Servise Verilmesine Engel Değil", IF(P8="D(Arıza Değil)","Bu Arıza Aracın Servise Verilmesine Engel Değil", "")))) -> Bu Arıza Aracın Servise Verilmesine Engel | AI8: =[4]SayfaKAY!AV624 | AJ8: =IF(AL8="","",INT(AL8)) | AK8: =IF(AL8="","",TEXT(AL8,"ss:dd")) | AL8: =[4]SayfaKAY!AX624 | AM8: {=IFERROR(IF(AND(P8<>"D(Arıza Değil)",AH8="Bu Arıza Aracın Servise Verilmesine Engel Değil"), IF(Z8-F8>0,(AB8-Y8)*24*60, IF(OR(AND(G8>$AS$1,G8<$AT$1),AND(G8>$AU$1,G8<$AV$1)), (AF8-H8)*24*60, BH:BH0)), AN8),0)} -> 0 | AN8: =IFERROR(IF(P8<>"D(Arıza Değil)",AC8,0),0) -> 0 | AO8: =[4]SayfaKAY!AG624 | AP8: =[4]SayfaKAY!AI624 | AQ8: =[4]SayfaKAY!AQ624 | AR8: =[4]SayfaKAY!AH624 | AS8: =[4]SayfaKAY!AJ624 | AT8: =[4]SayfaKAY!AM624 | AU8: =[4]SayfaKAY!AL624 | AV8: =[4]SayfaKAY!AP624 | AW8: =[4]SayfaKAY!AT624 | AX8: =IF(V8="","",V8*AC8*BC$1) | BB8: =IF($AQ$1="X", IF(AND(G8>=$AS$1,G8<=$AT$1),IF(P8<>"D(Arıza Değil)",AC8,0), IF(AND(G8>=$AU$1,G8<=$AV$1),IF(P8<>"D(Arıza Değil)",AC8,0), "")), "") | BH8: =IFERROR(FRACAS!AN627, "Hata Var") -> 240 | BK8: =[4]SayfaKAY!AW624 | BL8: =[4]SayfaKAY!V624 -> KNORR-BREMSE GMBH DİVİSİON IFE AUTO | BN8: =IF($AQ$1="X", IF(AND(G8>=$AS$1,G8<=$AT$1),IF(P8<>"D(Arıza Değil",AC8,0),IF(AND(G8>=$AU$1,G8<=$AV$1),IF(P8<>"D:Arıza Değil",AC8,0), "x var")), "x yok") -> x yok | BO8: =IF(OR(AND(G8>$AS$1,G8<$AT$1),AND(G8>$AU$1,G8<$AV$1)),"aynı gün giderilen arıza") -> FALSE | BP8: =IF(Z8-F8>0,"Bir günden fazla süren arıza",IF(OR(AND(G8>$AS$1,G8<$AT$1),AND(G8>$AU$1,G8<$AV$1)),"aynı gün giderilen arıza")) -> #VALUE! | BQ8: =(Y8-H8)*24*60 -> #VALUE! | BR8: =(AB8-Y8)*24*60 -> 1573 | BS8: =(AF8-H8)*24*60 -> #VALUE! | BV8: =COUNTIFS(B$5:B$9980,B8,H$5:H$9980,"<="&AF8,AF$5:AF$9980,">="&H8)-1 -> -1 | BW8: =IF(COUNTIFS(B$5:B$9980,B8,H$5:H$9980,"<="&AF8,AF$5:AF$9980,">="&H8)>1,"Evet, çakışma var","Hayır, çakışma yok") -> Hayır, çakışma yok | BY8: =Y8-H8 -> #VALUE! | BZ8: =AB8-Y8 -> 1.0923611 | CA8: =AB8-H8 -> #VALUE! | CE8: 623 | CF8: =H8 | CG8: =AB8 -> 45782.276 | CK8: =AB8-Y8 -> 1.0923611 | CL8: =Y8-H8 -> #VALUE! | CM8: =AB8-H8 -> #VALUE! | CO8: =AC8 -> #VALUE! | CP8: =CU8/24 -> 65.541667 | CQ8: =G8 | CR8: =Y8 -> 45781.184 | CS8: =AB8 -> 45782.276 | CT8: =(CR8-CQ8)*1440 -> #VALUE! | CU8: =(CS8-CR8)*1440 -> 1573 | CV8: =(CS8-CQ8)*1440 -> #VALUE! | CW8: =CT8/CV8 -> #VALUE!
A9: =[4]SayfaKAY!C692 -> KAY5+6 | B9: =[4]SayfaKAY!D692 -> 3874(3) | C9: =[4]SayfaKAY!E692 -> MB | D9: =[4]SayfaKAY!F692 -> 110620 | E9: =[4]SayfaKAY!G692 -> BOZ-KAY5+6-FF-679 | F9: =IF(H9="","",INT(H9)) | G9: =IF(H9="","",MOD(H9,1)) | H9: =[4]SayfaKAY!H692 | I9: =[4]SayfaKAY!I692 -> Hat/Line | J9: =IF([4]SayfaKAY!J692="","",IF([4]SayfaKAY!J692="Müşteri","Notified by Customer","Notified by Bozankaya")) -> Notified by Customer | K9: =VLOOKUP([4]SayfaKAY!L692,#REF!,2,FALSE) -> #REF! | L9: =[4]SayfaKAY!X692 -> ELTESAN ELEKTRO MEKANİK SOĞUTMA SAN | M9: =IF( E9="", "", A9&"-"&E9) -> KAY5+6-BOZ-KAY5+6-FF-679 | N9: =[4]SayfaKAY!M692 -> Kabin soğuk | O9: =[4]SayfaKAY!P692 -> C-Uyarı, sürüş devamlılığı | P9: =[4]SayfaKAY!Q692 -> B(Servisten çekmeye etki eden arıza) | Q9: =[4]SayfaKAY!R692 -> N.A(Yaralanma yok) | R9: {=IF([4]SayfaKAY!U692="","",_xlfn.IFS([4]SayfaKAY!U692="Bozankaya","Bozankaya",[4]SayfaKAY!U692="Müşteri","Customer",[4]SayfaKAY!U692="Tedarikçi","Equipment Supplier"))} -> Equipment Supplier | S9: =[4]SayfaKAY!N692 -> Sensör(kabin içi) modifikasyonu yapıldı | T9: =[4]SayfaKAY!AD692 -> Yazılım tekrar yüklendi | U9: =[4]SayfaKAY!W692 -> Evet | V9: =[4]SayfaKAY!AZ692 -> 2 | W9: =IF(Y9="","",INT(Y9)) -> 45628 | X9: =IF(Y9="","",TEXT(Y9,"ss:dd")) -> 05:00 | Y9: =[4]SayfaKAY!AE692 -> 45628.208 | Z9: =IF(AB9="","",INT(AB9)) -> 45629 | AA9: =IF(AB9="","",TEXT(AB9,"ss:dd")) -> 08:00 | AB9: =[4]SayfaKAY!BA692 -> 45629.333 | AC9: =IF(AF9="","",(AF9-H9)*24*60) -> #VALUE! | AD9: =IF(AF9="","",INT(AF9)) -> 45629 | AE9: =IF(AF9="","",TEXT(AF9,"ss:dd")) -> 08:00 | AF9: =[4]SayfaKAY!BA692 -> 45629.333 | AG9: =[4]SayfaKAY!S692 -> (III) Farklı Araçlarda Tekrarlayan Arıza | AH9: =IF(P9="A(Hareket etmeyi engelleyen arıza)","Bu Arıza Aracın Servise Verilmesine Engel", IF(P9="B(Servisten çekmeye etki eden arıza)","Bu Arıza Aracın Servise Verilmesine Engel", IF(P9="C(Sisteme etki etmeyen arıza)","Bu Arıza Aracın Servise Verilmesine Engel Değil", IF(P9="D(Arıza Değil)","Bu Arıza Aracın Servise Verilmesine Engel Değil", "")))) -> Bu Arıza Aracın Servise Verilmesine Engel | AI9: =[4]SayfaKAY!AV692 | AJ9: =IF(AL9="","",INT(AL9)) | AK9: =IF(AL9="","",TEXT(AL9,"ss:dd")) | AL9: =[4]SayfaKAY!AX692 | AM9: {=IFERROR(IF(AND(P9<>"D(Arıza Değil)",AH9="Bu Arıza Aracın Servise Verilmesine Engel Değil"), IF(Z9-F9>0,(AB9-Y9)*24*60, IF(OR(AND(G9>$AS$1,G9<$AT$1),AND(G9>$AU$1,G9<$AV$1)), (AF9-H9)*24*60, BH:BH0)), AN9),0)} -> 0 | AN9: =IFERROR(IF(P9<>"D(Arıza Değil)",AC9,0),0) -> 0 | AO9: =[4]SayfaKAY!AG692 | AP9: =[4]SayfaKAY!AI692 | AQ9: =[4]SayfaKAY!AQ692 | AR9: =[4]SayfaKAY!AH692 | AS9: =[4]SayfaKAY!AJ692 | AT9: =[4]SayfaKAY!AM692 | AU9: =[4]SayfaKAY!AL692 | AV9: =[4]SayfaKAY!AP692 | AW9: =[4]SayfaKAY!AT692 | AX9: =IF(V9="","",V9*AC9*BC$1) -> #VALUE! | BB9: =IF($AQ$1="X", IF(AND(G9>=$AS$1,G9<=$AT$1),IF(P9<>"D(Arıza Değil)",AC9,0), IF(AND(G9>=$AU$1,G9<=$AV$1),IF(P9<>"D(Arıza Değil)",AC9,0), "")), "") | BH9: =IFERROR(FRACAS!AN695, "Hata Var") -> 1485 | BK9: =[4]SayfaKAY!AW692 | BL9: =[4]SayfaKAY!V692 -> ELTESAN ELEKTRO MEKANİK SOĞUTMA SAN | BN9: =IF($AQ$1="X", IF(AND(G9>=$AS$1,G9<=$AT$1),IF(P9<>"D(Arıza Değil",AC9,0),IF(AND(G9>=$AU$1,G9<=$AV$1),IF(P9<>"D:Arıza Değil",AC9,0), "x var")), "x yok") -> x yok | BO9: =IF(OR(AND(G9>$AS$1,G9<$AT$1),AND(G9>$AU$1,G9<$AV$1)),"aynı gün giderilen arıza") -> FALSE | BP9: =IF(Z9-F9>0,"Bir günden fazla süren arıza",IF(OR(AND(G9>$AS$1,G9<$AT$1),AND(G9>$AU$1,G9<$AV$1)),"aynı gün giderilen arıza")) -> #VALUE! | BQ9: =(Y9-H9)*24*60 -> #VALUE! | BR9: =(AB9-Y9)*24*60 -> 1620 | BS9: =(AF9-H9)*24*60 -> #VALUE! | BV9: =COUNTIFS(B$5:B$9980,B9,H$5:H$9980,"<="&AF9,AF$5:AF$9980,">="&H9)-1 -> -1 | BW9: =IF(COUNTIFS(B$5:B$9980,B9,H$5:H$9980,"<="&AF9,AF$5:AF$9980,">="&H9)>1,"Evet, çakışma var","Hayır, çakışma yok") -> Hayır, çakışma yok | BY9: =Y9-H9 -> #VALUE! | BZ9: =AB9-Y9 -> 1.125 | CA9: =AB9-H9 -> #VALUE! | CE9: 691 | CF9: =H9 | CG9: =AB9 -> 45629.333 | CK9: =AB9-Y9 -> 1.125 | CL9: =Y9-H9 -> #VALUE! | CM9: =AB9-H9 -> #VALUE! | CO9: =AC9 -> #VALUE! | CP9: =CU9/24 -> 67.5 | CQ9: =G9 | CR9: =Y9 -> 45628.208 | CS9: =AB9 -> 45629.333 | CT9: =(CR9-CQ9)*1440 -> #VALUE! | CU9: =(CS9-CR9)*1440 -> 1620 | CV9: =(CS9-CQ9)*1440 -> #VALUE! | CW9: =CT9/CV9 -> #VALUE!
A10: =[4]SayfaKAY!C843 | B10: =[4]SayfaKAY!D843 | C10: =[4]SayfaKAY!E843 | D10: =[4]SayfaKAY!F843 | E10: =[4]SayfaKAY!G843 | F10: =IF(H10="","",INT(H10)) | G10: =IF(H10="","",MOD(H10,1)) | H10: =[4]SayfaKAY!H843 | I10: =[4]SayfaKAY!I843 | J10: =IF([4]SayfaKAY!J843="","",IF([4]SayfaKAY!J843="Müşteri","Notified by Customer","Notified by Bozankaya")) | K10: =VLOOKUP([4]SayfaKAY!L843,#REF!,2,FALSE) -> #REF! | L10: =[4]SayfaKAY!X843 | M10: =IF( E10="", "", A10&"-"&E10) | N10: =[4]SayfaKAY!M843 | O10: =[4]SayfaKAY!P843 | P10: =[4]SayfaKAY!Q843 | Q10: =[4]SayfaKAY!R843 | R10: {=IF([4]SayfaKAY!U843="","",_xlfn.IFS([4]SayfaKAY!U843="Bozankaya","Bozankaya",[4]SayfaKAY!U843="Müşteri","Customer",[4]SayfaKAY!U843="Tedarikçi","Equipment Supplier"))} | S10: =[4]SayfaKAY!N843 | T10: =[4]SayfaKAY!AD843 | U10: =[4]SayfaKAY!W843 | V10: =[4]SayfaKAY!AZ843 | W10: =IF(Y10="","",INT(Y10)) | X10: =IF(Y10="","",TEXT(Y10,"ss:dd")) | Y10: =[4]SayfaKAY!AE843 | Z10: =IF(AB10="","",INT(AB10)) | AA10: =IF(AB10="","",TEXT(AB10,"ss:dd")) | AB10: =[4]SayfaKAY!BA843 | AC10: =IF(AF10="","",(AF10-H10)*24*60) | AD10: =IF(AF10="","",INT(AF10)) | AE10: =IF(AF10="","",TEXT(AF10,"ss:dd")) | AF10: =[4]SayfaKAY!BA843 | AG10: =[4]SayfaKAY!S843 | AH10: =IF(P10="A(Hareket etmeyi engelleyen arıza)","Bu Arıza Aracın Servise Verilmesine Engel", IF(P10="B(Servisten çekmeye etki eden arıza)","Bu Arıza Aracın Servise Verilmesine Engel", IF(P10="C(Sisteme etki etmeyen arıza)","Bu Arıza Aracın Servise Verilmesine Engel Değil", IF(P10="D(Arıza Değil)","Bu Arıza Aracın Servise Verilmesine Engel Değil", "")))) | AI10: =[4]SayfaKAY!AV843 | AJ10: =IF(AL10="","",INT(AL10)) | AK10: =IF(AL10="","",TEXT(AL10,"ss:dd")) | AL10: =[4]SayfaKAY!AX843 | AM10: {=IFERROR(IF(AND(P10<>"D(Arıza Değil)",AH10="Bu Arıza Aracın Servise Verilmesine Engel Değil"), IF(Z10-F10>0,(AB10-Y10)*24*60, IF(OR(AND(G10>$AS$1,G10<$AT$1),AND(G10>$AU$1,G10<$AV$1)), (AF10-H10)*24*60, BH:BH0)), AN10),0)} | AN10: =IFERROR(IF(P10<>"D(Arıza Değil)",AC10,0),0) | AO10: =[4]SayfaKAY!AG843 | AP10: =[4]SayfaKAY!AI843 | AQ10: =[4]SayfaKAY!AQ843 | AR10: =[4]SayfaKAY!AH843 | AS10: =[4]SayfaKAY!AJ843 | AT10: =[4]SayfaKAY!AM843 | AU10: =[4]SayfaKAY!AL843 | AV10: =[4]SayfaKAY!AP843 | AW10: =[4]SayfaKAY!AT843 | AX10: =IF(V10="","",V10*AC10*BC$1) | BB10: =IF($AQ$1="X", IF(AND(G10>=$AS$1,G10<=$AT$1),IF(P10<>"D(Arıza Değil)",AC10,0), IF(AND(G10>=$AU$1,G10<=$AV$1),IF(P10<>"D(Arıza Değil)",AC10,0), "")), "") | BH10: =IFERROR(FRACAS!AN846, "Hata Var") -> 91 | BK10: =[4]SayfaKAY!AW843 | BL10: =[4]SayfaKAY!V843 | BN10: =IF($AQ$1="X", IF(AND(G10>=$AS$1,G10<=$AT$1),IF(P10<>"D(Arıza Değil",AC10,0),IF(AND(G10>=$AU$1,G10<=$AV$1),IF(P10<>"D:Arıza Değil",AC10,0), "x var")), "x yok") -> x yok | BO10: =IF(OR(AND(G10>$AS$1,G10<$AT$1),AND(G10>$AU$1,G10<$AV$1)),"aynı gün giderilen arıza") -> FALSE | BP10: =IF(Z10-F10>0,"Bir günden fazla süren arıza",IF(OR(AND(G10>$AS$1,G10<$AT$1),AND(G10>$AU$1,G10<$AV$1)),"aynı gün giderilen arıza")) -> #VALUE! | BQ10: =(Y10-H10)*24*60 -> #VALUE! | BR10: =(AB10-Y10)*24*60 -> #VALUE! | BS10: =(AF10-H10)*24*60 -> #VALUE! | BV10: =COUNTIFS(B$5:B$9980,B10,H$5:H$9980,"<="&AF10,AF$5:AF$9980,">="&H10)-1 -> -1 | BW10: =IF(COUNTIFS(B$5:B$9980,B10,H$5:H$9980,"<="&AF10,AF$5:AF$9980,">="&H10)>1,"Evet, çakışma var","Hayır, çakışma yok") -> Hayır, çakışma yok | BY10: =Y10-H10 -> #VALUE! | BZ10: =AB10-Y10 -> #VALUE! | CA10: =AB10-H10 -> #VALUE! | CE10: 842 | CF10: =H10 | CG10: =AB10 | CK10: =AB10-Y10 -> #VALUE! | CL10: =Y10-H10 -> #VALUE! | CM10: =AB10-H10 -> #VALUE! | CO10: =AC10 | CP10: =CU10/24 -> #VALUE! | CQ10: =G10 | CR10: =Y10 | CS10: =AB10 | CT10: =(CR10-CQ10)*1440 -> #VALUE! | CU10: =(CS10-CR10)*1440 -> #VALUE! | CV10: =(CS10-CQ10)*1440 -> #VALUE! | CW10: =CT10/CV10 -> #VALUE!
A11: =[4]SayfaKAY!C844 | B11: =[4]SayfaKAY!D844 | C11: =[4]SayfaKAY!E844 | D11: =[4]SayfaKAY!F844 | E11: =[4]SayfaKAY!G844 | F11: =IF(H11="","",INT(H11)) | G11: =IF(H11="","",MOD(H11,1)) | H11: =[4]SayfaKAY!H844 | I11: =[4]SayfaKAY!I844 | J11: =IF([4]SayfaKAY!J844="","",IF([4]SayfaKAY!J844="Müşteri","Notified by Customer","Notified by Bozankaya")) | K11: =VLOOKUP([4]SayfaKAY!L844,#REF!,2,FALSE) -> #REF! | L11: =[4]SayfaKAY!X844 | M11: =IF( E11="", "", A11&"-"&E11) | N11: =[4]SayfaKAY!M844 | O11: =[4]SayfaKAY!P844 | P11: =[4]SayfaKAY!Q844 | Q11: =[4]SayfaKAY!R844 | R11: {=IF([4]SayfaKAY!U844="","",_xlfn.IFS([4]SayfaKAY!U844="Bozankaya","Bozankaya",[4]SayfaKAY!U844="Müşteri","Customer",[4]SayfaKAY!U844="Tedarikçi","Equipment Supplier"))} | S11: =[4]SayfaKAY!N844 | T11: =[4]SayfaKAY!AD844 | U11: =[4]SayfaKAY!W844 | V11: =[4]SayfaKAY!AZ844 | W11: =IF(Y11="","",INT(Y11)) | X11: =IF(Y11="","",TEXT(Y11,"ss:dd")) | Y11: =[4]SayfaKAY!AE844 | Z11: =IF(AB11="","",INT(AB11)) | AA11: =IF(AB11="","",TEXT(AB11,"ss:dd")) | AB11: =[4]SayfaKAY!BA844 | AC11: =IF(AF11="","",(AF11-H11)*24*60) | AD11: =IF(AF11="","",INT(AF11)) | AE11: =IF(AF11="","",TEXT(AF11,"ss:dd")) | AF11: =[4]SayfaKAY!BA844 | AG11: =[4]SayfaKAY!S844 | AH11: =IF(P11="A(Hareket etmeyi engelleyen arıza)","Bu Arıza Aracın Servise Verilmesine Engel", IF(P11="B(Servisten çekmeye etki eden arıza)","Bu Arıza Aracın Servise Verilmesine Engel", IF(P11="C(Sisteme etki etmeyen arıza)","Bu Arıza Aracın Servise Verilmesine Engel Değil", IF(P11="D(Arıza Değil)","Bu Arıza Aracın Servise Verilmesine Engel Değil", "")))) | AI11: =[4]SayfaKAY!AV844 | AJ11: =IF(AL11="","",INT(AL11)) | AK11: =IF(AL11="","",TEXT(AL11,"ss:dd")) | AL11: =[4]SayfaKAY!AX844 | AM11: {=IFERROR(IF(AND(P11<>"D(Arıza Değil)",AH11="Bu Arıza Aracın Servise Verilmesine Engel Değil"), IF(Z11-F11>0,(AB11-Y11)*24*60, IF(OR(AND(G11>$AS$1,G11<$AT$1),AND(G11>$AU$1,G11<$AV$1)), (AF11-H11)*24*60, BH:BH0)), AN11),0)} | AN11: =IFERROR(IF(P11<>"D(Arıza Değil)",AC11,0),0) | AO11: =[4]SayfaKAY!AG844 | AP11: =[4]SayfaKAY!AI844 | AQ11: =[4]SayfaKAY!AQ844 | AR11: =[4]SayfaKAY!AH844 | AS11: =[4]SayfaKAY!AJ844 | AT11: =[4]SayfaKAY!AM844 | AU11: =[4]SayfaKAY!AL844 | AV11: =[4]SayfaKAY!AP844 | AW11: =[4]SayfaKAY!AT844 | AX11: =IF(V11="","",V11*AC11*BC$1) | BB11: =IF($AQ$1="X", IF(AND(G11>=$AS$1,G11<=$AT$1),IF(P11<>"D(Arıza Değil)",AC11,0), IF(AND(G11>=$AU$1,G11<=$AV$1),IF(P11<>"D(Arıza Değil)",AC11,0), "")), "") | BH11: =IFERROR(FRACAS!AN847, "Hata Var") -> 676 | BK11: =[4]SayfaKAY!AW844 | BL11: =[4]SayfaKAY!V844 | BN11: =IF($AQ$1="X", IF(AND(G11>=$AS$1,G11<=$AT$1),IF(P11<>"D(Arıza Değil",AC11,0),IF(AND(G11>=$AU$1,G11<=$AV$1),IF(P11<>"D:Arıza Değil",AC11,0), "x var")), "x yok") -> x yok | BO11: =IF(OR(AND(G11>$AS$1,G11<$AT$1),AND(G11>$AU$1,G11<$AV$1)),"aynı gün giderilen arıza") -> FALSE | BP11: =IF(Z11-F11>0,"Bir günden fazla süren arıza",IF(OR(AND(G11>$AS$1,G11<$AT$1),AND(G11>$AU$1,G11<$AV$1)),"aynı gün giderilen arıza")) -> #VALUE! | BQ11: =(Y11-H11)*24*60 -> #VALUE! | BR11: =(AB11-Y11)*24*60 -> #VALUE! | BS11: =(AF11-H11)*24*60 -> #VALUE! | BV11: =COUNTIFS(B$5:B$9980,B11,H$5:H$9980,"<="&AF11,AF$5:AF$9980,">="&H11)-1 -> -1 | BW11: =IF(COUNTIFS(B$5:B$9980,B11,H$5:H$9980,"<="&AF11,AF$5:AF$9980,">="&H11)>1,"Evet, çakışma var","Hayır, çakışma yok") -> Hayır, çakışma yok | BY11: =Y11-H11 -> #VALUE! | BZ11: =AB11-Y11 -> #VALUE! | CA11: =AB11-H11 -> #VALUE! | CE11: 843 | CF11: =H11 | CG11: =AB11 | CK11: =AB11-Y11 -> #VALUE! | CL11: =Y11-H11 -> #VALUE! | CM11: =AB11-H11 -> #VALUE! | CO11: =AC11 | CP11: =CU11/24 -> #VALUE! | CQ11: =G11 | CR11: =Y11 | CS11: =AB11 | CT11: =(CR11-CQ11)*1440 -> #VALUE! | CU11: =(CS11-CR11)*1440 -> #VALUE! | CV11: =(CS11-CQ11)*1440 -> #VALUE! | CW11: =CT11/CV11 -> #VALUE!
A12: =[4]SayfaKAY!C845 | B12: =[4]SayfaKAY!D845 | C12: =[4]SayfaKAY!E845 | D12: =[4]SayfaKAY!F845 | E12: =[4]SayfaKAY!G845 | F12: =IF(H12="","",INT(H12)) | G12: =IF(H12="","",MOD(H12,1)) | H12: =[4]SayfaKAY!H845 | I12: =[4]SayfaKAY!I845 | J12: =IF([4]SayfaKAY!J845="","",IF([4]SayfaKAY!J845="Müşteri","Notified by Customer","Notified by Bozankaya")) | K12: =VLOOKUP([4]SayfaKAY!L845,#REF!,2,FALSE) -> #REF! | L12: =[4]SayfaKAY!X845 | M12: =IF( E12="", "", A12&"-"&E12) | N12: =[4]SayfaKAY!M845 | O12: =[4]SayfaKAY!P845 | P12: =[4]SayfaKAY!Q845 | Q12: =[4]SayfaKAY!R845 | R12: {=IF([4]SayfaKAY!U845="","",_xlfn.IFS([4]SayfaKAY!U845="Bozankaya","Bozankaya",[4]SayfaKAY!U845="Müşteri","Customer",[4]SayfaKAY!U845="Tedarikçi","Equipment Supplier"))} | S12: =[4]SayfaKAY!N845 | T12: =[4]SayfaKAY!AD845 | U12: =[4]SayfaKAY!W845 | V12: =[4]SayfaKAY!AZ845 | W12: =IF(Y12="","",INT(Y12)) | X12: =IF(Y12="","",TEXT(Y12,"ss:dd")) | Y12: =[4]SayfaKAY!AE845 | Z12: =IF(AB12="","",INT(AB12)) | AA12: =IF(AB12="","",TEXT(AB12,"ss:dd")) | AB12: =[4]SayfaKAY!BA845 | AC12: =IF(AF12="","",(AF12-H12)*24*60) | AD12: =IF(AF12="","",INT(AF12)) | AE12: =IF(AF12="","",TEXT(AF12,"ss:dd")) | AF12: =[4]SayfaKAY!BA845 | AG12: =[4]SayfaKAY!S845 | AH12: =IF(P12="A(Hareket etmeyi engelleyen arıza)","Bu Arıza Aracın Servise Verilmesine Engel", IF(P12="B(Servisten çekmeye etki eden arıza)","Bu Arıza Aracın Servise Verilmesine Engel", IF(P12="C(Sisteme etki etmeyen arıza)","Bu Arıza Aracın Servise Verilmesine Engel Değil", IF(P12="D(Arıza Değil)","Bu Arıza Aracın Servise Verilmesine Engel Değil", "")))) | AI12: =[4]SayfaKAY!AV845 | AJ12: =IF(AL12="","",INT(AL12)) | AK12: =IF(AL12="","",TEXT(AL12,"ss:dd")) | AL12: =[4]SayfaKAY!AX845 | AM12: {=IFERROR(IF(AND(P12<>"D(Arıza Değil)",AH12="Bu Arıza Aracın Servise Verilmesine Engel Değil"), IF(Z12-F12>0,(AB12-Y12)*24*60, IF(OR(AND(G12>$AS$1,G12<$AT$1),AND(G12>$AU$1,G12<$AV$1)), (AF12-H12)*24*60, BH:BH0)), AN12),0)} | AN12: =IFERROR(IF(P12<>"D(Arıza Değil)",AC12,0),0) | AO12: =[4]SayfaKAY!AG845 | AP12: =[4]SayfaKAY!AI845 | AQ12: =[4]SayfaKAY!AQ845 | AR12: =[4]SayfaKAY!AH845 | AS12: =[4]SayfaKAY!AJ845 | AT12: =[4]SayfaKAY!AM845 | AU12: =[4]SayfaKAY!AL845 | AV12: =[4]SayfaKAY!AP845 | AW12: =[4]SayfaKAY!AT845 | AX12: =IF(V12="","",V12*AC12*BC$1) | BB12: =IF($AQ$1="X", IF(AND(G12>=$AS$1,G12<=$AT$1),IF(P12<>"D(Arıza Değil)",AC12,0), IF(AND(G12>=$AU$1,G12<=$AV$1),IF(P12<>"D(Arıza Değil)",AC12,0), "")), "") | BH12: =IFERROR(FRACAS!AN848, "Hata Var") -> 159.96667 | BK12: =[4]SayfaKAY!AW845 | BL12: =[4]SayfaKAY!V845 | BN12: =IF($AQ$1="X", IF(AND(G12>=$AS$1,G12<=$AT$1),IF(P12<>"D(Arıza Değil",AC12,0),IF(AND(G12>=$AU$1,G12<=$AV$1),IF(P12<>"D:Arıza Değil",AC12,0), "x var")), "x yok") -> x yok | BO12: =IF(OR(AND(G12>$AS$1,G12<$AT$1),AND(G12>$AU$1,G12<$AV$1)),"aynı gün giderilen arıza") -> FALSE | BP12: =IF(Z12-F12>0,"Bir günden fazla süren arıza",IF(OR(AND(G12>$AS$1,G12<$AT$1),AND(G12>$AU$1,G12<$AV$1)),"aynı gün giderilen arıza")) -> #VALUE! | BQ12: =(Y12-H12)*24*60 -> #VALUE! | BR12: =(AB12-Y12)*24*60 -> #VALUE! | BS12: =(AF12-H12)*24*60 -> #VALUE! | BV12: =COUNTIFS(B$5:B$9980,B12,H$5:H$9980,"<="&AF12,AF$5:AF$9980,">="&H12)-1 -> -1 | BW12: =IF(COUNTIFS(B$5:B$9980,B12,H$5:H$9980,"<="&AF12,AF$5:AF$9980,">="&H12)>1,"Evet, çakışma var","Hayır, çakışma yok") -> Hayır, çakışma yok | BY12: =Y12-H12 -> #VALUE! | BZ12: =AB12-Y12 -> #VALUE! | CA12: =AB12-H12 -> #VALUE! | CE12: 844 | CF12: =H12 | CG12: =AB12 | CK12: =AB12-Y12 -> #VALUE! | CL12: =Y12-H12 -> #VALUE! | CM12: =AB12-H12 -> #VALUE! | CO12: =AC12 | CP12: =CU12/24 -> #VALUE! | CQ12: =G12 | CR12: =Y12 | CS12: =AB12 | CT12: =(CR12-CQ12)*1440 -> #VALUE! | CU12: =(CS12-CR12)*1440 -> #VALUE! | CV12: =(CS12-CQ12)*1440 -> #VALUE! | CW12: =CT12/CV12 -> #VALUE!
A13: =[4]SayfaKAY!C846 | B13: =[4]SayfaKAY!D846 | C13: =[4]SayfaKAY!E846 | D13: =[4]SayfaKAY!F846 | E13: =[4]SayfaKAY!G846 | F13: =IF(H13="","",INT(H13)) | G13: =IF(H13="","",MOD(H13,1)) | H13: =[4]SayfaKAY!H846 | I13: =[4]SayfaKAY!I846 | J13: =IF([4]SayfaKAY!J846="","",IF([4]SayfaKAY!J846="Müşteri","Notified by Customer","Notified by Bozankaya")) | K13: =VLOOKUP([4]SayfaKAY!L846,#REF!,2,FALSE) -> #REF! | L13: =[4]SayfaKAY!X846 | M13: =IF( E13="", "", A13&"-"&E13) | N13: =[4]SayfaKAY!M846 | O13: =[4]SayfaKAY!P846 | P13: =[4]SayfaKAY!Q846 | Q13: =[4]SayfaKAY!R846 | R13: {=IF([4]SayfaKAY!U846="","",_xlfn.IFS([4]SayfaKAY!U846="Bozankaya","Bozankaya",[4]SayfaKAY!U846="Müşteri","Customer",[4]SayfaKAY!U846="Tedarikçi","Equipment Supplier"))} | S13: =[4]SayfaKAY!N846 | T13: =[4]SayfaKAY!AD846 | U13: =[4]SayfaKAY!W846 | V13: =[4]SayfaKAY!AZ846 | W13: =IF(Y13="","",INT(Y13)) | X13: =IF(Y13="","",TEXT(Y13,"ss:dd")) | Y13: =[4]SayfaKAY!AE846 | Z13: =IF(AB13="","",INT(AB13)) | AA13: =IF(AB13="","",TEXT(AB13,"ss:dd")) | AB13: =[4]SayfaKAY!BA846 | AC13: =IF(AF13="","",(AF13-H13)*24*60) | AD13: =IF(AF13="","",INT(AF13)) | AE13: =IF(AF13="","",TEXT(AF13,"ss:dd")) | AF13: =[4]SayfaKAY!BA846 | AG13: =[4]SayfaKAY!S846 | AH13: =IF(P13="A(Hareket etmeyi engelleyen arıza)","Bu Arıza Aracın Servise Verilmesine Engel", IF(P13="B(Servisten çekmeye etki eden arıza)","Bu Arıza Aracın Servise Verilmesine Engel", IF(P13="C(Sisteme etki etmeyen arıza)","Bu Arıza Aracın Servise Verilmesine Engel Değil", IF(P13="D(Arıza Değil)","Bu Arıza Aracın Servise Verilmesine Engel Değil", "")))) | AI13: =[4]SayfaKAY!AV846 | AJ13: =IF(AL13="","",INT(AL13)) | AK13: =IF(AL13="","",TEXT(AL13,"ss:dd")) | AL13: =[4]SayfaKAY!AX846 | AM13: {=IFERROR(IF(AND(P13<>"D(Arıza Değil)",AH13="Bu Arıza Aracın Servise Verilmesine Engel Değil"), IF(Z13-F13>0,(AB13-Y13)*24*60, IF(OR(AND(G13>$AS$1,G13<$AT$1),AND(G13>$AU$1,G13<$AV$1)), (AF13-H13)*24*60, BH:BH0)), AN13),0)} | AN13: =IFERROR(IF(P13<>"D(Arıza Değil)",AC13,0),0) | AO13: =[4]SayfaKAY!AG846 | AP13: =[4]SayfaKAY!AI846 | AQ13: =[4]SayfaKAY!AQ846 | AR13: =[4]SayfaKAY!AH846 | AS13: =[4]SayfaKAY!AJ846 | AT13: =[4]SayfaKAY!AM846 | AU13: =[4]SayfaKAY!AL846 | AV13: =[4]SayfaKAY!AP846 | AW13: =[4]SayfaKAY!AT846 | AX13: =IF(V13="","",V13*AC13*BC$1) | BB13: =IF($AQ$1="X", IF(AND(G13>=$AS$1,G13<=$AT$1),IF(P13<>"D(Arıza Değil)",AC13,0), IF(AND(G13>=$AU$1,G13<=$AV$1),IF(P13<>"D(Arıza Değil)",AC13,0), "")), "") | BH13: =IFERROR(FRACAS!AN849, "Hata Var") -> 74 | BK13: =[4]SayfaKAY!AW846 | BL13: =[4]SayfaKAY!V846 | BN13: =IF($AQ$1="X", IF(AND(G13>=$AS$1,G13<=$AT$1),IF(P13<>"D(Arıza Değil",AC13,0),IF(AND(G13>=$AU$1,G13<=$AV$1),IF(P13<>"D:Arıza Değil",AC13,0), "x var")), "x yok") -> x yok | BO13: =IF(OR(AND(G13>$AS$1,G13<$AT$1),AND(G13>$AU$1,G13<$AV$1)),"aynı gün giderilen arıza") -> FALSE | BP13: =IF(Z13-F13>0,"Bir günden fazla süren arıza",IF(OR(AND(G13>$AS$1,G13<$AT$1),AND(G13>$AU$1,G13<$AV$1)),"aynı gün giderilen arıza")) -> #VALUE! | BQ13: =(Y13-H13)*24*60 -> #VALUE! | BR13: =(AB13-Y13)*24*60 -> #VALUE! | BS13: =(AF13-H13)*24*60 -> #VALUE! | BV13: =COUNTIFS(B$5:B$9980,B13,H$5:H$9980,"<="&AF13,AF$5:AF$9980,">="&H13)-1 -> -1 | BW13: =IF(COUNTIFS(B$5:B$9980,B13,H$5:H$9980,"<="&AF13,AF$5:AF$9980,">="&H13)>1,"Evet, çakışma var","Hayır, çakışma yok") -> Hayır, çakışma yok | BY13: =Y13-H13 -> #VALUE! | BZ13: =AB13-Y13 -> #VALUE! | CA13: =AB13-H13 -> #VALUE! | CE13: 845 | CF13: =H13 | CG13: =AB13 | CK13: =AB13-Y13 -> #VALUE! | CL13: =Y13-H13 -> #VALUE! | CM13: =AB13-H13 -> #VALUE! | CO13: =AC13 | CP13: =CU13/24 -> #VALUE! | CQ13: =G13 | CR13: =Y13 | CS13: =AB13 | CT13: =(CR13-CQ13)*1440 -> #VALUE! | CU13: =(CS13-CR13)*1440 -> #VALUE! | CV13: =(CS13-CQ13)*1440 -> #VALUE! | CW13: =CT13/CV13 -> #VALUE!
A14: =[4]SayfaKAY!C847 | B14: =[4]SayfaKAY!D847 | C14: =[4]SayfaKAY!E847 | D14: =[4]SayfaKAY!F847 | E14: =[4]SayfaKAY!G847 | F14: =IF(H14="","",INT(H14)) | G14: =IF(H14="","",MOD(H14,1)) | H14: =[4]SayfaKAY!H847 | I14: =[4]SayfaKAY!I847 | J14: =IF([4]SayfaKAY!J847="","",IF([4]SayfaKAY!J847="Müşteri","Notified by Customer","Notified by Bozankaya")) | K14: =VLOOKUP([4]SayfaKAY!L847,#REF!,2,FALSE) -> #REF! | L14: =[4]SayfaKAY!X847 | M14: =IF( E14="", "", A14&"-"&E14) | N14: =[4]SayfaKAY!M847 | O14: =[4]SayfaKAY!P847 | P14: =[4]SayfaKAY!Q847 | Q14: =[4]SayfaKAY!R847 | R14: {=IF([4]SayfaKAY!U847="","",_xlfn.IFS([4]SayfaKAY!U847="Bozankaya","Bozankaya",[4]SayfaKAY!U847="Müşteri","Customer",[4]SayfaKAY!U847="Tedarikçi","Equipment Supplier"))} | S14: =[4]SayfaKAY!N847 | T14: =[4]SayfaKAY!AD847 | U14: =[4]SayfaKAY!W847 | V14: =[4]SayfaKAY!AZ847 | W14: =IF(Y14="","",INT(Y14)) | X14: =IF(Y14="","",TEXT(Y14,"ss:dd")) | Y14: =[4]SayfaKAY!AE847 | Z14: =IF(AB14="","",INT(AB14)) | AA14: =IF(AB14="","",TEXT(AB14,"ss:dd")) | AB14: =[4]SayfaKAY!BA847 | AC14: =IF(AF14="","",(AF14-H14)*24*60) | AD14: =IF(AF14="","",INT(AF14)) | AE14: =IF(AF14="","",TEXT(AF14,"ss:dd")) | AF14: =[4]SayfaKAY!BA847 | AG14: =[4]SayfaKAY!S847 | AH14: =IF(P14="A(Hareket etmeyi engelleyen arıza)","Bu Arıza Aracın Servise Verilmesine Engel", IF(P14="B(Servisten çekmeye etki eden arıza)","Bu Arıza Aracın Servise Verilmesine Engel", IF(P14="C(Sisteme etki etmeyen arıza)","Bu Arıza Aracın Servise Verilmesine Engel Değil", IF(P14="D(Arıza Değil)","Bu Arıza Aracın Servise Verilmesine Engel Değil", "")))) | AI14: =[4]SayfaKAY!AV847 | AJ14: =IF(AL14="","",INT(AL14)) | AK14: =IF(AL14="","",TEXT(AL14,"ss:dd")) | AL14: =[4]SayfaKAY!AX847 | AM14: {=IFERROR(IF(AND(P14<>"D(Arıza Değil)",AH14="Bu Arıza Aracın Servise Verilmesine Engel Değil"), IF(Z14-F14>0,(AB14-Y14)*24*60, IF(OR(AND(G14>$AS$1,G14<$AT$1),AND(G14>$AU$1,G14<$AV$1)), (AF14-H14)*24*60, BH:BH0)), AN14),0)} | AN14: =IFERROR(IF(P14<>"D(Arıza Değil)",AC14,0),0) | AO14: =[4]SayfaKAY!AG847 | AP14: =[4]SayfaKAY!AI847 | AQ14: =[4]SayfaKAY!AQ847 | AR14: =[4]SayfaKAY!AH847 | AS14: =[4]SayfaKAY!AJ847 | AT14: =[4]SayfaKAY!AM847 | AU14: =[4]SayfaKAY!AL847 | AV14: =[4]SayfaKAY!AP847 | AW14: =[4]SayfaKAY!AT847 | AX14: =IF(V14="","",V14*AC14*BC$1) | BB14: =IF($AQ$1="X", IF(AND(G14>=$AS$1,G14<=$AT$1),IF(P14<>"D(Arıza Değil)",AC14,0), IF(AND(G14>=$AU$1,G14<=$AV$1),IF(P14<>"D(Arıza Değil)",AC14,0), "")), "") | BH14: =IFERROR(FRACAS!AN850, "Hata Var") -> 136 | BK14: =[4]SayfaKAY!AW847 | BL14: =[4]SayfaKAY!V847 | BN14: =IF($AQ$1="X", IF(AND(G14>=$AS$1,G14<=$AT$1),IF(P14<>"D(Arıza Değil",AC14,0),IF(AND(G14>=$AU$1,G14<=$AV$1),IF(P14<>"D:Arıza Değil",AC14,0), "x var")), "x yok") -> x yok | BO14: =IF(OR(AND(G14>$AS$1,G14<$AT$1),AND(G14>$AU$1,G14<$AV$1)),"aynı gün giderilen arıza") -> FALSE | BP14: =IF(Z14-F14>0,"Bir günden fazla süren arıza",IF(OR(AND(G14>$AS$1,G14<$AT$1),AND(G14>$AU$1,G14<$AV$1)),"aynı gün giderilen arıza")) -> #VALUE! | BQ14: =(Y14-H14)*24*60 -> #VALUE! | BR14: =(AB14-Y14)*24*60 -> #VALUE! | BS14: =(AF14-H14)*24*60 -> #VALUE! | BV14: =COUNTIFS(B$5:B$9980,B14,H$5:H$9980,"<="&AF14,AF$5:AF$9980,">="&H14)-1 -> -1 | BW14: =IF(COUNTIFS(B$5:B$9980,B14,H$5:H$9980,"<="&AF14,AF$5:AF$9980,">="&H14)>1,"Evet, çakışma var","Hayır, çakışma yok") -> Hayır, çakışma yok | BY14: =Y14-H14 -> #VALUE! | BZ14: =AB14-Y14 -> #VALUE! | CA14: =AB14-H14 -> #VALUE! | CE14: 846 | CF14: =H14 | CG14: =AB14 | CK14: =AB14-Y14 -> #VALUE! | CL14: =Y14-H14 -> #VALUE! | CM14: =AB14-H14 -> #VALUE! | CO14: =AC14 | CP14: =CU14/24 -> #VALUE! | CQ14: =G14 | CR14: =Y14 | CS14: =AB14 | CT14: =(CR14-CQ14)*1440 -> #VALUE! | CU14: =(CS14-CR14)*1440 -> #VALUE! | CV14: =(CS14-CQ14)*1440 -> #VALUE! | CW14: =CT14/CV14 -> #VALUE!
A15: =[4]SayfaKAY!C848 | B15: =[4]SayfaKAY!D848 | C15: =[4]SayfaKAY!E848 | D15: =[4]SayfaKAY!F848 | E15: =[4]SayfaKAY!G848 | F15: =IF(H15="","",INT(H15)) | G15: =IF(H15="","",MOD(H15,1)) | H15: =[4]SayfaKAY!H848 | I15: =[4]SayfaKAY!I848 | J15: =IF([4]SayfaKAY!J848="","",IF([4]SayfaKAY!J848="Müşteri","Notified by Customer","Notified by Bozankaya")) | K15: =VLOOKUP([4]SayfaKAY!L848,#REF!,2,FALSE) -> #REF! | L15: =[4]SayfaKAY!X848 | M15: =IF( E15="", "", A15&"-"&E15) | N15: =[4]SayfaKAY!M848 | O15: =[4]SayfaKAY!P848 | P15: =[4]SayfaKAY!Q848 | Q15: =[4]SayfaKAY!R848 | R15: {=IF([4]SayfaKAY!U848="","",_xlfn.IFS([4]SayfaKAY!U848="Bozankaya","Bozankaya",[4]SayfaKAY!U848="Müşteri","Customer",[4]SayfaKAY!U848="Tedarikçi","Equipment Supplier"))} | S15: =[4]SayfaKAY!N848 | T15: =[4]SayfaKAY!AD848 | U15: =[4]SayfaKAY!W848 | V15: =[4]SayfaKAY!AZ848 | W15: =IF(Y15="","",INT(Y15)) | X15: =IF(Y15="","",TEXT(Y15,"ss:dd")) | Y15: =[4]SayfaKAY!AE848 | Z15: =IF(AB15="","",INT(AB15)) | AA15: =IF(AB15="","",TEXT(AB15,"ss:dd")) | AB15: =[4]SayfaKAY!BA848 | AC15: =IF(AF15="","",(AF15-H15)*24*60) | AD15: =IF(AF15="","",INT(AF15)) | AE15: =IF(AF15="","",TEXT(AF15,"ss:dd")) | AF15: =[4]SayfaKAY!BA848 | AG15: =[4]SayfaKAY!S848 | AH15: =IF(P15="A(Hareket etmeyi engelleyen arıza)","Bu Arıza Aracın Servise Verilmesine Engel", IF(P15="B(Servisten çekmeye etki eden arıza)","Bu Arıza Aracın Servise Verilmesine Engel", IF(P15="C(Sisteme etki etmeyen arıza)","Bu Arıza Aracın Servise Verilmesine Engel Değil", IF(P15="D(Arıza Değil)","Bu Arıza Aracın Servise Verilmesine Engel Değil", "")))) | AI15: =[4]SayfaKAY!AV848 | AJ15: =IF(AL15="","",INT(AL15)) | AK15: =IF(AL15="","",TEXT(AL15,"ss:dd")) | AL15: =[4]SayfaKAY!AX848 | AM15: {=IFERROR(IF(AND(P15<>"D(Arıza Değil)",AH15="Bu Arıza Aracın Servise Verilmesine Engel Değil"), IF(Z15-F15>0,(AB15-Y15)*24*60, IF(OR(AND(G15>$AS$1,G15<$AT$1),AND(G15>$AU$1,G15<$AV$1)), (AF15-H15)*24*60, BH:BH0)), AN15),0)} | AN15: =IFERROR(IF(P15<>"D(Arıza Değil)",AC15,0),0) | AO15: =[4]SayfaKAY!AG848 | AP15: =[4]SayfaKAY!AI848 | AQ15: =[4]SayfaKAY!AQ848 | AR15: =[4]SayfaKAY!AH848 | AS15: =[4]SayfaKAY!AJ848 | AT15: =[4]SayfaKAY!AM848 | AU15: =[4]SayfaKAY!AL848 | AV15: =[4]SayfaKAY!AP848 | AW15: =[4]SayfaKAY!AT848 | AX15: =IF(V15="","",V15*AC15*BC$1) | BB15: =IF($AQ$1="X", IF(AND(G15>=$AS$1,G15<=$AT$1),IF(P15<>"D(Arıza Değil)",AC15,0), IF(AND(G15>=$AU$1,G15<=$AV$1),IF(P15<>"D(Arıza Değil)",AC15,0), "")), "") | BH15: =IFERROR(FRACAS!AN851, "Hata Var") -> 204 | BK15: =[4]SayfaKAY!AW848 | BL15: =[4]SayfaKAY!V848 | BN15: =IF($AQ$1="X", IF(AND(G15>=$AS$1,G15<=$AT$1),IF(P15<>"D(Arıza Değil",AC15,0),IF(AND(G15>=$AU$1,G15<=$AV$1),IF(P15<>"D:Arıza Değil",AC15,0), "x var")), "x yok") -> x yok | BO15: =IF(OR(AND(G15>$AS$1,G15<$AT$1),AND(G15>$AU$1,G15<$AV$1)),"aynı gün giderilen arıza") -> FALSE | BP15: =IF(Z15-F15>0,"Bir günden fazla süren arıza",IF(OR(AND(G15>$AS$1,G15<$AT$1),AND(G15>$AU$1,G15<$AV$1)),"aynı gün giderilen arıza")) -> #VALUE! | BQ15: =(Y15-H15)*24*60 -> #VALUE! | BR15: =(AB15-Y15)*24*60 -> #VALUE! | BS15: =(AF15-H15)*24*60 -> #VALUE! | BV15: =COUNTIFS(B$5:B$9980,B15,H$5:H$9980,"<="&AF15,AF$5:AF$9980,">="&H15)-1 -> -1 | BW15: =IF(COUNTIFS(B$5:B$9980,B15,H$5:H$9980,"<="&AF15,AF$5:AF$9980,">="&H15)>1,"Evet, çakışma var","Hayır, çakışma yok") -> Hayır, çakışma yok | BY15: =Y15-H15 -> #VALUE! | BZ15: =AB15-Y15 -> #VALUE! | CA15: =AB15-H15 -> #VALUE! | CE15: 847 | CF15: =H15 | CG15: =AB15 | CK15: =AB15-Y15 -> #VALUE! | CL15: =Y15-H15 -> #VALUE! | CM15: =AB15-H15 -> #VALUE! | CO15: =AC15 | CP15: =CU15/24 -> #VALUE! | CQ15: =G15 | CR15: =Y15 | CS15: =AB15 | CT15: =(CR15-CQ15)*1440 -> #VALUE! | CU15: =(CS15-CR15)*1440 -> #VALUE! | CV15: =(CS15-CQ15)*1440 -> #VALUE! | CW15: =CT15/CV15 -> #VALUE!
A16: =[4]SayfaKAY!C849 | B16: =[4]SayfaKAY!D849 | C16: =[4]SayfaKAY!E849 | D16: =[4]SayfaKAY!F849 | E16: =[4]SayfaKAY!G849 | F16: =IF(H16="","",INT(H16)) | G16: =IF(H16="","",MOD(H16,1)) | H16: =[4]SayfaKAY!H849 | I16: =[4]SayfaKAY!I849 | J16: =IF([4]SayfaKAY!J849="","",IF([4]SayfaKAY!J849="Müşteri","Notified by Customer","Notified by Bozankaya")) | K16: =VLOOKUP([4]SayfaKAY!L849,#REF!,2,FALSE) -> #REF! | L16: =[4]SayfaKAY!X849 | M16: =IF( E16="", "", A16&"-"&E16) | N16: =[4]SayfaKAY!M849 | O16: =[4]SayfaKAY!P849 | P16: =[4]SayfaKAY!Q849 | Q16: =[4]SayfaKAY!R849 | R16: {=IF([4]SayfaKAY!U849="","",_xlfn.IFS([4]SayfaKAY!U849="Bozankaya","Bozankaya",[4]SayfaKAY!U849="Müşteri","Customer",[4]SayfaKAY!U849="Tedarikçi","Equipment Supplier"))} | S16: =[4]SayfaKAY!N849 | T16: =[4]SayfaKAY!AD849 | U16: =[4]SayfaKAY!W849 | V16: =[4]SayfaKAY!AZ849 | W16: =IF(Y16="","",INT(Y16)) | X16: =IF(Y16="","",TEXT(Y16,"ss:dd")) | Y16: =[4]SayfaKAY!AE849 | Z16: =IF(AB16="","",INT(AB16)) | AA16: =IF(AB16="","",TEXT(AB16,"ss:dd")) | AB16: =[4]SayfaKAY!BA849 | AC16: =IF(AF16="","",(AF16-H16)*24*60) | AD16: =IF(AF16="","",INT(AF16)) | AE16: =IF(AF16="","",TEXT(AF16,"ss:dd")) | AF16: =[4]SayfaKAY!BA849 | AG16: =[4]SayfaKAY!S849 | AH16: =IF(P16="A(Hareket etmeyi engelleyen arıza)","Bu Arıza Aracın Servise Verilmesine Engel", IF(P16="B(Servisten çekmeye etki eden arıza)","Bu Arıza Aracın Servise Verilmesine Engel", IF(P16="C(Sisteme etki etmeyen arıza)","Bu Arıza Aracın Servise Verilmesine Engel Değil", IF(P16="D(Arıza Değil)","Bu Arıza Aracın Servise Verilmesine Engel Değil", "")))) | AI16: =[4]SayfaKAY!AV849 | AJ16: =IF(AL16="","",INT(AL16)) | AK16: =IF(AL16="","",TEXT(AL16,"ss:dd")) | AL16: =[4]SayfaKAY!AX849 | AM16: {=IFERROR(IF(AND(P16<>"D(Arıza Değil)",AH16="Bu Arıza Aracın Servise Verilmesine Engel Değil"), IF(Z16-F16>0,(AB16-Y16)*24*60, IF(OR(AND(G16>$AS$1,G16<$AT$1),AND(G16>$AU$1,G16<$AV$1)), (AF16-H16)*24*60, BH:BH0)), AN16),0)} | AN16: =IFERROR(IF(P16<>"D(Arıza Değil)",AC16,0),0) | AO16: =[4]SayfaKAY!AG849 | AP16: =[4]SayfaKAY!AI849 | AQ16: =[4]SayfaKAY!AQ849 | AR16: =[4]SayfaKAY!AH849 | AS16: =[4]SayfaKAY!AJ849 | AT16: =[4]SayfaKAY!AM849 | AU16: =[4]SayfaKAY!AL849 | AV16: =[4]SayfaKAY!AP849 | AW16: =[4]SayfaKAY!AT849 | AX16: =IF(V16="","",V16*AC16*BC$1) | BB16: =IF($AQ$1="X", IF(AND(G16>=$AS$1,G16<=$AT$1),IF(P16<>"D(Arıza Değil)",AC16,0), IF(AND(G16>=$AU$1,G16<=$AV$1),IF(P16<>"D(Arıza Değil)",AC16,0), "")), "") | BH16: =IFERROR(FRACAS!AN852, "Hata Var") -> 413 | BK16: =[4]SayfaKAY!AW849 | BL16: =[4]SayfaKAY!V849 | BN16: =IF($AQ$1="X", IF(AND(G16>=$AS$1,G16<=$AT$1),IF(P16<>"D(Arıza Değil",AC16,0),IF(AND(G16>=$AU$1,G16<=$AV$1),IF(P16<>"D:Arıza Değil",AC16,0), "x var")), "x yok") -> x yok | BO16: =IF(OR(AND(G16>$AS$1,G16<$AT$1),AND(G16>$AU$1,G16<$AV$1)),"aynı gün giderilen arıza") -> FALSE | BP16: =IF(Z16-F16>0,"Bir günden fazla süren arıza",IF(OR(AND(G16>$AS$1,G16<$AT$1),AND(G16>$AU$1,G16<$AV$1)),"aynı gün giderilen arıza")) -> #VALUE! | BQ16: =(Y16-H16)*24*60 -> #VALUE! | BR16: =(AB16-Y16)*24*60 -> #VALUE! | BS16: =(AF16-H16)*24*60 -> #VALUE! | BV16: =COUNTIFS(B$5:B$9980,B16,H$5:H$9980,"<="&AF16,AF$5:AF$9980,">="&H16)-1 -> -1 | BW16: =IF(COUNTIFS(B$5:B$9980,B16,H$5:H$9980,"<="&AF16,AF$5:AF$9980,">="&H16)>1,"Evet, çakışma var","Hayır, çakışma yok") -> Hayır, çakışma yok | BY16: =Y16-H16 -> #VALUE! | BZ16: =AB16-Y16 -> #VALUE! | CA16: =AB16-H16 -> #VALUE! | CE16: 848 | CF16: =H16 | CG16: =AB16 | CK16: =AB16-Y16 -> #VALUE! | CL16: =Y16-H16 -> #VALUE! | CM16: =AB16-H16 -> #VALUE! | CO16: =AC16 | CP16: =CU16/24 -> #VALUE! | CQ16: =G16 | CR16: =Y16 | CS16: =AB16 | CT16: =(CR16-CQ16)*1440 -> #VALUE! | CU16: =(CS16-CR16)*1440 -> #VALUE! | CV16: =(CS16-CQ16)*1440 -> #VALUE! | CW16: =CT16/CV16 -> #VALUE!
A17: =[4]SayfaKAY!C850 | B17: =[4]SayfaKAY!D850 | C17: =[4]SayfaKAY!E850 | D17: =[4]SayfaKAY!F850 | E17: =[4]SayfaKAY!G850 | F17: =IF(H17="","",INT(H17)) | G17: =IF(H17="","",MOD(H17,1)) | H17: =[4]SayfaKAY!H850 | I17: =[4]SayfaKAY!I850 | J17: =IF([4]SayfaKAY!J850="","",IF([4]SayfaKAY!J850="Müşteri","Notified by Customer","Notified by Bozankaya")) | K17: =VLOOKUP([4]SayfaKAY!L850,#REF!,2,FALSE) -> #REF! | L17: =[4]SayfaKAY!X850 | M17: =IF( E17="", "", A17&"-"&E17) | N17: =[4]SayfaKAY!M850 | O17: =[4]SayfaKAY!P850 | P17: =[4]SayfaKAY!Q850 | Q17: =[4]SayfaKAY!R850 | R17: {=IF([4]SayfaKAY!U850="","",_xlfn.IFS([4]SayfaKAY!U850="Bozankaya","Bozankaya",[4]SayfaKAY!U850="Müşteri","Customer",[4]SayfaKAY!U850="Tedarikçi","Equipment Supplier"))} | S17: =[4]SayfaKAY!N850 | T17: =[4]SayfaKAY!AD850 | U17: =[4]SayfaKAY!W850 | V17: =[4]SayfaKAY!AZ850 | W17: =IF(Y17="","",INT(Y17)) | X17: =IF(Y17="","",TEXT(Y17,"ss:dd")) | Y17: =[4]SayfaKAY!AE850 | Z17: =IF(AB17="","",INT(AB17)) | AA17: =IF(AB17="","",TEXT(AB17,"ss:dd")) | AB17: =[4]SayfaKAY!BA850 | AC17: =IF(AF17="","",(AF17-H17)*24*60) | AD17: =IF(AF17="","",INT(AF17)) | AE17: =IF(AF17="","",TEXT(AF17,"ss:dd")) | AF17: =[4]SayfaKAY!BA850 | AG17: =[4]SayfaKAY!S850 | AH17: =IF(P17="A(Hareket etmeyi engelleyen arıza)","Bu Arıza Aracın Servise Verilmesine Engel", IF(P17="B(Servisten çekmeye etki eden arıza)","Bu Arıza Aracın Servise Verilmesine Engel", IF(P17="C(Sisteme etki etmeyen arıza)","Bu Arıza Aracın Servise Verilmesine Engel Değil", IF(P17="D(Arıza Değil)","Bu Arıza Aracın Servise Verilmesine Engel Değil", "")))) | AI17: =[4]SayfaKAY!AV850 | AJ17: =IF(AL17="","",INT(AL17)) | AK17: =IF(AL17="","",TEXT(AL17,"ss:dd")) | AL17: =[4]SayfaKAY!AX850 | AM17: {=IFERROR(IF(AND(P17<>"D(Arıza Değil)",AH17="Bu Arıza Aracın Servise Verilmesine Engel Değil"), IF(Z17-F17>0,(AB17-Y17)*24*60, IF(OR(AND(G17>$AS$1,G17<$AT$1),AND(G17>$AU$1,G17<$AV$1)), (AF17-H17)*24*60, BH:BH0)), AN17),0)} | AN17: =IFERROR(IF(P17<>"D(Arıza Değil)",AC17,0),0) | AO17: =[4]SayfaKAY!AG850 | AP17: =[4]SayfaKAY!AI850 | AQ17: =[4]SayfaKAY!AQ850 | AR17: =[4]SayfaKAY!AH850 | AS17: =[4]SayfaKAY!AJ850 | AT17: =[4]SayfaKAY!AM850 | AU17: =[4]SayfaKAY!AL850 | AV17: =[4]SayfaKAY!AP850 | AW17: =[4]SayfaKAY!AT850 | AX17: =IF(V17="","",V17*AC17*BC$1) | BB17: =IF($AQ$1="X", IF(AND(G17>=$AS$1,G17<=$AT$1),IF(P17<>"D(Arıza Değil)",AC17,0), IF(AND(G17>=$AU$1,G17<=$AV$1),IF(P17<>"D(Arıza Değil)",AC17,0), "")), "") | BH17: =IFERROR(FRACAS!AN853, "Hata Var") -> 152 | BK17: =[4]SayfaKAY!AW850 | BL17: =[4]SayfaKAY!V850 | BN17: =IF($AQ$1="X", IF(AND(G17>=$AS$1,G17<=$AT$1),IF(P17<>"D(Arıza Değil",AC17,0),IF(AND(G17>=$AU$1,G17<=$AV$1),IF(P17<>"D:Arıza Değil",AC17,0), "x var")), "x yok") -> x yok | BO17: =IF(OR(AND(G17>$AS$1,G17<$AT$1),AND(G17>$AU$1,G17<$AV$1)),"aynı gün giderilen arıza") -> FALSE | BP17: =IF(Z17-F17>0,"Bir günden fazla süren arıza",IF(OR(AND(G17>$AS$1,G17<$AT$1),AND(G17>$AU$1,G17<$AV$1)),"aynı gün giderilen arıza")) -> #VALUE! | BQ17: =(Y17-H17)*24*60 -> #VALUE! | BR17: =(AB17-Y17)*24*60 -> #VALUE! | BS17: =(AF17-H17)*24*60 -> #VALUE! | BV17: =COUNTIFS(B$5:B$9980,B17,H$5:H$9980,"<="&AF17,AF$5:AF$9980,">="&H17)-1 -> -1 | BW17: =IF(COUNTIFS(B$5:B$9980,B17,H$5:H$9980,"<="&AF17,AF$5:AF$9980,">="&H17)>1,"Evet, çakışma var","Hayır, çakışma yok") -> Hayır, çakışma yok | BY17: =Y17-H17 -> #VALUE! | BZ17: =AB17-Y17 -> #VALUE! | CA17: =AB17-H17 -> #VALUE! | CE17: 849 | CF17: =H17 | CG17: =AB17 | CK17: =AB17-Y17 -> #VALUE! | CL17: =Y17-H17 -> #VALUE! | CM17: =AB17-H17 -> #VALUE! | CO17: =AC17 | CP17: =CU17/24 -> #VALUE! | CQ17: =G17 | CR17: =Y17 | CS17: =AB17 | CT17: =(CR17-CQ17)*1440 -> #VALUE! | CU17: =(CS17-CR17)*1440 -> #VALUE! | CV17: =(CS17-CQ17)*1440 -> #VALUE! | CW17: =CT17/CV17 -> #VALUE!
A18: =[4]SayfaKAY!C851 | B18: =[4]SayfaKAY!D851 | C18: =[4]SayfaKAY!E851 | D18: =[4]SayfaKAY!F851 | E18: =[4]SayfaKAY!G851 | F18: =IF(H18="","",INT(H18)) | G18: =IF(H18="","",MOD(H18,1)) | H18: =[4]SayfaKAY!H851 | I18: =[4]SayfaKAY!I851 | J18: =IF([4]SayfaKAY!J851="","",IF([4]SayfaKAY!J851="Müşteri","Notified by Customer","Notified by Bozankaya")) | K18: =VLOOKUP([4]SayfaKAY!L851,#REF!,2,FALSE) -> #REF! | L18: =[4]SayfaKAY!X851 | M18: =IF( E18="", "", A18&"-"&E18) | N18: =[4]SayfaKAY!M851 | O18: =[4]SayfaKAY!P851 | P18: =[4]SayfaKAY!Q851 | Q18: =[4]SayfaKAY!R851 | R18: {=IF([4]SayfaKAY!U851="","",_xlfn.IFS([4]SayfaKAY!U851="Bozankaya","Bozankaya",[4]SayfaKAY!U851="Müşteri","Customer",[4]SayfaKAY!U851="Tedarikçi","Equipment Supplier"))} | S18: =[4]SayfaKAY!N851 | T18: =[4]SayfaKAY!AD851 | U18: =[4]SayfaKAY!W851 | V18: =[4]SayfaKAY!AZ851 | W18: =IF(Y18="","",INT(Y18)) | X18: =IF(Y18="","",TEXT(Y18,"ss:dd")) | Y18: =[4]SayfaKAY!AE851 | Z18: =IF(AB18="","",INT(AB18)) | AA18: =IF(AB18="","",TEXT(AB18,"ss:dd")) | AB18: =[4]SayfaKAY!BA851 | AC18: =IF(AF18="","",(AF18-H18)*24*60) | AD18: =IF(AF18="","",INT(AF18)) | AE18: =IF(AF18="","",TEXT(AF18,"ss:dd")) | AF18: =[4]SayfaKAY!BA851 | AG18: =[4]SayfaKAY!S851 | AH18: =IF(P18="A(Hareket etmeyi engelleyen arıza)","Bu Arıza Aracın Servise Verilmesine Engel", IF(P18="B(Servisten çekmeye etki eden arıza)","Bu Arıza Aracın Servise Verilmesine Engel", IF(P18="C(Sisteme etki etmeyen arıza)","Bu Arıza Aracın Servise Verilmesine Engel Değil", IF(P18="D(Arıza Değil)","Bu Arıza Aracın Servise Verilmesine Engel Değil", "")))) | AI18: =[4]SayfaKAY!AV851 | AJ18: =IF(AL18="","",INT(AL18)) | AK18: =IF(AL18="","",TEXT(AL18,"ss:dd")) | AL18: =[4]SayfaKAY!AX851 | AM18: {=IFERROR(IF(AND(P18<>"D(Arıza Değil)",AH18="Bu Arıza Aracın Servise Verilmesine Engel Değil"), IF(Z18-F18>0,(AB18-Y18)*24*60, IF(OR(AND(G18>$AS$1,G18<$AT$1),AND(G18>$AU$1,G18<$AV$1)), (AF18-H18)*24*60, BH:BH0)), AN18),0)} | AN18: =IFERROR(IF(P18<>"D(Arıza Değil)",AC18,0),0) | AO18: =[4]SayfaKAY!AG851 | AP18: =[4]SayfaKAY!AI851 | AQ18: =[4]SayfaKAY!AQ851 | AR18: =[4]SayfaKAY!AH851 | AS18: =[4]SayfaKAY!AJ851 | AT18: =[4]SayfaKAY!AM851 | AU18: =[4]SayfaKAY!AL851 | AV18: =[4]SayfaKAY!AP851 | AW18: =[4]SayfaKAY!AT851 | AX18: =IF(V18="","",V18*AC18*BC$1) | BB18: =IF($AQ$1="X", IF(AND(G18>=$AS$1,G18<=$AT$1),IF(P18<>"D(Arıza Değil)",AC18,0), IF(AND(G18>=$AU$1,G18<=$AV$1),IF(P18<>"D(Arıza Değil)",AC18,0), "")), "") | BH18: =IFERROR(FRACAS!AN854, "Hata Var") -> 314 | BK18: =[4]SayfaKAY!AW851 | BL18: =[4]SayfaKAY!V851 | BN18: =IF($AQ$1="X", IF(AND(G18>=$AS$1,G18<=$AT$1),IF(P18<>"D(Arıza Değil",AC18,0),IF(AND(G18>=$AU$1,G18<=$AV$1),IF(P18<>"D:Arıza Değil",AC18,0), "x var")), "x yok") -> x yok | BO18: =IF(OR(AND(G18>$AS$1,G18<$AT$1),AND(G18>$AU$1,G18<$AV$1)),"aynı gün giderilen arıza") -> FALSE | BP18: =IF(Z18-F18>0,"Bir günden fazla süren arıza",IF(OR(AND(G18>$AS$1,G18<$AT$1),AND(G18>$AU$1,G18<$AV$1)),"aynı gün giderilen arıza")) -> #VALUE! | BQ18: =(Y18-H18)*24*60 -> #VALUE! | BR18: =(AB18-Y18)*24*60 -> #VALUE! | BS18: =(AF18-H18)*24*60 -> #VALUE! | BV18: =COUNTIFS(B$5:B$9980,B18,H$5:H$9980,"<="&AF18,AF$5:AF$9980,">="&H18)-1 -> -1 | BW18: =IF(COUNTIFS(B$5:B$9980,B18,H$5:H$9980,"<="&AF18,AF$5:AF$9980,">="&H18)>1,"Evet, çakışma var","Hayır, çakışma yok") -> Hayır, çakışma yok | BY18: =Y18-H18 -> #VALUE! | BZ18: =AB18-Y18 -> #VALUE! | CA18: =AB18-H18 -> #VALUE! | CE18: 850 | CF18: =H18 | CG18: =AB18 | CK18: =AB18-Y18 -> #VALUE! | CL18: =Y18-H18 -> #VALUE! | CM18: =AB18-H18 -> #VALUE! | CO18: =AC18 | CP18: =CU18/24 -> #VALUE! | CQ18: =G18 | CR18: =Y18 | CS18: =AB18 | CT18: =(CR18-CQ18)*1440 -> #VALUE! | CU18: =(CS18-CR18)*1440 -> #VALUE! | CV18: =(CS18-CQ18)*1440 -> #VALUE! | CW18: =CT18/CV18 -> #VALUE!
A19: =[4]SayfaKAY!C852 | B19: =[4]SayfaKAY!D852 | C19: =[4]SayfaKAY!E852 | D19: =[4]SayfaKAY!F852 | E19: =[4]SayfaKAY!G852 | F19: =IF(H19="","",INT(H19)) | G19: =IF(H19="","",MOD(H19,1)) | H19: =[4]SayfaKAY!H852 | I19: =[4]SayfaKAY!I852 | J19: =IF([4]SayfaKAY!J852="","",IF([4]SayfaKAY!J852="Müşteri","Notified by Customer","Notified by Bozankaya")) | K19: =VLOOKUP([4]SayfaKAY!L852,#REF!,2,FALSE) -> #REF! | L19: =[4]SayfaKAY!X852 | M19: =IF( E19="", "", A19&"-"&E19) | N19: =[4]SayfaKAY!M852 | O19: =[4]SayfaKAY!P852 | P19: =[4]SayfaKAY!Q852 | Q19: =[4]SayfaKAY!R852 | R19: {=IF([4]SayfaKAY!U852="","",_xlfn.IFS([4]SayfaKAY!U852="Bozankaya","Bozankaya",[4]SayfaKAY!U852="Müşteri","Customer",[4]SayfaKAY!U852="Tedarikçi","Equipment Supplier"))} | S19: =[4]SayfaKAY!N852 | T19: =[4]SayfaKAY!AD852 | U19: =[4]SayfaKAY!W852 | V19: =[4]SayfaKAY!AZ852 | W19: =IF(Y19="","",INT(Y19)) | X19: =IF(Y19="","",TEXT(Y19,"ss:dd")) | Y19: =[4]SayfaKAY!AE852 | Z19: =IF(AB19="","",INT(AB19)) | AA19: =IF(AB19="","",TEXT(AB19,"ss:dd")) | AB19: =[4]SayfaKAY!BA852 | AC19: =IF(AF19="","",(AF19-H19)*24*60) | AD19: =IF(AF19="","",INT(AF19)) | AE19: =IF(AF19="","",TEXT(AF19,"ss:dd")) | AF19: =[4]SayfaKAY!BA852 | AG19: =[4]SayfaKAY!S852 | AH19: =IF(P19="A(Hareket etmeyi engelleyen arıza)","Bu Arıza Aracın Servise Verilmesine Engel", IF(P19="B(Servisten çekmeye etki eden arıza)","Bu Arıza Aracın Servise Verilmesine Engel", IF(P19="C(Sisteme etki etmeyen arıza)","Bu Arıza Aracın Servise Verilmesine Engel Değil", IF(P19="D(Arıza Değil)","Bu Arıza Aracın Servise Verilmesine Engel Değil", "")))) | AI19: =[4]SayfaKAY!AV852 | AJ19: =IF(AL19="","",INT(AL19)) | AK19: =IF(AL19="","",TEXT(AL19,"ss:dd")) | AL19: =[4]SayfaKAY!AX852 | AM19: {=IFERROR(IF(AND(P19<>"D(Arıza Değil)",AH19="Bu Arıza Aracın Servise Verilmesine Engel Değil"), IF(Z19-F19>0,(AB19-Y19)*24*60, IF(OR(AND(G19>$AS$1,G19<$AT$1),AND(G19>$AU$1,G19<$AV$1)), (AF19-H19)*24*60, BH:BH0)), AN19),0)} | AN19: =IFERROR(IF(P19<>"D(Arıza Değil)",AC19,0),0) | AO19: =[4]SayfaKAY!AG852 | AP19: =[4]SayfaKAY!AI852 | AQ19: =[4]SayfaKAY!AQ852 | AR19: =[4]SayfaKAY!AH852 | AS19: =[4]SayfaKAY!AJ852 | AT19: =[4]SayfaKAY!AM852 | AU19: =[4]SayfaKAY!AL852 | AV19: =[4]SayfaKAY!AP852 | AW19: =[4]SayfaKAY!AT852 | AX19: =IF(V19="","",V19*AC19*BC$1) | BB19: =IF($AQ$1="X", IF(AND(G19>=$AS$1,G19<=$AT$1),IF(P19<>"D(Arıza Değil)",AC19,0), IF(AND(G19>=$AU$1,G19<=$AV$1),IF(P19<>"D(Arıza Değil)",AC19,0), "")), "") | BH19: =IFERROR(FRACAS!AN855, "Hata Var") -> 58 | BK19: =[4]SayfaKAY!AW852 | BL19: =[4]SayfaKAY!V852 | BN19: =IF($AQ$1="X", IF(AND(G19>=$AS$1,G19<=$AT$1),IF(P19<>"D(Arıza Değil",AC19,0),IF(AND(G19>=$AU$1,G19<=$AV$1),IF(P19<>"D:Arıza Değil",AC19,0), "x var")), "x yok") -> x yok | BO19: =IF(OR(AND(G19>$AS$1,G19<$AT$1),AND(G19>$AU$1,G19<$AV$1)),"aynı gün giderilen arıza") -> FALSE | BP19: =IF(Z19-F19>0,"Bir günden fazla süren arıza",IF(OR(AND(G19>$AS$1,G19<$AT$1),AND(G19>$AU$1,G19<$AV$1)),"aynı gün giderilen arıza")) -> #VALUE! | BQ19: =(Y19-H19)*24*60 -> #VALUE! | BR19: =(AB19-Y19)*24*60 -> #VALUE! | BS19: =(AF19-H19)*24*60 -> #VALUE! | BV19: =COUNTIFS(B$5:B$9980,B19,H$5:H$9980,"<="&AF19,AF$5:AF$9980,">="&H19)-1 -> -1 | BW19: =IF(COUNTIFS(B$5:B$9980,B19,H$5:H$9980,"<="&AF19,AF$5:AF$9980,">="&H19)>1,"Evet, çakışma var","Hayır, çakışma yok") -> Hayır, çakışma yok | BY19: =Y19-H19 -> #VALUE! | BZ19: =AB19-Y19 -> #VALUE! | CA19: =AB19-H19 -> #VALUE! | CE19: 851 | CF19: =H19 | CG19: =AB19 | CK19: =AB19-Y19 -> #VALUE! | CL19: =Y19-H19 -> #VALUE! | CM19: =AB19-H19 -> #VALUE! | CO19: =AC19 | CP19: =CU19/24 -> #VALUE! | CQ19: =G19 | CR19: =Y19 | CS19: =AB19 | CT19: =(CR19-CQ19)*1440 -> #VALUE! | CU19: =(CS19-CR19)*1440 -> #VALUE! | CV19: =(CS19-CQ19)*1440 -> #VALUE! | CW19: =CT19/CV19 -> #VALUE!
A20: =[4]SayfaKAY!C853 | B20: =[4]SayfaKAY!D853 | C20: =[4]SayfaKAY!E853 | D20: =[4]SayfaKAY!F853 | E20: =[4]SayfaKAY!G853 | F20: =IF(H20="","",INT(H20)) | G20: =IF(H20="","",MOD(H20,1)) | H20: =[4]SayfaKAY!H853 | I20: =[4]SayfaKAY!I853 | J20: =IF([4]SayfaKAY!J853="","",IF([4]SayfaKAY!J853="Müşteri","Notified by Customer","Notified by Bozankaya")) | K20: =VLOOKUP([4]SayfaKAY!L853,#REF!,2,FALSE) -> #REF! | L20: =[4]SayfaKAY!X853 | M20: =IF( E20="", "", A20&"-"&E20) | N20: =[4]SayfaKAY!M853 | O20: =[4]SayfaKAY!P853 | P20: =[4]SayfaKAY!Q853 | Q20: =[4]SayfaKAY!R853 | R20: {=IF([4]SayfaKAY!U853="","",_xlfn.IFS([4]SayfaKAY!U853="Bozankaya","Bozankaya",[4]SayfaKAY!U853="Müşteri","Customer",[4]SayfaKAY!U853="Tedarikçi","Equipment Supplier"))} | S20: =[4]SayfaKAY!N853 | T20: =[4]SayfaKAY!AD853 | U20: =[4]SayfaKAY!W853 | V20: =[4]SayfaKAY!AZ853 | W20: =IF(Y20="","",INT(Y20)) | X20: =IF(Y20="","",TEXT(Y20,"ss:dd")) | Y20: =[4]SayfaKAY!AE853 | Z20: =IF(AB20="","",INT(AB20)) | AA20: =IF(AB20="","",TEXT(AB20,"ss:dd")) | AB20: =[4]SayfaKAY!BA853 | AC20: =IF(AF20="","",(AF20-H20)*24*60) | AD20: =IF(AF20="","",INT(AF20)) | AE20: =IF(AF20="","",TEXT(AF20,"ss:dd")) | AF20: =[4]SayfaKAY!BA853 | AG20: =[4]SayfaKAY!S853 | AH20: =IF(P20="A(Hareket etmeyi engelleyen arıza)","Bu Arıza Aracın Servise Verilmesine Engel", IF(P20="B(Servisten çekmeye etki eden arıza)","Bu Arıza Aracın Servise Verilmesine Engel", IF(P20="C(Sisteme etki etmeyen arıza)","Bu Arıza Aracın Servise Verilmesine Engel Değil", IF(P20="D(Arıza Değil)","Bu Arıza Aracın Servise Verilmesine Engel Değil", "")))) | AI20: =[4]SayfaKAY!AV853 | AJ20: =IF(AL20="","",INT(AL20)) | AK20: =IF(AL20="","",TEXT(AL20,"ss:dd")) | AL20: =[4]SayfaKAY!AX853 | AM20: {=IFERROR(IF(AND(P20<>"D(Arıza Değil)",AH20="Bu Arıza Aracın Servise Verilmesine Engel Değil"), IF(Z20-F20>0,(AB20-Y20)*24*60, IF(OR(AND(G20>$AS$1,G20<$AT$1),AND(G20>$AU$1,G20<$AV$1)), (AF20-H20)*24*60, BH:BH0)), AN20),0)} | AN20: =IFERROR(IF(P20<>"D(Arıza Değil)",AC20,0),0) | AO20: =[4]SayfaKAY!AG853 | AP20: =[4]SayfaKAY!AI853 | AQ20: =[4]SayfaKAY!AQ853 | AR20: =[4]SayfaKAY!AH853 | AS20: =[4]SayfaKAY!AJ853 | AT20: =[4]SayfaKAY!AM853 | AU20: =[4]SayfaKAY!AL853 | AV20: =[4]SayfaKAY!AP853 | AW20: =[4]SayfaKAY!AT853 | AX20: =IF(V20="","",V20*AC20*BC$1) | BB20: =IF($AQ$1="X", IF(AND(G20>=$AS$1,G20<=$AT$1),IF(P20<>"D(Arıza Değil)",AC20,0), IF(AND(G20>=$AU$1,G20<=$AV$1),IF(P20<>"D(Arıza Değil)",AC20,0), "")), "") | BH20: =IFERROR(FRACAS!AN856, "Hata Var") -> 328 | BK20: =[4]SayfaKAY!AW853 | BL20: =[4]SayfaKAY!V853 | BN20: =IF($AQ$1="X", IF(AND(G20>=$AS$1,G20<=$AT$1),IF(P20<>"D(Arıza Değil",AC20,0),IF(AND(G20>=$AU$1,G20<=$AV$1),IF(P20<>"D:Arıza Değil",AC20,0), "x var")), "x yok") -> x yok | BO20: =IF(OR(AND(G20>$AS$1,G20<$AT$1),AND(G20>$AU$1,G20<$AV$1)),"aynı gün giderilen arıza") -> FALSE | BP20: =IF(Z20-F20>0,"Bir günden fazla süren arıza",IF(OR(AND(G20>$AS$1,G20<$AT$1),AND(G20>$AU$1,G20<$AV$1)),"aynı gün giderilen arıza")) -> #VALUE! | BQ20: =(Y20-H20)*24*60 -> #VALUE! | BR20: =(AB20-Y20)*24*60 -> #VALUE! | BS20: =(AF20-H20)*24*60 -> #VALUE! | BV20: =COUNTIFS(B$5:B$9980,B20,H$5:H$9980,"<="&AF20,AF$5:AF$9980,">="&H20)-1 -> -1 | BW20: =IF(COUNTIFS(B$5:B$9980,B20,H$5:H$9980,"<="&AF20,AF$5:AF$9980,">="&H20)>1,"Evet, çakışma var","Hayır, çakışma yok") -> Hayır, çakışma yok | BY20: =Y20-H20 -> #VALUE! | BZ20: =AB20-Y20 -> #VALUE! | CA20: =AB20-H20 -> #VALUE! | CE20: 852 | CF20: =H20 | CG20: =AB20 | CK20: =AB20-Y20 -> #VALUE! | CL20: =Y20-H20 -> #VALUE! | CM20: =AB20-H20 -> #VALUE! | CO20: =AC20 | CP20: =CU20/24 -> #VALUE! | CQ20: =G20 | CR20: =Y20 | CS20: =AB20 | CT20: =(CR20-CQ20)*1440 -> #VALUE! | CU20: =(CS20-CR20)*1440 -> #VALUE! | CV20: =(CS20-CQ20)*1440 -> #VALUE! | CW20: =CT20/CV20 -> #VALUE!
A21: =[4]SayfaKAY!C854 | B21: =[4]SayfaKAY!D854 | C21: =[4]SayfaKAY!E854 | D21: =[4]SayfaKAY!F854 | E21: =[4]SayfaKAY!G854 | F21: =IF(H21="","",INT(H21)) | G21: =IF(H21="","",MOD(H21,1)) | H21: =[4]SayfaKAY!H854 | I21: =[4]SayfaKAY!I854 | J21: =IF([4]SayfaKAY!J854="","",IF([4]SayfaKAY!J854="Müşteri","Notified by Customer","Notified by Bozankaya")) | K21: =VLOOKUP([4]SayfaKAY!L854,#REF!,2,FALSE) -> #REF! | L21: =[4]SayfaKAY!X854 | M21: =IF( E21="", "", A21&"-"&E21) | N21: =[4]SayfaKAY!M854 | O21: =[4]SayfaKAY!P854 | P21: =[4]SayfaKAY!Q854 | Q21: =[4]SayfaKAY!R854 | R21: {=IF([4]SayfaKAY!U854="","",_xlfn.IFS([4]SayfaKAY!U854="Bozankaya","Bozankaya",[4]SayfaKAY!U854="Müşteri","Customer",[4]SayfaKAY!U854="Tedarikçi","Equipment Supplier"))} | S21: =[4]SayfaKAY!N854 | T21: =[4]SayfaKAY!AD854 | U21: =[4]SayfaKAY!W854 | V21: =[4]SayfaKAY!AZ854 | W21: =IF(Y21="","",INT(Y21)) | X21: =IF(Y21="","",TEXT(Y21,"ss:dd")) | Y21: =[4]SayfaKAY!AE854 | Z21: =IF(AB21="","",INT(AB21)) | AA21: =IF(AB21="","",TEXT(AB21,"ss:dd")) | AB21: =[4]SayfaKAY!BA854 | AC21: =IF(AF21="","",(AF21-H21)*24*60) | AD21: =IF(AF21="","",INT(AF21)) | AE21: =IF(AF21="","",TEXT(AF21,"ss:dd")) | AF21: =[4]SayfaKAY!BA854 | AG21: =[4]SayfaKAY!S854 | AH21: =IF(P21="A(Hareket etmeyi engelleyen arıza)","Bu Arıza Aracın Servise Verilmesine Engel", IF(P21="B(Servisten çekmeye etki eden arıza)","Bu Arıza Aracın Servise Verilmesine Engel", IF(P21="C(Sisteme etki etmeyen arıza)","Bu Arıza Aracın Servise Verilmesine Engel Değil", IF(P21="D(Arıza Değil)","Bu Arıza Aracın Servise Verilmesine Engel Değil", "")))) | AI21: =[4]SayfaKAY!AV854 | AJ21: =IF(AL21="","",INT(AL21)) | AK21: =IF(AL21="","",TEXT(AL21,"ss:dd")) | AL21: =[4]SayfaKAY!AX854 | AM21: {=IFERROR(IF(AND(P21<>"D(Arıza Değil)",AH21="Bu Arıza Aracın Servise Verilmesine Engel Değil"), IF(Z21-F21>0,(AB21-Y21)*24*60, IF(OR(AND(G21>$AS$1,G21<$AT$1),AND(G21>$AU$1,G21<$AV$1)), (AF21-H21)*24*60, BH:BH0)), AN21),0)} | AN21: =IFERROR(IF(P21<>"D(Arıza Değil)",AC21,0),0) | AO21: =[4]SayfaKAY!AG854 | AP21: =[4]SayfaKAY!AI854 | AQ21: =[4]SayfaKAY!AQ854 | AR21: =[4]SayfaKAY!AH854 | AS21: =[4]SayfaKAY!AJ854 | AT21: =[4]SayfaKAY!AM854 | AU21: =[4]SayfaKAY!AL854 | AV21: =[4]SayfaKAY!AP854 | AW21: =[4]SayfaKAY!AT854 | AX21: =IF(V21="","",V21*AC21*BC$1) | BB21: =IF($AQ$1="X", IF(AND(G21>=$AS$1,G21<=$AT$1),IF(P21<>"D(Arıza Değil)",AC21,0), IF(AND(G21>=$AU$1,G21<=$AV$1),IF(P21<>"D(Arıza Değil)",AC21,0), "")), "") | BH21: =IFERROR(FRACAS!AN857, "Hata Var") -> 432 | BK21: =[4]SayfaKAY!AW854 | BL21: =[4]SayfaKAY!V854 | BN21: =IF($AQ$1="X", IF(AND(G21>=$AS$1,G21<=$AT$1),IF(P21<>"D(Arıza Değil",AC21,0),IF(AND(G21>=$AU$1,G21<=$AV$1),IF(P21<>"D:Arıza Değil",AC21,0), "x var")), "x yok") -> x yok | BO21: =IF(OR(AND(G21>$AS$1,G21<$AT$1),AND(G21>$AU$1,G21<$AV$1)),"aynı gün giderilen arıza") -> FALSE | BP21: =IF(Z21-F21>0,"Bir günden fazla süren arıza",IF(OR(AND(G21>$AS$1,G21<$AT$1),AND(G21>$AU$1,G21<$AV$1)),"aynı gün giderilen arıza")) -> #VALUE! | BQ21: =(Y21-H21)*24*60 -> #VALUE! | BR21: =(AB21-Y21)*24*60 -> #VALUE! | BS21: =(AF21-H21)*24*60 -> #VALUE! | BV21: =COUNTIFS(B$5:B$9980,B21,H$5:H$9980,"<="&AF21,AF$5:AF$9980,">="&H21)-1 -> -1 | BW21: =IF(COUNTIFS(B$5:B$9980,B21,H$5:H$9980,"<="&AF21,AF$5:AF$9980,">="&H21)>1,"Evet, çakışma var","Hayır, çakışma yok") -> Hayır, çakışma yok | BY21: =Y21-H21 -> #VALUE! | BZ21: =AB21-Y21 -> #VALUE! | CA21: =AB21-H21 -> #VALUE! | CE21: 853 | CF21: =H21 | CG21: =AB21 | CK21: =AB21-Y21 -> #VALUE! | CL21: =Y21-H21 -> #VALUE! | CM21: =AB21-H21 -> #VALUE! | CO21: =AC21 | CP21: =CU21/24 -> #VALUE! | CQ21: =G21 | CR21: =Y21 | CS21: =AB21 | CT21: =(CR21-CQ21)*1440 -> #VALUE! | CU21: =(CS21-CR21)*1440 -> #VALUE! | CV21: =(CS21-CQ21)*1440 -> #VALUE! | CW21: =CT21/CV21 -> #VALUE!
... A156: =[4]SayfaKAY!C989 | B156: =[4]SayfaKAY!D989 | C156: =[4]SayfaKAY!E989 | D156: =[4]SayfaKAY!F989 | E156: =[4]SayfaKAY!G989 | F156: =IF(H156="","",INT(H156)) | G156: =IF(H156="","",MOD(H156,1)) | H156: =[4]SayfaKAY!H989 | I156: =[4]SayfaKAY!I989 | J156: =IF([4]SayfaKAY!J989="","",IF([4]SayfaKAY!J989="Müşteri","Notified by Customer","Notified by Bozankaya")) | K156: =VLOOKUP([4]SayfaKAY!L989,#REF!,2,FALSE) -> #REF! | L156: =[4]SayfaKAY!X989 | M156: =IF( E156="", "", A156&"-"&E156) | N156: =[4]SayfaKAY!M989 | O156: =[4]SayfaKAY!P989 | P156: =[4]SayfaKAY!Q989 | Q156: =[4]SayfaKAY!R989 | R156: {=IF([4]SayfaKAY!U989="","",_xlfn.IFS([4]SayfaKAY!U989="Bozankaya","Bozankaya",[4]SayfaKAY!U989="Müşteri","Customer",[4]SayfaKAY!U989="Tedarikçi","Equipment Supplier"))} | S156: =[4]SayfaKAY!N989 | T156: =[4]SayfaKAY!AD989 | U156: =[4]SayfaKAY!W989 | V156: =[4]SayfaKAY!AZ989 | W156: =IF(Y156="","",INT(Y156)) | X156: =IF(Y156="","",TEXT(Y156,"ss:dd")) | Y156: =[4]SayfaKAY!AE989 | Z156: =IF(AB156="","",INT(AB156)) | AA156: =IF(AB156="","",TEXT(AB156,"ss:dd")) | AB156: =[4]SayfaKAY!BA989 | AC156: =IF(AF156="","",(AF156-H156)*24*60) | AD156: =IF(AF156="","",INT(AF156)) | AE156: =IF(AF156="","",TEXT(AF156,"ss:dd")) | AF156: =[4]SayfaKAY!BA989 | AG156: =[4]SayfaKAY!S989 | AH156: =IF(P156="A(Hareket etmeyi engelleyen arıza)","Bu Arıza Aracın Servise Verilmesine Engel", IF(P156="B(Servisten çekmeye etki eden arıza)","Bu Arıza Aracın Servise Verilmesine Engel", IF(P156="C(Sisteme etki etmeyen arıza)","Bu Arıza Aracın Servise Verilmesine Engel Değil", IF(P156="D(Arıza Değil)","Bu Arıza Aracın Servise Verilmesine Engel Değil", "")))) | AI156: =[4]SayfaKAY!AV989 | AJ156: =IF(AL156="","",INT(AL156)) | AK156: =IF(AL156="","",TEXT(AL156,"ss:dd")) | AL156: =[4]SayfaKAY!AX989 | AM156: {=IFERROR(IF(AND(P156<>"D(Arıza Değil)",AH156="Bu Arıza Aracın Servise Verilmesine Engel Değil"), IF(Z156-F156>0,(AB156-Y156)*24*60, IF(OR(AND(G156>$AS$1,G156<$AT$1),AND(G156>$AU$1,G156<$AV$1)), (AF156-H156)*24*60, BH:BH0)), AN156),0)} | AN156: =IFERROR(IF(P156<>"D(Arıza Değil)",AC156,0),0) | AO156: =[4]SayfaKAY!AG989 | AP156: =[4]SayfaKAY!AI989 | AQ156: =[4]SayfaKAY!AQ989 | AR156: =[4]SayfaKAY!AH989 | AS156: =[4]SayfaKAY!AJ989 | AT156: =[4]SayfaKAY!AM989 | AU156: =[4]SayfaKAY!AL989 | AV156: =[4]SayfaKAY!AP989 | AW156: =[4]SayfaKAY!AT989 | AX156: =IF(V156="","",V156*AC156*BC$1) | BB156: =IF($AQ$1="X", IF(AND(G156>=$AS$1,G156<=$AT$1),IF(P156<>"D(Arıza Değil)",AC156,0), IF(AND(G156>=$AU$1,G156<=$AV$1),IF(P156<>"D(Arıza Değil)",AC156,0), "")), "") | BH156: =IFERROR(FRACAS!AN992, "Hata Var") -> 117 | BK156: =[4]SayfaKAY!AW989 | BL156: =[4]SayfaKAY!V989 | BN156: =IF($AQ$1="X", IF(AND(G156>=$AS$1,G156<=$AT$1),IF(P156<>"D(Arıza Değil",AC156,0),IF(AND(G156>=$AU$1,G156<=$AV$1),IF(P156<>"D:Arıza Değil",AC156,0), "x var")), "x yok") -> x yok | BO156: =IF(OR(AND(G156>$AS$1,G156<$AT$1),AND(G156>$AU$1,G156<$AV$1)),"aynı gün giderilen arıza") -> FALSE | BP156: =IF(Z156-F156>0,"Bir günden fazla süren arıza",IF(OR(AND(G156>$AS$1,G156<$AT$1),AND(G156>$AU$1,G156<$AV$1)),"aynı gün giderilen arıza")) -> #VALUE! | BQ156: =(Y156-H156)*24*60 -> #VALUE! | BR156: =(AB156-Y156)*24*60 -> #VALUE! | BS156: =(AF156-H156)*24*60 -> #VALUE! | BV156: =COUNTIFS(B$5:B$9980,B156,H$5:H$9980,"<="&AF156,AF$5:AF$9980,">="&H156)-1 -> -1 | BW156: =IF(COUNTIFS(B$5:B$9980,B156,H$5:H$9980,"<="&AF156,AF$5:AF$9980,">="&H156)>1,"Evet, çakışma var","Hayır, çakışma yok") -> Hayır, çakışma yok | BY156: =Y156-H156 -> #VALUE! | BZ156: =AB156-Y156 -> #VALUE! | CA156: =AB156-H156 -> #VALUE! | CE156: 988 | CF156: =H156 | CG156: =AB156 | CK156: =AB156-Y156 -> #VALUE! | CL156: =Y156-H156 -> #VALUE! | CM156: =AB156-H156 -> #VALUE! | CO156: =AC156 | CP156: =CU156/24 -> #VALUE! | CQ156: =G156 | CR156: =Y156 | CS156: =AB156 | CT156: =(CR156-CQ156)*1440 -> #VALUE! | CU156: =(CS156-CR156)*1440 -> #VALUE! | CV156: =(CS156-CQ156)*1440 -> #VALUE! | CW156: =CT156/CV156 -> #VALUE!
A157: =[4]SayfaKAY!C990 | B157: =[4]SayfaKAY!D990 | C157: =[4]SayfaKAY!E990 | D157: =[4]SayfaKAY!F990 | E157: =[4]SayfaKAY!G990 | F157: =IF(H157="","",INT(H157)) | G157: =IF(H157="","",MOD(H157,1)) | H157: =[4]SayfaKAY!H990 | I157: =[4]SayfaKAY!I990 | J157: =IF([4]SayfaKAY!J990="","",IF([4]SayfaKAY!J990="Müşteri","Notified by Customer","Notified by Bozankaya")) | K157: =VLOOKUP([4]SayfaKAY!L990,#REF!,2,FALSE) -> #REF! | L157: =[4]SayfaKAY!X990 | M157: =IF( E157="", "", A157&"-"&E157) | N157: =[4]SayfaKAY!M990 | O157: =[4]SayfaKAY!P990 | P157: =[4]SayfaKAY!Q990 | Q157: =[4]SayfaKAY!R990 | R157: {=IF([4]SayfaKAY!U990="","",_xlfn.IFS([4]SayfaKAY!U990="Bozankaya","Bozankaya",[4]SayfaKAY!U990="Müşteri","Customer",[4]SayfaKAY!U990="Tedarikçi","Equipment Supplier"))} | S157: =[4]SayfaKAY!N990 | T157: =[4]SayfaKAY!AD990 | U157: =[4]SayfaKAY!W990 | V157: =[4]SayfaKAY!AZ990 | W157: =IF(Y157="","",INT(Y157)) | X157: =IF(Y157="","",TEXT(Y157,"ss:dd")) | Y157: =[4]SayfaKAY!AE990 | Z157: =IF(AB157="","",INT(AB157)) | AA157: =IF(AB157="","",TEXT(AB157,"ss:dd")) | AB157: =[4]SayfaKAY!BA990 | AC157: =IF(AF157="","",(AF157-H157)*24*60) | AD157: =IF(AF157="","",INT(AF157)) | AE157: =IF(AF157="","",TEXT(AF157,"ss:dd")) | AF157: =[4]SayfaKAY!BA990 | AG157: =[4]SayfaKAY!S990 | AH157: =IF(P157="A(Hareket etmeyi engelleyen arıza)","Bu Arıza Aracın Servise Verilmesine Engel", IF(P157="B(Servisten çekmeye etki eden arıza)","Bu Arıza Aracın Servise Verilmesine Engel", IF(P157="C(Sisteme etki etmeyen arıza)","Bu Arıza Aracın Servise Verilmesine Engel Değil", IF(P157="D(Arıza Değil)","Bu Arıza Aracın Servise Verilmesine Engel Değil", "")))) | AI157: =[4]SayfaKAY!AV990 | AJ157: =IF(AL157="","",INT(AL157)) | AK157: =IF(AL157="","",TEXT(AL157,"ss:dd")) | AL157: =[4]SayfaKAY!AX990 | AM157: {=IFERROR(IF(AND(P157<>"D(Arıza Değil)",AH157="Bu Arıza Aracın Servise Verilmesine Engel Değil"), IF(Z157-F157>0,(AB157-Y157)*24*60, IF(OR(AND(G157>$AS$1,G157<$AT$1),AND(G157>$AU$1,G157<$AV$1)), (AF157-H157)*24*60, BH:BH0)), AN157),0)} | AN157: =IFERROR(IF(P157<>"D(Arıza Değil)",AC157,0),0) | AO157: =[4]SayfaKAY!AG990 | AP157: =[4]SayfaKAY!AI990 | AQ157: =[4]SayfaKAY!AQ990 | AR157: =[4]SayfaKAY!AH990 | AS157: =[4]SayfaKAY!AJ990 | AT157: =[4]SayfaKAY!AM990 | AU157: =[4]SayfaKAY!AL990 | AV157: =[4]SayfaKAY!AP990 | AW157: =[4]SayfaKAY!AT990 | AX157: =IF(V157="","",V157*AC157*BC$1) | BH157: =IFERROR(FRACAS!AN993, "Hata Var") -> 92145 | BK157: =[4]SayfaKAY!AW990 | BL157: =[4]SayfaKAY!V990 | BN157: =IF($AQ$1="X", IF(AND(G157>=$AS$1,G157<=$AT$1),IF(P157<>"D(Arıza Değil",AC157,0),IF(AND(G157>=$AU$1,G157<=$AV$1),IF(P157<>"D:Arıza Değil",AC157,0), "x var")), "x yok") -> x yok | BO157: =IF(OR(AND(G157>$AS$1,G157<$AT$1),AND(G157>$AU$1,G157<$AV$1)),"aynı gün giderilen arıza") -> FALSE | BP157: =IF(Z157-F157>0,"Bir günden fazla süren arıza",IF(OR(AND(G157>$AS$1,G157<$AT$1),AND(G157>$AU$1,G157<$AV$1)),"aynı gün giderilen arıza")) -> #VALUE! | BQ157: =(Y157-H157)*24*60 -> #VALUE! | BR157: =(AB157-Y157)*24*60 -> #VALUE! | BS157: =(AF157-H157)*24*60 -> #VALUE! | BV157: =COUNTIFS(B$5:B$9980,B157,H$5:H$9980,"<="&AF157,AF$5:AF$9980,">="&H157)-1 -> -1 | BW157: =IF(COUNTIFS(B$5:B$9980,B157,H$5:H$9980,"<="&AF157,AF$5:AF$9980,">="&H157)>1,"Evet, çakışma var","Hayır, çakışma yok") -> Hayır, çakışma yok | BY157: =Y157-H157 -> #VALUE! | BZ157: =AB157-Y157 -> #VALUE! | CA157: =AB157-H157 -> #VALUE! | CE157: 989 | CF157: =H157 | CG157: =AB157 | CK157: =AB157-Y157 -> #VALUE! | CL157: =Y157-H157 -> #VALUE! | CM157: =AB157-H157 -> #VALUE! | CO157: =AC157 | CP157: =CU157/24 -> #VALUE! | CQ157: =G157 | CR157: =Y157 | CS157: =AB157 | CT157: =(CR157-CQ157)*1440 -> #VALUE! | CU157: =(CS157-CR157)*1440 -> #VALUE! | CV157: =(CS157-CQ157)*1440 -> #VALUE! | CW157: =CT157/CV157 -> #VALUE!
A158: =[4]SayfaKAY!C991 | B158: =[4]SayfaKAY!D991 | C158: =[4]SayfaKAY!E991 | D158: =[4]SayfaKAY!F991 | E158: =[4]SayfaKAY!G991 | F158: =IF(H158="","",INT(H158)) | G158: =IF(H158="","",MOD(H158,1)) | H158: =[4]SayfaKAY!H991 | I158: =[4]SayfaKAY!I991 | J158: =IF([4]SayfaKAY!J991="","",IF([4]SayfaKAY!J991="Müşteri","Notified by Customer","Notified by Bozankaya")) | K158: =VLOOKUP([4]SayfaKAY!L991,#REF!,2,FALSE) -> #REF! | L158: =[4]SayfaKAY!X991 | M158: =IF( E158="", "", A158&"-"&E158) | N158: =[4]SayfaKAY!M991 | O158: =[4]SayfaKAY!P991 | P158: =[4]SayfaKAY!Q991 | Q158: =[4]SayfaKAY!R991 | R158: {=IF([4]SayfaKAY!U991="","",_xlfn.IFS([4]SayfaKAY!U991="Bozankaya","Bozankaya",[4]SayfaKAY!U991="Müşteri","Customer",[4]SayfaKAY!U991="Tedarikçi","Equipment Supplier"))} | S158: =[4]SayfaKAY!N991 | T158: =[4]SayfaKAY!AD991 | U158: =[4]SayfaKAY!W991 | V158: =[4]SayfaKAY!AZ991 | W158: =IF(Y158="","",INT(Y158)) | X158: =IF(Y158="","",TEXT(Y158,"ss:dd")) | Y158: =[4]SayfaKAY!AE991 | Z158: =IF(AB158="","",INT(AB158)) | AA158: =IF(AB158="","",TEXT(AB158,"ss:dd")) | AB158: =[4]SayfaKAY!BA991 | AC158: =IF(AF158="","",(AF158-H158)*24*60) | AD158: =IF(AF158="","",INT(AF158)) | AE158: =IF(AF158="","",TEXT(AF158,"ss:dd")) | AF158: =[4]SayfaKAY!BA991 | AG158: =[4]SayfaKAY!S991 | AH158: =IF(P158="A(Hareket etmeyi engelleyen arıza)","Bu Arıza Aracın Servise Verilmesine Engel", IF(P158="B(Servisten çekmeye etki eden arıza)","Bu Arıza Aracın Servise Verilmesine Engel", IF(P158="C(Sisteme etki etmeyen arıza)","Bu Arıza Aracın Servise Verilmesine Engel Değil", IF(P158="D(Arıza Değil)","Bu Arıza Aracın Servise Verilmesine Engel Değil", "")))) | AI158: =[4]SayfaKAY!AV991 | AJ158: =IF(AL158="","",INT(AL158)) | AK158: =IF(AL158="","",TEXT(AL158,"ss:dd")) | AL158: =[4]SayfaKAY!AX991 | AM158: {=IFERROR(IF(AND(P158<>"D(Arıza Değil)",AH158="Bu Arıza Aracın Servise Verilmesine Engel Değil"), IF(Z158-F158>0,(AB158-Y158)*24*60, IF(OR(AND(G158>$AS$1,G158<$AT$1),AND(G158>$AU$1,G158<$AV$1)), (AF158-H158)*24*60, BH:BH0)), AN158),0)} | AN158: =IFERROR(IF(P158<>"D(Arıza Değil)",AC158,0),0) | AO158: =[4]SayfaKAY!AG991 | AP158: =[4]SayfaKAY!AI991 | AQ158: =[4]SayfaKAY!AQ991 | AR158: =[4]SayfaKAY!AH991 | AS158: =[4]SayfaKAY!AJ991 | AT158: =[4]SayfaKAY!AM991 | AU158: =[4]SayfaKAY!AL991 | AV158: =[4]SayfaKAY!AP991 | AW158: =[4]SayfaKAY!AT991 | AX158: =IF(V158="","",V158*AC158*BC$1) | BB158: =IF($AQ$1="X", IF(AND(G158>=$AS$1,G158<=$AT$1),IF(P158<>"D(Arıza Değil)",AC158,0), IF(AND(G158>=$AU$1,G158<=$AV$1),IF(P158<>"D(Arıza Değil)",AC158,0), "")), "") | BH158: =IFERROR(FRACAS!AN994, "Hata Var") -> 206184 | BK158: =[4]SayfaKAY!AW991 | BL158: =[4]SayfaKAY!V991 | BN158: =IF($AQ$1="X", IF(AND(G158>=$AS$1,G158<=$AT$1),IF(P158<>"D(Arıza Değil",AC158,0),IF(AND(G158>=$AU$1,G158<=$AV$1),IF(P158<>"D:Arıza Değil",AC158,0), "x var")), "x yok") -> x yok | BO158: =IF(OR(AND(G158>$AS$1,G158<$AT$1),AND(G158>$AU$1,G158<$AV$1)),"aynı gün giderilen arıza") -> FALSE | BP158: =IF(Z158-F158>0,"Bir günden fazla süren arıza",IF(OR(AND(G158>$AS$1,G158<$AT$1),AND(G158>$AU$1,G158<$AV$1)),"aynı gün giderilen arıza")) -> #VALUE! | BQ158: =(Y158-H158)*24*60 -> #VALUE! | BR158: =(AB158-Y158)*24*60 -> #VALUE! | BS158: =(AF158-H158)*24*60 -> #VALUE! | BV158: =COUNTIFS(B$5:B$9980,B158,H$5:H$9980,"<="&AF158,AF$5:AF$9980,">="&H158)-1 -> -1 | BW158: =IF(COUNTIFS(B$5:B$9980,B158,H$5:H$9980,"<="&AF158,AF$5:AF$9980,">="&H158)>1,"Evet, çakışma var","Hayır, çakışma yok") -> Hayır, çakışma yok | BY158: =Y158-H158 -> #VALUE! | BZ158: =AB158-Y158 -> #VALUE! | CA158: =AB158-H158 -> #VALUE! | CE158: 990 | CF158: =H158 | CG158: =AB158 | CK158: =AB158-Y158 -> #VALUE! | CL158: =Y158-H158 -> #VALUE! | CM158: =AB158-H158 -> #VALUE! | CO158: =AC158 | CP158: =CU158/24 -> #VALUE! | CQ158: =G158 | CR158: =Y158 | CS158: =AB158 | CT158: =(CR158-CQ158)*1440 -> #VALUE! | CU158: =(CS158-CR158)*1440 -> #VALUE! | CV158: =(CS158-CQ158)*1440 -> #VALUE! | CW158: =CT158/CV158 -> #VALUE!
A159: =[4]SayfaKAY!C992 | B159: =[4]SayfaKAY!D992 | C159: =[4]SayfaKAY!E992 | D159: =[4]SayfaKAY!F992 | E159: =[4]SayfaKAY!G992 | F159: =IF(H159="","",INT(H159)) | G159: =IF(H159="","",MOD(H159,1)) | H159: =[4]SayfaKAY!H992 | I159: =[4]SayfaKAY!I992 | J159: =IF([4]SayfaKAY!J992="","",IF([4]SayfaKAY!J992="Müşteri","Notified by Customer","Notified by Bozankaya")) | K159: =VLOOKUP([4]SayfaKAY!L992,#REF!,2,FALSE) -> #REF! | L159: =[4]SayfaKAY!X992 | M159: =IF( E159="", "", A159&"-"&E159) | N159: =[4]SayfaKAY!M992 | O159: =[4]SayfaKAY!P992 | P159: =[4]SayfaKAY!Q992 | Q159: =[4]SayfaKAY!R992 | R159: {=IF([4]SayfaKAY!U992="","",_xlfn.IFS([4]SayfaKAY!U992="Bozankaya","Bozankaya",[4]SayfaKAY!U992="Müşteri","Customer",[4]SayfaKAY!U992="Tedarikçi","Equipment Supplier"))} | S159: =[4]SayfaKAY!N992 | T159: =[4]SayfaKAY!AD992 | U159: =[4]SayfaKAY!W992 | V159: =[4]SayfaKAY!AZ992 | W159: =IF(Y159="","",INT(Y159)) | X159: =IF(Y159="","",TEXT(Y159,"ss:dd")) | Y159: =[4]SayfaKAY!AE992 | Z159: =IF(AB159="","",INT(AB159)) | AA159: =IF(AB159="","",TEXT(AB159,"ss:dd")) | AB159: =[4]SayfaKAY!BA992 | AC159: =IF(AF159="","",(AF159-H159)*24*60) | AD159: =IF(AF159="","",INT(AF159)) | AE159: =IF(AF159="","",TEXT(AF159,"ss:dd")) | AF159: =[4]SayfaKAY!BA992 | AG159: =[4]SayfaKAY!S992 | AH159: =IF(P159="A(Hareket etmeyi engelleyen arıza)","Bu Arıza Aracın Servise Verilmesine Engel", IF(P159="B(Servisten çekmeye etki eden arıza)","Bu Arıza Aracın Servise Verilmesine Engel", IF(P159="C(Sisteme etki etmeyen arıza)","Bu Arıza Aracın Servise Verilmesine Engel Değil", IF(P159="D(Arıza Değil)","Bu Arıza Aracın Servise Verilmesine Engel Değil", "")))) | AI159: =[4]SayfaKAY!AV992 | AJ159: =IF(AL159="","",INT(AL159)) | AK159: =IF(AL159="","",TEXT(AL159,"ss:dd")) | AL159: =[4]SayfaKAY!AX992 | AM159: {=IFERROR(IF(AND(P159<>"D(Arıza Değil)",AH159="Bu Arıza Aracın Servise Verilmesine Engel Değil"), IF(Z159-F159>0,(AB159-Y159)*24*60, IF(OR(AND(G159>$AS$1,G159<$AT$1),AND(G159>$AU$1,G159<$AV$1)), (AF159-H159)*24*60, BH:BH0)), AN159),0)} | AN159: =IFERROR(IF(P159<>"D(Arıza Değil)",AC159,0),0) | AO159: =[4]SayfaKAY!AG992 | AP159: =[4]SayfaKAY!AI992 | AQ159: =[4]SayfaKAY!AQ992 | AR159: =[4]SayfaKAY!AH992 | AS159: =[4]SayfaKAY!AJ992 | AT159: =[4]SayfaKAY!AM992 | AU159: =[4]SayfaKAY!AL992 | AV159: =[4]SayfaKAY!AP992 | AW159: =[4]SayfaKAY!AT992 | AX159: =IF(V159="","",V159*AC159*BC$1) | BH159: =IFERROR(FRACAS!AN995, "Hata Var") -> 206183 | BK159: =[4]SayfaKAY!AW992 | BL159: =[4]SayfaKAY!V992 | BN159: =IF($AQ$1="X", IF(AND(G159>=$AS$1,G159<=$AT$1),IF(P159<>"D(Arıza Değil",AC159,0),IF(AND(G159>=$AU$1,G159<=$AV$1),IF(P159<>"D:Arıza Değil",AC159,0), "x var")), "x yok") -> x yok | BO159: =IF(OR(AND(G159>$AS$1,G159<$AT$1),AND(G159>$AU$1,G159<$AV$1)),"aynı gün giderilen arıza") -> FALSE | BP159: =IF(Z159-F159>0,"Bir günden fazla süren arıza",IF(OR(AND(G159>$AS$1,G159<$AT$1),AND(G159>$AU$1,G159<$AV$1)),"aynı gün giderilen arıza")) -> #VALUE! | BQ159: =(Y159-H159)*24*60 -> #VALUE! | BR159: =(AB159-Y159)*24*60 -> #VALUE! | BS159: =(AF159-H159)*24*60 -> #VALUE! | BV159: =COUNTIFS(B$5:B$9980,B159,H$5:H$9980,"<="&AF159,AF$5:AF$9980,">="&H159)-1 -> -1 | BW159: =IF(COUNTIFS(B$5:B$9980,B159,H$5:H$9980,"<="&AF159,AF$5:AF$9980,">="&H159)>1,"Evet, çakışma var","Hayır, çakışma yok") -> Hayır, çakışma yok | BY159: =Y159-H159 -> #VALUE! | BZ159: =AB159-Y159 -> #VALUE! | CA159: =AB159-H159 -> #VALUE! | CE159: 991 | CF159: =H159 | CG159: =AB159 | CK159: =AB159-Y159 -> #VALUE! | CL159: =Y159-H159 -> #VALUE! | CM159: =AB159-H159 -> #VALUE! | CO159: =AC159 | CP159: =CU159/24 -> #VALUE! | CQ159: =G159 | CR159: =Y159 | CS159: =AB159 | CT159: =(CR159-CQ159)*1440 -> #VALUE! | CU159: =(CS159-CR159)*1440 -> #VALUE! | CV159: =(CS159-CQ159)*1440 -> #VALUE! | CW159: =CT159/CV159 -> #VALUE!
A160: =[4]SayfaKAY!C993 | B160: =[4]SayfaKAY!D993 | C160: =[4]SayfaKAY!E993 | D160: =[4]SayfaKAY!F993 | E160: =[4]SayfaKAY!G993 | F160: =IF(H160="","",INT(H160)) | G160: =IF(H160="","",MOD(H160,1)) | H160: =[4]SayfaKAY!H993 | I160: =[4]SayfaKAY!I993 | J160: =IF([4]SayfaKAY!J993="","",IF([4]SayfaKAY!J993="Müşteri","Notified by Customer","Notified by Bozankaya")) | K160: =VLOOKUP([4]SayfaKAY!L993,#REF!,2,FALSE) -> #REF! | L160: =[4]SayfaKAY!X993 | M160: =IF( E160="", "", A160&"-"&E160) | N160: =[4]SayfaKAY!M993 | O160: =[4]SayfaKAY!P993 | P160: =[4]SayfaKAY!Q993 | Q160: =[4]SayfaKAY!R993 | R160: {=IF([4]SayfaKAY!U993="","",_xlfn.IFS([4]SayfaKAY!U993="Bozankaya","Bozankaya",[4]SayfaKAY!U993="Müşteri","Customer",[4]SayfaKAY!U993="Tedarikçi","Equipment Supplier"))} | S160: =[4]SayfaKAY!N993 | T160: =[4]SayfaKAY!AD993 | U160: =[4]SayfaKAY!W993 | V160: =[4]SayfaKAY!AZ993 | W160: =IF(Y160="","",INT(Y160)) | X160: =IF(Y160="","",TEXT(Y160,"ss:dd")) | Y160: =[4]SayfaKAY!AE993 | Z160: =IF(AB160="","",INT(AB160)) | AA160: =IF(AB160="","",TEXT(AB160,"ss:dd")) | AB160: =[4]SayfaKAY!BA993 | AC160: =IF(AF160="","",(AF160-H160)*24*60) | AD160: =IF(AF160="","",INT(AF160)) | AE160: =IF(AF160="","",TEXT(AF160,"ss:dd")) | AF160: =[4]SayfaKAY!BA993 | AG160: =[4]SayfaKAY!S993 | AH160: =IF(P160="A(Hareket etmeyi engelleyen arıza)","Bu Arıza Aracın Servise Verilmesine Engel", IF(P160="B(Servisten çekmeye etki eden arıza)","Bu Arıza Aracın Servise Verilmesine Engel", IF(P160="C(Sisteme etki etmeyen arıza)","Bu Arıza Aracın Servise Verilmesine Engel Değil", IF(P160="D(Arıza Değil)","Bu Arıza Aracın Servise Verilmesine Engel Değil", "")))) | AI160: =[4]SayfaKAY!AV993 | AJ160: =IF(AL160="","",INT(AL160)) | AK160: =IF(AL160="","",TEXT(AL160,"ss:dd")) | AL160: =[4]SayfaKAY!AX993 | AM160: {=IFERROR(IF(AND(P160<>"D(Arıza Değil)",AH160="Bu Arıza Aracın Servise Verilmesine Engel Değil"), IF(Z160-F160>0,(AB160-Y160)*24*60, IF(OR(AND(G160>$AS$1,G160<$AT$1),AND(G160>$AU$1,G160<$AV$1)), (AF160-H160)*24*60, BH:BH0)), AN160),0)} | AN160: =IFERROR(IF(P160<>"D(Arıza Değil)",AC160,0),0) | AO160: =[4]SayfaKAY!AG993 | AP160: =[4]SayfaKAY!AI993 | AQ160: =[4]SayfaKAY!AQ993 | AR160: =[4]SayfaKAY!AH993 | AS160: =[4]SayfaKAY!AJ993 | AT160: =[4]SayfaKAY!AM993 | AU160: =[4]SayfaKAY!AL993 | AV160: =[4]SayfaKAY!AP993 | AW160: =[4]SayfaKAY!AT993 | AX160: =IF(V160="","",V160*AC160*BC$1) | BB160: =IF($AQ$1="X", IF(AND(G160>=$AS$1,G160<=$AT$1),IF(P160<>"D(Arıza Değil)",AC160,0), IF(AND(G160>=$AU$1,G160<=$AV$1),IF(P160<>"D(Arıza Değil)",AC160,0), "")), "") | BH160: =IFERROR(FRACAS!AN996, "Hata Var") -> 206178 | BK160: =[4]SayfaKAY!AW993 | BL160: =[4]SayfaKAY!V993 | BN160: =IF($AQ$1="X", IF(AND(G160>=$AS$1,G160<=$AT$1),IF(P160<>"D(Arıza Değil",AC160,0),IF(AND(G160>=$AU$1,G160<=$AV$1),IF(P160<>"D:Arıza Değil",AC160,0), "x var")), "x yok") -> x yok | BO160: =IF(OR(AND(G160>$AS$1,G160<$AT$1),AND(G160>$AU$1,G160<$AV$1)),"aynı gün giderilen arıza") -> FALSE | BP160: =IF(Z160-F160>0,"Bir günden fazla süren arıza",IF(OR(AND(G160>$AS$1,G160<$AT$1),AND(G160>$AU$1,G160<$AV$1)),"aynı gün giderilen arıza")) -> #VALUE! | BQ160: =(Y160-H160)*24*60 -> #VALUE! | BR160: =(AB160-Y160)*24*60 -> #VALUE! | BS160: =(AF160-H160)*24*60 -> #VALUE! | BV160: =COUNTIFS(B$5:B$9980,B160,H$5:H$9980,"<="&AF160,AF$5:AF$9980,">="&H160)-1 -> -1 | BW160: =IF(COUNTIFS(B$5:B$9980,B160,H$5:H$9980,"<="&AF160,AF$5:AF$9980,">="&H160)>1,"Evet, çakışma var","Hayır, çakışma yok") -> Hayır, çakışma yok | BY160: =Y160-H160 -> #VALUE! | BZ160: =AB160-Y160 -> #VALUE! | CA160: =AB160-H160 -> #VALUE! | CE160: 992 | CF160: =H160 | CG160: =AB160 | CK160: =AB160-Y160 -> #VALUE! | CL160: =Y160-H160 -> #VALUE! | CM160: =AB160-H160 -> #VALUE! | CO160: =AC160 | CP160: =CU160/24 -> #VALUE! | CQ160: =G160 | CR160: =Y160 | CS160: =AB160 | CT160: =(CR160-CQ160)*1440 -> #VALUE! | CU160: =(CS160-CR160)*1440 -> #VALUE! | CV160: =(CS160-CQ160)*1440 -> #VALUE! | CW160: =CT160/CV160 -> #VALUE!
A161: =[4]SayfaKAY!C994 | B161: =[4]SayfaKAY!D994 | C161: =[4]SayfaKAY!E994 | D161: =[4]SayfaKAY!F994 | E161: =[4]SayfaKAY!G994 | F161: =IF(H161="","",INT(H161)) | G161: =IF(H161="","",MOD(H161,1)) | H161: =[4]SayfaKAY!H994 | I161: =[4]SayfaKAY!I994 | J161: =IF([4]SayfaKAY!J994="","",IF([4]SayfaKAY!J994="Müşteri","Notified by Customer","Notified by Bozankaya")) | K161: =VLOOKUP([4]SayfaKAY!L994,#REF!,2,FALSE) -> #REF! | L161: =[4]SayfaKAY!X994 | M161: =IF( E161="", "", A161&"-"&E161) | N161: =[4]SayfaKAY!M994 | O161: =[4]SayfaKAY!P994 | P161: =[4]SayfaKAY!Q994 | Q161: =[4]SayfaKAY!R994 | R161: {=IF([4]SayfaKAY!U994="","",_xlfn.IFS([4]SayfaKAY!U994="Bozankaya","Bozankaya",[4]SayfaKAY!U994="Müşteri","Customer",[4]SayfaKAY!U994="Tedarikçi","Equipment Supplier"))} | S161: =[4]SayfaKAY!N994 | T161: =[4]SayfaKAY!AD994 | U161: =[4]SayfaKAY!W994 | V161: =[4]SayfaKAY!AZ994 | W161: =IF(Y161="","",INT(Y161)) | X161: =IF(Y161="","",TEXT(Y161,"ss:dd")) | Y161: =[4]SayfaKAY!AE994 | Z161: =IF(AB161="","",INT(AB161)) | AA161: =IF(AB161="","",TEXT(AB161,"ss:dd")) | AB161: =[4]SayfaKAY!BA994 | AC161: =IF(AF161="","",(AF161-H161)*24*60) | AD161: =IF(AF161="","",INT(AF161)) | AE161: =IF(AF161="","",TEXT(AF161,"ss:dd")) | AF161: =[4]SayfaKAY!BA994 | AG161: =[4]SayfaKAY!S994 | AH161: =IF(P161="A(Hareket etmeyi engelleyen arıza)","Bu Arıza Aracın Servise Verilmesine Engel", IF(P161="B(Servisten çekmeye etki eden arıza)","Bu Arıza Aracın Servise Verilmesine Engel", IF(P161="C(Sisteme etki etmeyen arıza)","Bu Arıza Aracın Servise Verilmesine Engel Değil", IF(P161="D(Arıza Değil)","Bu Arıza Aracın Servise Verilmesine Engel Değil", "")))) | AI161: =[4]SayfaKAY!AV994 | AJ161: =IF(AL161="","",INT(AL161)) | AK161: =IF(AL161="","",TEXT(AL161,"ss:dd")) | AL161: =[4]SayfaKAY!AX994 | AM161: {=IFERROR(IF(AND(P161<>"D(Arıza Değil)",AH161="Bu Arıza Aracın Servise Verilmesine Engel Değil"), IF(Z161-F161>0,(AB161-Y161)*24*60, IF(OR(AND(G161>$AS$1,G161<$AT$1),AND(G161>$AU$1,G161<$AV$1)), (AF161-H161)*24*60, BH:BH0)), AN161),0)} | AN161: =IFERROR(IF(P161<>"D(Arıza Değil)",AC161,0),0) | AO161: =[4]SayfaKAY!AG994 | AP161: =[4]SayfaKAY!AI994 | AQ161: =[4]SayfaKAY!AQ994 | AR161: =[4]SayfaKAY!AH994 | AS161: =[4]SayfaKAY!AJ994 | AT161: =[4]SayfaKAY!AM994 | AU161: =[4]SayfaKAY!AL994 | AV161: =[4]SayfaKAY!AP994 | AW161: =[4]SayfaKAY!AT994 | AX161: =IF(V161="","",V161*AC161*BC$1) | BH161: =IFERROR(FRACAS!AN997, "Hata Var") -> 346 | BK161: =[4]SayfaKAY!AW994 | BL161: =[4]SayfaKAY!V994 | BN161: =IF($AQ$1="X", IF(AND(G161>=$AS$1,G161<=$AT$1),IF(P161<>"D(Arıza Değil",AC161,0),IF(AND(G161>=$AU$1,G161<=$AV$1),IF(P161<>"D:Arıza Değil",AC161,0), "x var")), "x yok") -> x yok | BO161: =IF(OR(AND(G161>$AS$1,G161<$AT$1),AND(G161>$AU$1,G161<$AV$1)),"aynı gün giderilen arıza") -> FALSE | BP161: =IF(Z161-F161>0,"Bir günden fazla süren arıza",IF(OR(AND(G161>$AS$1,G161<$AT$1),AND(G161>$AU$1,G161<$AV$1)),"aynı gün giderilen arıza")) -> #VALUE! | BQ161: =(Y161-H161)*24*60 -> #VALUE! | BR161: =(AB161-Y161)*24*60 -> #VALUE! | BS161: =(AF161-H161)*24*60 -> #VALUE! | BV161: =COUNTIFS(B$5:B$9980,B161,H$5:H$9980,"<="&AF161,AF$5:AF$9980,">="&H161)-1 -> -1 | BW161: =IF(COUNTIFS(B$5:B$9980,B161,H$5:H$9980,"<="&AF161,AF$5:AF$9980,">="&H161)>1,"Evet, çakışma var","Hayır, çakışma yok") -> Hayır, çakışma yok | BY161: =Y161-H161 -> #VALUE! | BZ161: =AB161-Y161 -> #VALUE! | CA161: =AB161-H161 -> #VALUE! | CE161: 993 | CF161: =H161 | CG161: =AB161 | CK161: =AB161-Y161 -> #VALUE! | CL161: =Y161-H161 -> #VALUE! | CM161: =AB161-H161 -> #VALUE! | CO161: =AC161 | CP161: =CU161/24 -> #VALUE! | CQ161: =G161 | CR161: =Y161 | CS161: =AB161 | CT161: =(CR161-CQ161)*1440 -> #VALUE! | CU161: =(CS161-CR161)*1440 -> #VALUE! | CV161: =(CS161-CQ161)*1440 -> #VALUE! | CW161: =CT161/CV161 -> #VALUE!
A162: =[4]SayfaKAY!C995 | B162: =[4]SayfaKAY!D995 | C162: =[4]SayfaKAY!E995 | D162: =[4]SayfaKAY!F995 | E162: =[4]SayfaKAY!G995 | F162: =IF(H162="","",INT(H162)) | G162: =IF(H162="","",MOD(H162,1)) | H162: =[4]SayfaKAY!H995 | I162: =[4]SayfaKAY!I995 | J162: =IF([4]SayfaKAY!J995="","",IF([4]SayfaKAY!J995="Müşteri","Notified by Customer","Notified by Bozankaya")) | K162: =VLOOKUP([4]SayfaKAY!L995,#REF!,2,FALSE) -> #REF! | L162: =[4]SayfaKAY!X995 | M162: =IF( E162="", "", A162&"-"&E162) | N162: =[4]SayfaKAY!M995 | O162: =[4]SayfaKAY!P995 | P162: =[4]SayfaKAY!Q995 | Q162: =[4]SayfaKAY!R995 | R162: {=IF([4]SayfaKAY!U995="","",_xlfn.IFS([4]SayfaKAY!U995="Bozankaya","Bozankaya",[4]SayfaKAY!U995="Müşteri","Customer",[4]SayfaKAY!U995="Tedarikçi","Equipment Supplier"))} | S162: =[4]SayfaKAY!N995 | T162: =[4]SayfaKAY!AD995 | U162: =[4]SayfaKAY!W995 | V162: =[4]SayfaKAY!AZ995 | W162: =IF(Y162="","",INT(Y162)) | X162: =IF(Y162="","",TEXT(Y162,"ss:dd")) | Y162: =[4]SayfaKAY!AE995 | Z162: =IF(AB162="","",INT(AB162)) | AA162: =IF(AB162="","",TEXT(AB162,"ss:dd")) | AB162: =[4]SayfaKAY!BA995 | AC162: =IF(AF162="","",(AF162-H162)*24*60) | AD162: =IF(AF162="","",INT(AF162)) | AE162: =IF(AF162="","",TEXT(AF162,"ss:dd")) | AF162: =[4]SayfaKAY!BA995 | AG162: =[4]SayfaKAY!S995 | AH162: =IF(P162="A(Hareket etmeyi engelleyen arıza)","Bu Arıza Aracın Servise Verilmesine Engel", IF(P162="B(Servisten çekmeye etki eden arıza)","Bu Arıza Aracın Servise Verilmesine Engel", IF(P162="C(Sisteme etki etmeyen arıza)","Bu Arıza Aracın Servise Verilmesine Engel Değil", IF(P162="D(Arıza Değil)","Bu Arıza Aracın Servise Verilmesine Engel Değil", "")))) | AI162: =[4]SayfaKAY!AV995 | AJ162: =IF(AL162="","",INT(AL162)) | AK162: =IF(AL162="","",TEXT(AL162,"ss:dd")) | AL162: =[4]SayfaKAY!AX995 | AM162: {=IFERROR(IF(AND(P162<>"D(Arıza Değil)",AH162="Bu Arıza Aracın Servise Verilmesine Engel Değil"), IF(Z162-F162>0,(AB162-Y162)*24*60, IF(OR(AND(G162>$AS$1,G162<$AT$1),AND(G162>$AU$1,G162<$AV$1)), (AF162-H162)*24*60, BH:BH0)), AN162),0)} | AN162: =IFERROR(IF(P162<>"D(Arıza Değil)",AC162,0),0) | AO162: =[4]SayfaKAY!AG995 | AP162: =[4]SayfaKAY!AI995 | AQ162: =[4]SayfaKAY!AQ995 | AR162: =[4]SayfaKAY!AH995 | AS162: =[4]SayfaKAY!AJ995 | AT162: =[4]SayfaKAY!AM995 | AU162: =[4]SayfaKAY!AL995 | AV162: =[4]SayfaKAY!AP995 | AW162: =[4]SayfaKAY!AT995 | AX162: =IF(V162="","",V162*AC162*BC$1) | BB162: =IF($AQ$1="X", IF(AND(G162>=$AS$1,G162<=$AT$1),IF(P162<>"D(Arıza Değil)",AC162,0), IF(AND(G162>=$AU$1,G162<=$AV$1),IF(P162<>"D(Arıza Değil)",AC162,0), "")), "") | BH162: =IFERROR(FRACAS!AN998, "Hata Var") -> 116 | BK162: =[4]SayfaKAY!AW995 | BL162: =[4]SayfaKAY!V995 | BN162: =IF($AQ$1="X", IF(AND(G162>=$AS$1,G162<=$AT$1),IF(P162<>"D(Arıza Değil",AC162,0),IF(AND(G162>=$AU$1,G162<=$AV$1),IF(P162<>"D:Arıza Değil",AC162,0), "x var")), "x yok") -> x yok | BO162: =IF(OR(AND(G162>$AS$1,G162<$AT$1),AND(G162>$AU$1,G162<$AV$1)),"aynı gün giderilen arıza") -> FALSE | BP162: =IF(Z162-F162>0,"Bir günden fazla süren arıza",IF(OR(AND(G162>$AS$1,G162<$AT$1),AND(G162>$AU$1,G162<$AV$1)),"aynı gün giderilen arıza")) -> #VALUE! | BQ162: =(Y162-H162)*24*60 -> #VALUE! | BR162: =(AB162-Y162)*24*60 -> #VALUE! | BS162: =(AF162-H162)*24*60 -> #VALUE! | BV162: =COUNTIFS(B$5:B$9980,B162,H$5:H$9980,"<="&AF162,AF$5:AF$9980,">="&H162)-1 -> -1 | BW162: =IF(COUNTIFS(B$5:B$9980,B162,H$5:H$9980,"<="&AF162,AF$5:AF$9980,">="&H162)>1,"Evet, çakışma var","Hayır, çakışma yok") -> Hayır, çakışma yok | BY162: =Y162-H162 -> #VALUE! | BZ162: =AB162-Y162 -> #VALUE! | CA162: =AB162-H162 -> #VALUE! | CE162: 994 | CF162: =H162 | CG162: =AB162 | CK162: =AB162-Y162 -> #VALUE! | CL162: =Y162-H162 -> #VALUE! | CM162: =AB162-H162 -> #VALUE! | CO162: =AC162 | CP162: =CU162/24 -> #VALUE! | CQ162: =G162 | CR162: =Y162 | CS162: =AB162 | CT162: =(CR162-CQ162)*1440 -> #VALUE! | CU162: =(CS162-CR162)*1440 -> #VALUE! | CV162: =(CS162-CQ162)*1440 -> #VALUE! | CW162: =CT162/CV162 -> #VALUE!
A163: =[4]SayfaKAY!C996 | B163: =[4]SayfaKAY!D996 | C163: =[4]SayfaKAY!E996 | D163: =[4]SayfaKAY!F996 | E163: =[4]SayfaKAY!G996 | F163: =IF(H163="","",INT(H163)) | G163: =IF(H163="","",MOD(H163,1)) | H163: =[4]SayfaKAY!H996 | I163: =[4]SayfaKAY!I996 | J163: =IF([4]SayfaKAY!J996="","",IF([4]SayfaKAY!J996="Müşteri","Notified by Customer","Notified by Bozankaya")) | K163: =VLOOKUP([4]SayfaKAY!L996,#REF!,2,FALSE) -> #REF! | L163: =[4]SayfaKAY!X996 | M163: =IF( E163="", "", A163&"-"&E163) | N163: =[4]SayfaKAY!M996 | O163: =[4]SayfaKAY!P996 | P163: =[4]SayfaKAY!Q996 | Q163: =[4]SayfaKAY!R996 | R163: {=IF([4]SayfaKAY!U996="","",_xlfn.IFS([4]SayfaKAY!U996="Bozankaya","Bozankaya",[4]SayfaKAY!U996="Müşteri","Customer",[4]SayfaKAY!U996="Tedarikçi","Equipment Supplier"))} | S163: =[4]SayfaKAY!N996 | T163: =[4]SayfaKAY!AD996 | U163: =[4]SayfaKAY!W996 | V163: =[4]SayfaKAY!AZ996 | W163: =IF(Y163="","",INT(Y163)) | X163: =IF(Y163="","",TEXT(Y163,"ss:dd")) | Y163: =[4]SayfaKAY!AE996 | Z163: =IF(AB163="","",INT(AB163)) | AA163: =IF(AB163="","",TEXT(AB163,"ss:dd")) | AB163: =[4]SayfaKAY!BA996 | AC163: =IF(AF163="","",(AF163-H163)*24*60) | AD163: =IF(AF163="","",INT(AF163)) | AE163: =IF(AF163="","",TEXT(AF163,"ss:dd")) | AF163: =[4]SayfaKAY!BA996 | AG163: =[4]SayfaKAY!S996 | AH163: =IF(P163="A(Hareket etmeyi engelleyen arıza)","Bu Arıza Aracın Servise Verilmesine Engel", IF(P163="B(Servisten çekmeye etki eden arıza)","Bu Arıza Aracın Servise Verilmesine Engel", IF(P163="C(Sisteme etki etmeyen arıza)","Bu Arıza Aracın Servise Verilmesine Engel Değil", IF(P163="D(Arıza Değil)","Bu Arıza Aracın Servise Verilmesine Engel Değil", "")))) | AI163: =[4]SayfaKAY!AV996 | AJ163: =IF(AL163="","",INT(AL163)) | AK163: =IF(AL163="","",TEXT(AL163,"ss:dd")) | AL163: =[4]SayfaKAY!AX996 | AM163: {=IFERROR(IF(AND(P163<>"D(Arıza Değil)",AH163="Bu Arıza Aracın Servise Verilmesine Engel Değil"), IF(Z163-F163>0,(AB163-Y163)*24*60, IF(OR(AND(G163>$AS$1,G163<$AT$1),AND(G163>$AU$1,G163<$AV$1)), (AF163-H163)*24*60, BH:BH0)), AN163),0)} | AN163: =IFERROR(IF(P163<>"D(Arıza Değil)",AC163,0),0) | AO163: =[4]SayfaKAY!AG996 | AP163: =[4]SayfaKAY!AI996 | AQ163: =[4]SayfaKAY!AQ996 | AR163: =[4]SayfaKAY!AH996 | AS163: =[4]SayfaKAY!AJ996 | AT163: =[4]SayfaKAY!AM996 | AU163: =[4]SayfaKAY!AL996 | AV163: =[4]SayfaKAY!AP996 | AW163: =[4]SayfaKAY!AT996 | AX163: =IF(V163="","",V163*AC163*BC$1) | BH163: =IFERROR(FRACAS!AN999, "Hata Var") -> 290963 | BK163: =[4]SayfaKAY!AW996 | BL163: =[4]SayfaKAY!V996 | BN163: =IF($AQ$1="X", IF(AND(G163>=$AS$1,G163<=$AT$1),IF(P163<>"D(Arıza Değil",AC163,0),IF(AND(G163>=$AU$1,G163<=$AV$1),IF(P163<>"D:Arıza Değil",AC163,0), "x var")), "x yok") -> x yok | BO163: =IF(OR(AND(G163>$AS$1,G163<$AT$1),AND(G163>$AU$1,G163<$AV$1)),"aynı gün giderilen arıza") -> FALSE | BP163: =IF(Z163-F163>0,"Bir günden fazla süren arıza",IF(OR(AND(G163>$AS$1,G163<$AT$1),AND(G163>$AU$1,G163<$AV$1)),"aynı gün giderilen arıza")) -> #VALUE! | BQ163: =(Y163-H163)*24*60 -> #VALUE! | BR163: =(AB163-Y163)*24*60 -> #VALUE! | BS163: =(AF163-H163)*24*60 -> #VALUE! | BV163: =COUNTIFS(B$5:B$9980,B163,H$5:H$9980,"<="&AF163,AF$5:AF$9980,">="&H163)-1 -> -1 | BW163: =IF(COUNTIFS(B$5:B$9980,B163,H$5:H$9980,"<="&AF163,AF$5:AF$9980,">="&H163)>1,"Evet, çakışma var","Hayır, çakışma yok") -> Hayır, çakışma yok | BY163: =Y163-H163 -> #VALUE! | BZ163: =AB163-Y163 -> #VALUE! | CA163: =AB163-H163 -> #VALUE! | CE163: 995 | CF163: =H163 | CG163: =AB163 | CK163: =AB163-Y163 -> #VALUE! | CL163: =Y163-H163 -> #VALUE! | CM163: =AB163-H163 -> #VALUE! | CO163: =AC163 | CP163: =CU163/24 -> #VALUE! | CQ163: =G163 | CR163: =Y163 | CS163: =AB163 | CT163: =(CR163-CQ163)*1440 -> #VALUE! | CU163: =(CS163-CR163)*1440 -> #VALUE! | CV163: =(CS163-CQ163)*1440 -> #VALUE! | CW163: =CT163/CV163 -> #VALUE!
A164: =[4]SayfaKAY!C997 | B164: =[4]SayfaKAY!D997 | C164: =[4]SayfaKAY!E997 | D164: =[4]SayfaKAY!F997 | E164: =[4]SayfaKAY!G997 | F164: =IF(H164="","",INT(H164)) | G164: =IF(H164="","",MOD(H164,1)) | H164: =[4]SayfaKAY!H997 | I164: =[4]SayfaKAY!I997 | J164: =IF([4]SayfaKAY!J997="","",IF([4]SayfaKAY!J997="Müşteri","Notified by Customer","Notified by Bozankaya")) | K164: =VLOOKUP([4]SayfaKAY!L997,#REF!,2,FALSE) -> #REF! | L164: =[4]SayfaKAY!X997 | M164: =IF( E164="", "", A164&"-"&E164) | N164: =[4]SayfaKAY!M997 | O164: =[4]SayfaKAY!P997 | P164: =[4]SayfaKAY!Q997 | Q164: =[4]SayfaKAY!R997 | R164: {=IF([4]SayfaKAY!U997="","",_xlfn.IFS([4]SayfaKAY!U997="Bozankaya","Bozankaya",[4]SayfaKAY!U997="Müşteri","Customer",[4]SayfaKAY!U997="Tedarikçi","Equipment Supplier"))} | S164: =[4]SayfaKAY!N997 | T164: =[4]SayfaKAY!AD997 | U164: =[4]SayfaKAY!W997 | V164: =[4]SayfaKAY!AZ997 | W164: =IF(Y164="","",INT(Y164)) | X164: =IF(Y164="","",TEXT(Y164,"ss:dd")) | Y164: =[4]SayfaKAY!AE997 | Z164: =IF(AB164="","",INT(AB164)) | AA164: =IF(AB164="","",TEXT(AB164,"ss:dd")) | AB164: =[4]SayfaKAY!BA997 | AC164: =IF(AF164="","",(AF164-H164)*24*60) | AD164: =IF(AF164="","",INT(AF164)) | AE164: =IF(AF164="","",TEXT(AF164,"ss:dd")) | AF164: =[4]SayfaKAY!BA997 | AG164: =[4]SayfaKAY!S997 | AH164: =IF(P164="A(Hareket etmeyi engelleyen arıza)","Bu Arıza Aracın Servise Verilmesine Engel", IF(P164="B(Servisten çekmeye etki eden arıza)","Bu Arıza Aracın Servise Verilmesine Engel", IF(P164="C(Sisteme etki etmeyen arıza)","Bu Arıza Aracın Servise Verilmesine Engel Değil", IF(P164="D(Arıza Değil)","Bu Arıza Aracın Servise Verilmesine Engel Değil", "")))) | AI164: =[4]SayfaKAY!AV997 | AJ164: =IF(AL164="","",INT(AL164)) | AK164: =IF(AL164="","",TEXT(AL164,"ss:dd")) | AL164: =[4]SayfaKAY!AX997 | AM164: {=IFERROR(IF(AND(P164<>"D(Arıza Değil)",AH164="Bu Arıza Aracın Servise Verilmesine Engel Değil"), IF(Z164-F164>0,(AB164-Y164)*24*60, IF(OR(AND(G164>$AS$1,G164<$AT$1),AND(G164>$AU$1,G164<$AV$1)), (AF164-H164)*24*60, BH:BH0)), AN164),0)} | AN164: =IFERROR(IF(P164<>"D(Arıza Değil)",AC164,0),0) | AO164: =[4]SayfaKAY!AG997 | AP164: =[4]SayfaKAY!AI997 | AQ164: =[4]SayfaKAY!AQ997 | AR164: =[4]SayfaKAY!AH997 | AS164: =[4]SayfaKAY!AJ997 | AT164: =[4]SayfaKAY!AM997 | AU164: =[4]SayfaKAY!AL997 | AV164: =[4]SayfaKAY!AP997 | AW164: =[4]SayfaKAY!AT997 | AX164: =IF(V164="","",V164*AC164*BC$1) | BB164: =IF($AQ$1="X", IF(AND(G164>=$AS$1,G164<=$AT$1),IF(P164<>"D(Arıza Değil)",AC164,0), IF(AND(G164>=$AU$1,G164<=$AV$1),IF(P164<>"D(Arıza Değil)",AC164,0), "")), "") | BH164: =IFERROR(FRACAS!AN1000, "Hata Var") -> 292162 | BK164: =[4]SayfaKAY!AW997 | BL164: =[4]SayfaKAY!V997 | BN164: =IF($AQ$1="X", IF(AND(G164>=$AS$1,G164<=$AT$1),IF(P164<>"D(Arıza Değil",AC164,0),IF(AND(G164>=$AU$1,G164<=$AV$1),IF(P164<>"D:Arıza Değil",AC164,0), "x var")), "x yok") -> x yok | BO164: =IF(OR(AND(G164>$AS$1,G164<$AT$1),AND(G164>$AU$1,G164<$AV$1)),"aynı gün giderilen arıza") -> FALSE | BP164: =IF(Z164-F164>0,"Bir günden fazla süren arıza",IF(OR(AND(G164>$AS$1,G164<$AT$1),AND(G164>$AU$1,G164<$AV$1)),"aynı gün giderilen arıza")) -> #VALUE! | BQ164: =(Y164-H164)*24*60 -> #VALUE! | BR164: =(AB164-Y164)*24*60 -> #VALUE! | BS164: =(AF164-H164)*24*60 -> #VALUE! | BV164: =COUNTIFS(B$5:B$9980,B164,H$5:H$9980,"<="&AF164,AF$5:AF$9980,">="&H164)-1 -> -1 | BW164: =IF(COUNTIFS(B$5:B$9980,B164,H$5:H$9980,"<="&AF164,AF$5:AF$9980,">="&H164)>1,"Evet, çakışma var","Hayır, çakışma yok") -> Hayır, çakışma yok | BY164: =Y164-H164 -> #VALUE! | BZ164: =AB164-Y164 -> #VALUE! | CA164: =AB164-H164 -> #VALUE! | CE164: 996 | CF164: =H164 | CG164: =AB164 | CK164: =AB164-Y164 -> #VALUE! | CL164: =Y164-H164 -> #VALUE! | CM164: =AB164-H164 -> #VALUE! | CO164: =AC164 | CP164: =CU164/24 -> #VALUE! | CQ164: =G164 | CR164: =Y164 | CS164: =AB164 | CT164: =(CR164-CQ164)*1440 -> #VALUE! | CU164: =(CS164-CR164)*1440 -> #VALUE! | CV164: =(CS164-CQ164)*1440 -> #VALUE! | CW164: =CT164/CV164 -> #VALUE!
A165: =[4]SayfaKAY!C998 | B165: =[4]SayfaKAY!D998 | C165: =[4]SayfaKAY!E998 | D165: =[4]SayfaKAY!F998 | E165: =[4]SayfaKAY!G998 | F165: =IF(H165="","",INT(H165)) | G165: =IF(H165="","",MOD(H165,1)) | H165: =[4]SayfaKAY!H998 | I165: =[4]SayfaKAY!I998 | J165: =IF([4]SayfaKAY!J998="","",IF([4]SayfaKAY!J998="Müşteri","Notified by Customer","Notified by Bozankaya")) | K165: =VLOOKUP([4]SayfaKAY!L998,#REF!,2,FALSE) -> #REF! | L165: =[4]SayfaKAY!X998 | M165: =IF( E165="", "", A165&"-"&E165) | N165: =[4]SayfaKAY!M998 | O165: =[4]SayfaKAY!P998 | P165: =[4]SayfaKAY!Q998 | Q165: =[4]SayfaKAY!R998 | R165: {=IF([4]SayfaKAY!U998="","",_xlfn.IFS([4]SayfaKAY!U998="Bozankaya","Bozankaya",[4]SayfaKAY!U998="Müşteri","Customer",[4]SayfaKAY!U998="Tedarikçi","Equipment Supplier"))} | S165: =[4]SayfaKAY!N998 | T165: =[4]SayfaKAY!AD998 | U165: =[4]SayfaKAY!W998 | V165: =[4]SayfaKAY!AZ998 | W165: =IF(Y165="","",INT(Y165)) | X165: =IF(Y165="","",TEXT(Y165,"ss:dd")) | Y165: =[4]SayfaKAY!AE998 | Z165: =IF(AB165="","",INT(AB165)) | AA165: =IF(AB165="","",TEXT(AB165,"ss:dd")) | AB165: =[4]SayfaKAY!BA998 | AC165: =IF(AF165="","",(AF165-H165)*24*60) | AD165: =IF(AF165="","",INT(AF165)) | AE165: =IF(AF165="","",TEXT(AF165,"ss:dd")) | AF165: =[4]SayfaKAY!BA998 | AG165: =[4]SayfaKAY!S998 | AH165: =IF(P165="A(Hareket etmeyi engelleyen arıza)","Bu Arıza Aracın Servise Verilmesine Engel", IF(P165="B(Servisten çekmeye etki eden arıza)","Bu Arıza Aracın Servise Verilmesine Engel", IF(P165="C(Sisteme etki etmeyen arıza)","Bu Arıza Aracın Servise Verilmesine Engel Değil", IF(P165="D(Arıza Değil)","Bu Arıza Aracın Servise Verilmesine Engel Değil", "")))) | AI165: =[4]SayfaKAY!AV998 | AJ165: =IF(AL165="","",INT(AL165)) | AK165: =IF(AL165="","",TEXT(AL165,"ss:dd")) | AL165: =[4]SayfaKAY!AX998 | AM165: {=IFERROR(IF(AND(P165<>"D(Arıza Değil)",AH165="Bu Arıza Aracın Servise Verilmesine Engel Değil"), IF(Z165-F165>0,(AB165-Y165)*24*60, IF(OR(AND(G165>$AS$1,G165<$AT$1),AND(G165>$AU$1,G165<$AV$1)), (AF165-H165)*24*60, BH:BH0)), AN165),0)} | AN165: =IFERROR(IF(P165<>"D(Arıza Değil)",AC165,0),0) | AO165: =[4]SayfaKAY!AG998 | AP165: =[4]SayfaKAY!AI998 | AQ165: =[4]SayfaKAY!AQ998 | AR165: =[4]SayfaKAY!AH998 | AS165: =[4]SayfaKAY!AJ998 | AT165: =[4]SayfaKAY!AM998 | AU165: =[4]SayfaKAY!AL998 | AV165: =[4]SayfaKAY!AP998 | AW165: =[4]SayfaKAY!AT998 | AX165: =IF(V165="","",V165*AC165*BC$1) | BH165: =IFERROR(FRACAS!AN1001, "Hata Var") -> 292160 | BK165: =[4]SayfaKAY!AW998 | BL165: =[4]SayfaKAY!V998 | BN165: =IF($AQ$1="X", IF(AND(G165>=$AS$1,G165<=$AT$1),IF(P165<>"D(Arıza Değil",AC165,0),IF(AND(G165>=$AU$1,G165<=$AV$1),IF(P165<>"D:Arıza Değil",AC165,0), "x var")), "x yok") -> x yok | BO165: =IF(OR(AND(G165>$AS$1,G165<$AT$1),AND(G165>$AU$1,G165<$AV$1)),"aynı gün giderilen arıza") -> FALSE | BP165: =IF(Z165-F165>0,"Bir günden fazla süren arıza",IF(OR(AND(G165>$AS$1,G165<$AT$1),AND(G165>$AU$1,G165<$AV$1)),"aynı gün giderilen arıza")) -> #VALUE! | BQ165: =(Y165-H165)*24*60 -> #VALUE! | BR165: =(AB165-Y165)*24*60 -> #VALUE! | BS165: =(AF165-H165)*24*60 -> #VALUE! | BV165: =COUNTIFS(B$5:B$9980,B165,H$5:H$9980,"<="&AF165,AF$5:AF$9980,">="&H165)-1 -> -1 | BW165: =IF(COUNTIFS(B$5:B$9980,B165,H$5:H$9980,"<="&AF165,AF$5:AF$9980,">="&H165)>1,"Evet, çakışma var","Hayır, çakışma yok") -> Hayır, çakışma yok | BY165: =Y165-H165 -> #VALUE! | BZ165: =AB165-Y165 -> #VALUE! | CA165: =AB165-H165 -> #VALUE! | CE165: 997 | CF165: =H165 | CG165: =AB165 | CK165: =AB165-Y165 -> #VALUE! | CL165: =Y165-H165 -> #VALUE! | CM165: =AB165-H165 -> #VALUE! | CO165: =AC165 | CP165: =CU165/24 -> #VALUE! | CQ165: =G165 | CR165: =Y165 | CS165: =AB165 | CT165: =(CR165-CQ165)*1440 -> #VALUE! | CU165: =(CS165-CR165)*1440 -> #VALUE! | CV165: =(CS165-CQ165)*1440 -> #VALUE! | CW165: =CT165/CV165 -> #VALUE!
A166: =[4]SayfaKAY!C999 | B166: =[4]SayfaKAY!D999 | C166: =[4]SayfaKAY!E999 | D166: =[4]SayfaKAY!F999 | E166: =[4]SayfaKAY!G999 | F166: =IF(H166="","",INT(H166)) | G166: =IF(H166="","",MOD(H166,1)) | H166: =[4]SayfaKAY!H999 | I166: =[4]SayfaKAY!I999 | J166: =IF([4]SayfaKAY!J999="","",IF([4]SayfaKAY!J999="Müşteri","Notified by Customer","Notified by Bozankaya")) | K166: =VLOOKUP([4]SayfaKAY!L999,#REF!,2,FALSE) -> #REF! | L166: =[4]SayfaKAY!X999 | M166: =IF( E166="", "", A166&"-"&E166) | N166: =[4]SayfaKAY!M999 | O166: =[4]SayfaKAY!P999 | P166: =[4]SayfaKAY!Q999 | Q166: =[4]SayfaKAY!R999 | R166: {=IF([4]SayfaKAY!U999="","",_xlfn.IFS([4]SayfaKAY!U999="Bozankaya","Bozankaya",[4]SayfaKAY!U999="Müşteri","Customer",[4]SayfaKAY!U999="Tedarikçi","Equipment Supplier"))} | S166: =[4]SayfaKAY!N999 | T166: =[4]SayfaKAY!AD999 | U166: =[4]SayfaKAY!W999 | V166: =[4]SayfaKAY!AZ999 | W166: =IF(Y166="","",INT(Y166)) | X166: =IF(Y166="","",TEXT(Y166,"ss:dd")) | Y166: =[4]SayfaKAY!AE999 | Z166: =IF(AB166="","",INT(AB166)) | AA166: =IF(AB166="","",TEXT(AB166,"ss:dd")) | AB166: =[4]SayfaKAY!BA999 | AC166: =IF(AF166="","",(AF166-H166)*24*60) | AD166: =IF(AF166="","",INT(AF166)) | AE166: =IF(AF166="","",TEXT(AF166,"ss:dd")) | AF166: =[4]SayfaKAY!BA999 | AG166: =[4]SayfaKAY!S999 | AH166: =IF(P166="A(Hareket etmeyi engelleyen arıza)","Bu Arıza Aracın Servise Verilmesine Engel", IF(P166="B(Servisten çekmeye etki eden arıza)","Bu Arıza Aracın Servise Verilmesine Engel", IF(P166="C(Sisteme etki etmeyen arıza)","Bu Arıza Aracın Servise Verilmesine Engel Değil", IF(P166="D(Arıza Değil)","Bu Arıza Aracın Servise Verilmesine Engel Değil", "")))) | AI166: =[4]SayfaKAY!AV999 | AJ166: =IF(AL166="","",INT(AL166)) | AK166: =IF(AL166="","",TEXT(AL166,"ss:dd")) | AL166: =[4]SayfaKAY!AX999 | AM166: {=IFERROR(IF(AND(P166<>"D(Arıza Değil)",AH166="Bu Arıza Aracın Servise Verilmesine Engel Değil"), IF(Z166-F166>0,(AB166-Y166)*24*60, IF(OR(AND(G166>$AS$1,G166<$AT$1),AND(G166>$AU$1,G166<$AV$1)), (AF166-H166)*24*60, BH:BH0)), AN166),0)} | AN166: =IFERROR(IF(P166<>"D(Arıza Değil)",AC166,0),0) | AO166: =[4]SayfaKAY!AG999 | AP166: =[4]SayfaKAY!AI999 | AQ166: =[4]SayfaKAY!AQ999 | AR166: =[4]SayfaKAY!AH999 | AS166: =[4]SayfaKAY!AJ999 | AT166: =[4]SayfaKAY!AM999 | AU166: =[4]SayfaKAY!AL999 | AV166: =[4]SayfaKAY!AP999 | AW166: =[4]SayfaKAY!AT999 | AX166: =IF(V166="","",V166*AC166*BC$1) | BB166: =IF($AQ$1="X", IF(AND(G166>=$AS$1,G166<=$AT$1),IF(P166<>"D(Arıza Değil)",AC166,0), IF(AND(G166>=$AU$1,G166<=$AV$1),IF(P166<>"D(Arıza Değil)",AC166,0), "")), "") | BH166: =IFERROR(FRACAS!AN1002, "Hata Var") -> 291680 | BK166: =[4]SayfaKAY!AW999 | BL166: =[4]SayfaKAY!V999 | BN166: =IF($AQ$1="X", IF(AND(G166>=$AS$1,G166<=$AT$1),IF(P166<>"D(Arıza Değil",AC166,0),IF(AND(G166>=$AU$1,G166<=$AV$1),IF(P166<>"D:Arıza Değil",AC166,0), "x var")), "x yok") -> x yok | BO166: =IF(OR(AND(G166>$AS$1,G166<$AT$1),AND(G166>$AU$1,G166<$AV$1)),"aynı gün giderilen arıza") -> FALSE | BP166: =IF(Z166-F166>0,"Bir günden fazla süren arıza",IF(OR(AND(G166>$AS$1,G166<$AT$1),AND(G166>$AU$1,G166<$AV$1)),"aynı gün giderilen arıza")) -> #VALUE! | BQ166: =(Y166-H166)*24*60 -> #VALUE! | BR166: =(AB166-Y166)*24*60 -> #VALUE! | BS166: =(AF166-H166)*24*60 -> #VALUE! | BV166: =COUNTIFS(B$5:B$9980,B166,H$5:H$9980,"<="&AF166,AF$5:AF$9980,">="&H166)-1 -> -1 | BW166: =IF(COUNTIFS(B$5:B$9980,B166,H$5:H$9980,"<="&AF166,AF$5:AF$9980,">="&H166)>1,"Evet, çakışma var","Hayır, çakışma yok") -> Hayır, çakışma yok | BY166: =Y166-H166 -> #VALUE! | BZ166: =AB166-Y166 -> #VALUE! | CA166: =AB166-H166 -> #VALUE! | CE166: 998 | CF166: =H166 | CG166: =AB166 | CK166: =AB166-Y166 -> #VALUE! | CL166: =Y166-H166 -> #VALUE! | CM166: =AB166-H166 -> #VALUE! | CO166: =AC166 | CP166: =CU166/24 -> #VALUE! | CQ166: =G166 | CR166: =Y166 | CS166: =AB166 | CT166: =(CR166-CQ166)*1440 -> #VALUE! | CU166: =(CS166-CR166)*1440 -> #VALUE! | CV166: =(CS166-CQ166)*1440 -> #VALUE! | CW166: =CT166/CV166 -> #VALUE!
A167: =[4]SayfaKAY!C1000 | B167: =[4]SayfaKAY!D1000 | C167: =[4]SayfaKAY!E1000 | D167: =[4]SayfaKAY!F1000 | E167: =[4]SayfaKAY!G1000 | F167: =IF(H167="","",INT(H167)) | G167: =IF(H167="","",MOD(H167,1)) | H167: =[4]SayfaKAY!H1000 | I167: =[4]SayfaKAY!I1000 | J167: =IF([4]SayfaKAY!J1000="","",IF([4]SayfaKAY!J1000="Müşteri","Notified by Customer","Notified by Bozankaya")) | K167: =VLOOKUP([4]SayfaKAY!L1000,#REF!,2,FALSE) -> #REF! | L167: =[4]SayfaKAY!X1000 | M167: =IF( E167="", "", A167&"-"&E167) | N167: =[4]SayfaKAY!M1000 | O167: =[4]SayfaKAY!P1000 | P167: =[4]SayfaKAY!Q1000 | Q167: =[4]SayfaKAY!R1000 | R167: {=IF([4]SayfaKAY!U1000="","",_xlfn.IFS([4]SayfaKAY!U1000="Bozankaya","Bozankaya",[4]SayfaKAY!U1000="Müşteri","Customer",[4]SayfaKAY!U1000="Tedarikçi","Equipment Supplier"))} | S167: =[4]SayfaKAY!N1000 | T167: =[4]SayfaKAY!AD1000 | U167: =[4]SayfaKAY!W1000 | V167: =[4]SayfaKAY!AZ1000 | W167: =IF(Y167="","",INT(Y167)) | X167: =IF(Y167="","",TEXT(Y167,"ss:dd")) | Y167: =[4]SayfaKAY!AE1000 | Z167: =IF(AB167="","",INT(AB167)) | AA167: =IF(AB167="","",TEXT(AB167,"ss:dd")) | AB167: =[4]SayfaKAY!BA1000 | AC167: =IF(AF167="","",(AF167-H167)*24*60) | AD167: =IF(AF167="","",INT(AF167)) | AE167: =IF(AF167="","",TEXT(AF167,"ss:dd")) | AF167: =[4]SayfaKAY!BA1000 | AG167: =[4]SayfaKAY!S1000 | AH167: =IF(P167="A(Hareket etmeyi engelleyen arıza)","Bu Arıza Aracın Servise Verilmesine Engel", IF(P167="B(Servisten çekmeye etki eden arıza)","Bu Arıza Aracın Servise Verilmesine Engel", IF(P167="C(Sisteme etki etmeyen arıza)","Bu Arıza Aracın Servise Verilmesine Engel Değil", IF(P167="D(Arıza Değil)","Bu Arıza Aracın Servise Verilmesine Engel Değil", "")))) | AI167: =[4]SayfaKAY!AV1000 | AJ167: =IF(AL167="","",INT(AL167)) | AK167: =IF(AL167="","",TEXT(AL167,"ss:dd")) | AL167: =[4]SayfaKAY!AX1000 | AM167: {=IFERROR(IF(AND(P167<>"D(Arıza Değil)",AH167="Bu Arıza Aracın Servise Verilmesine Engel Değil"), IF(Z167-F167>0,(AB167-Y167)*24*60, IF(OR(AND(G167>$AS$1,G167<$AT$1),AND(G167>$AU$1,G167<$AV$1)), (AF167-H167)*24*60, BH:BH0)), AN167),0)} | AN167: =IFERROR(IF(P167<>"D(Arıza Değil)",AC167,0),0) | AO167: =[4]SayfaKAY!AG1000 | AP167: =[4]SayfaKAY!AI1000 | AQ167: =[4]SayfaKAY!AQ1000 | AR167: =[4]SayfaKAY!AH1000 | AS167: =[4]SayfaKAY!AJ1000 | AT167: =[4]SayfaKAY!AM1000 | AU167: =[4]SayfaKAY!AL1000 | AV167: =[4]SayfaKAY!AP1000 | AW167: =[4]SayfaKAY!AT1000 | AX167: =IF(V167="","",V167*AC167*BC$1) | BH167: =IFERROR(FRACAS!AN1003, "Hata Var") -> 292158 | BK167: =[4]SayfaKAY!AW1000 | BL167: =[4]SayfaKAY!V1000 | BN167: =IF($AQ$1="X", IF(AND(G167>=$AS$1,G167<=$AT$1),IF(P167<>"D(Arıza Değil",AC167,0),IF(AND(G167>=$AU$1,G167<=$AV$1),IF(P167<>"D:Arıza Değil",AC167,0), "x var")), "x yok") -> x yok | BO167: =IF(OR(AND(G167>$AS$1,G167<$AT$1),AND(G167>$AU$1,G167<$AV$1)),"aynı gün giderilen arıza") -> FALSE | BP167: =IF(Z167-F167>0,"Bir günden fazla süren arıza",IF(OR(AND(G167>$AS$1,G167<$AT$1),AND(G167>$AU$1,G167<$AV$1)),"aynı gün giderilen arıza")) -> #VALUE! | BQ167: =(Y167-H167)*24*60 -> #VALUE! | BR167: =(AB167-Y167)*24*60 -> #VALUE! | BS167: =(AF167-H167)*24*60 -> #VALUE! | BV167: =COUNTIFS(B$5:B$9980,B167,H$5:H$9980,"<="&AF167,AF$5:AF$9980,">="&H167)-1 -> -1 | BW167: =IF(COUNTIFS(B$5:B$9980,B167,H$5:H$9980,"<="&AF167,AF$5:AF$9980,">="&H167)>1,"Evet, çakışma var","Hayır, çakışma yok") -> Hayır, çakışma yok | BY167: =Y167-H167 -> #VALUE! | BZ167: =AB167-Y167 -> #VALUE! | CA167: =AB167-H167 -> #VALUE! | CE167: 999 | CF167: =H167 | CG167: =AB167 | CK167: =AB167-Y167 -> #VALUE! | CL167: =Y167-H167 -> #VALUE! | CM167: =AB167-H167 -> #VALUE! | CO167: =AC167 | CP167: =CU167/24 -> #VALUE! | CQ167: =G167 | CR167: =Y167 | CS167: =AB167 | CT167: =(CR167-CQ167)*1440 -> #VALUE! | CU167: =(CS167-CR167)*1440 -> #VALUE! | CV167: =(CS167-CQ167)*1440 -> #VALUE! | CW167: =CT167/CV167 -> #VALUE!
A168: =[4]SayfaKAY!C1001 | B168: =[4]SayfaKAY!D1001 | C168: =[4]SayfaKAY!E1001 | D168: =[4]SayfaKAY!F1001 | E168: =[4]SayfaKAY!G1001 | F168: =IF(H168="","",INT(H168)) | G168: =IF(H168="","",MOD(H168,1)) | H168: =[4]SayfaKAY!H1001 | I168: =[4]SayfaKAY!I1001 | J168: =IF([4]SayfaKAY!J1001="","",IF([4]SayfaKAY!J1001="Müşteri","Notified by Customer","Notified by Bozankaya")) | K168: =VLOOKUP([4]SayfaKAY!L1001,#REF!,2,FALSE) -> #REF! | L168: =[4]SayfaKAY!X1001 | M168: =IF( E168="", "", A168&"-"&E168) | N168: =[4]SayfaKAY!M1001 | O168: =[4]SayfaKAY!P1001 | P168: =[4]SayfaKAY!Q1001 | Q168: =[4]SayfaKAY!R1001 | R168: {=IF([4]SayfaKAY!U1001="","",_xlfn.IFS([4]SayfaKAY!U1001="Bozankaya","Bozankaya",[4]SayfaKAY!U1001="Müşteri","Customer",[4]SayfaKAY!U1001="Tedarikçi","Equipment Supplier"))} | S168: =[4]SayfaKAY!N1001 | T168: =[4]SayfaKAY!AD1001 | U168: =[4]SayfaKAY!W1001 | V168: =[4]SayfaKAY!AZ1001 | W168: =IF(Y168="","",INT(Y168)) | X168: =IF(Y168="","",TEXT(Y168,"ss:dd")) | Y168: =[4]SayfaKAY!AE1001 | Z168: =IF(AB168="","",INT(AB168)) | AA168: =IF(AB168="","",TEXT(AB168,"ss:dd")) | AB168: =[4]SayfaKAY!BA1001 | AC168: =IF(AF168="","",(AF168-H168)*24*60) | AD168: =IF(AF168="","",INT(AF168)) | AE168: =IF(AF168="","",TEXT(AF168,"ss:dd")) | AF168: =[4]SayfaKAY!BA1001 | AG168: =[4]SayfaKAY!S1001 | AH168: =IF(P168="A(Hareket etmeyi engelleyen arıza)","Bu Arıza Aracın Servise Verilmesine Engel", IF(P168="B(Servisten çekmeye etki eden arıza)","Bu Arıza Aracın Servise Verilmesine Engel", IF(P168="C(Sisteme etki etmeyen arıza)","Bu Arıza Aracın Servise Verilmesine Engel Değil", IF(P168="D(Arıza Değil)","Bu Arıza Aracın Servise Verilmesine Engel Değil", "")))) | AI168: =[4]SayfaKAY!AV1001 | AJ168: =IF(AL168="","",INT(AL168)) | AK168: =IF(AL168="","",TEXT(AL168,"ss:dd")) | AL168: =[4]SayfaKAY!AX1001 | AM168: {=IFERROR(IF(AND(P168<>"D(Arıza Değil)",AH168="Bu Arıza Aracın Servise Verilmesine Engel Değil"), IF(Z168-F168>0,(AB168-Y168)*24*60, IF(OR(AND(G168>$AS$1,G168<$AT$1),AND(G168>$AU$1,G168<$AV$1)), (AF168-H168)*24*60, BH:BH0)), AN168),0)} | AN168: =IFERROR(IF(P168<>"D(Arıza Değil)",AC168,0),0) | AO168: =[4]SayfaKAY!AG1001 | AP168: =[4]SayfaKAY!AI1001 | AQ168: =[4]SayfaKAY!AQ1001 | AR168: =[4]SayfaKAY!AH1001 | AS168: =[4]SayfaKAY!AJ1001 | AT168: =[4]SayfaKAY!AM1001 | AU168: =[4]SayfaKAY!AL1001 | AV168: =[4]SayfaKAY!AP1001 | AW168: =[4]SayfaKAY!AT1001 | AX168: =IF(V168="","",V168*AC168*BC$1) | BB168: =IF($AQ$1="X", IF(AND(G168>=$AS$1,G168<=$AT$1),IF(P168<>"D(Arıza Değil)",AC168,0), IF(AND(G168>=$AU$1,G168<=$AV$1),IF(P168<>"D(Arıza Değil)",AC168,0), "")), "") | BH168: =IFERROR(FRACAS!AN1004, "Hata Var") -> 454 | BK168: =[4]SayfaKAY!AW1001 | BL168: =[4]SayfaKAY!V1001 | BN168: =IF($AQ$1="X", IF(AND(G168>=$AS$1,G168<=$AT$1),IF(P168<>"D(Arıza Değil",AC168,0),IF(AND(G168>=$AU$1,G168<=$AV$1),IF(P168<>"D:Arıza Değil",AC168,0), "x var")), "x yok") -> x yok | BO168: =IF(OR(AND(G168>$AS$1,G168<$AT$1),AND(G168>$AU$1,G168<$AV$1)),"aynı gün giderilen arıza") -> FALSE | BP168: =IF(Z168-F168>0,"Bir günden fazla süren arıza",IF(OR(AND(G168>$AS$1,G168<$AT$1),AND(G168>$AU$1,G168<$AV$1)),"aynı gün giderilen arıza")) -> #VALUE! | BQ168: =(Y168-H168)*24*60 -> #VALUE! | BR168: =(AB168-Y168)*24*60 -> #VALUE! | BS168: =(AF168-H168)*24*60 -> #VALUE! | BV168: =COUNTIFS(B$5:B$9980,B168,H$5:H$9980,"<="&AF168,AF$5:AF$9980,">="&H168)-1 -> -1 | BW168: =IF(COUNTIFS(B$5:B$9980,B168,H$5:H$9980,"<="&AF168,AF$5:AF$9980,">="&H168)>1,"Evet, çakışma var","Hayır, çakışma yok") -> Hayır, çakışma yok | BY168: =Y168-H168 -> #VALUE! | BZ168: =AB168-Y168 -> #VALUE! | CA168: =AB168-H168 -> #VALUE! | CE168: 1000 | CF168: =H168 | CG168: =AB168 | CK168: =AB168-Y168 -> #VALUE! | CL168: =Y168-H168 -> #VALUE! | CM168: =AB168-H168 -> #VALUE! | CO168: =AC168 | CP168: =CU168/24 -> #VALUE! | CQ168: =G168 | CR168: =Y168 | CS168: =AB168 | CT168: =(CR168-CQ168)*1440 -> #VALUE! | CU168: =(CS168-CR168)*1440 -> #VALUE! | CV168: =(CS168-CQ168)*1440 -> #VALUE! | CW168: =CT168/CV168 -> #VALUE!
A169: =[4]SayfaKAY!C1002 | B169: =[4]SayfaKAY!D1002 | C169: =[4]SayfaKAY!E1002 | D169: =[4]SayfaKAY!F1002 | E169: =[4]SayfaKAY!G1002 | F169: =IF(H169="","",INT(H169)) | G169: =IF(H169="","",MOD(H169,1)) | H169: =[4]SayfaKAY!H1002 | I169: =[4]SayfaKAY!I1002 | J169: =IF([4]SayfaKAY!J1002="","",IF([4]SayfaKAY!J1002="Müşteri","Notified by Customer","Notified by Bozankaya")) | K169: =VLOOKUP([4]SayfaKAY!L1002,#REF!,2,FALSE) -> #REF! | L169: =[4]SayfaKAY!X1002 | M169: =IF( E169="", "", A169&"-"&E169) | N169: =[4]SayfaKAY!M1002 | O169: =[4]SayfaKAY!P1002 | P169: =[4]SayfaKAY!Q1002 | Q169: =[4]SayfaKAY!R1002 | R169: {=IF([4]SayfaKAY!U1002="","",_xlfn.IFS([4]SayfaKAY!U1002="Bozankaya","Bozankaya",[4]SayfaKAY!U1002="Müşteri","Customer",[4]SayfaKAY!U1002="Tedarikçi","Equipment Supplier"))} | S169: =[4]SayfaKAY!N1002 | T169: =[4]SayfaKAY!AD1002 | U169: =[4]SayfaKAY!W1002 | V169: =[4]SayfaKAY!AZ1002 | W169: =IF(Y169="","",INT(Y169)) | X169: =IF(Y169="","",TEXT(Y169,"ss:dd")) | Y169: =[4]SayfaKAY!AE1002 | Z169: =IF(AB169="","",INT(AB169)) | AA169: =IF(AB169="","",TEXT(AB169,"ss:dd")) | AB169: =[4]SayfaKAY!BA1002 | AC169: =IF(AF169="","",(AF169-H169)*24*60) | AD169: =IF(AF169="","",INT(AF169)) | AE169: =IF(AF169="","",TEXT(AF169,"ss:dd")) | AF169: =[4]SayfaKAY!BA1002 | AG169: =[4]SayfaKAY!S1002 | AH169: =IF(P169="A(Hareket etmeyi engelleyen arıza)","Bu Arıza Aracın Servise Verilmesine Engel", IF(P169="B(Servisten çekmeye etki eden arıza)","Bu Arıza Aracın Servise Verilmesine Engel", IF(P169="C(Sisteme etki etmeyen arıza)","Bu Arıza Aracın Servise Verilmesine Engel Değil", IF(P169="D(Arıza Değil)","Bu Arıza Aracın Servise Verilmesine Engel Değil", "")))) | AI169: =[4]SayfaKAY!AV1002 | AJ169: =IF(AL169="","",INT(AL169)) | AK169: =IF(AL169="","",TEXT(AL169,"ss:dd")) | AL169: =[4]SayfaKAY!AX1002 | AM169: {=IFERROR(IF(AND(P169<>"D(Arıza Değil)",AH169="Bu Arıza Aracın Servise Verilmesine Engel Değil"), IF(Z169-F169>0,(AB169-Y169)*24*60, IF(OR(AND(G169>$AS$1,G169<$AT$1),AND(G169>$AU$1,G169<$AV$1)), (AF169-H169)*24*60, BH:BH0)), AN169),0)} | AN169: =IFERROR(IF(P169<>"D(Arıza Değil)",AC169,0),0) | AO169: =[4]SayfaKAY!AG1002 | AP169: =[4]SayfaKAY!AI1002 | AQ169: =[4]SayfaKAY!AQ1002 | AR169: =[4]SayfaKAY!AH1002 | AS169: =[4]SayfaKAY!AJ1002 | AT169: =[4]SayfaKAY!AM1002 | AU169: =[4]SayfaKAY!AL1002 | AV169: =[4]SayfaKAY!AP1002 | AW169: =[4]SayfaKAY!AT1002 | AX169: =IF(V169="","",V169*AC169*BC$1) | BH169: =IFERROR(FRACAS!AN1005, "Hata Var") -> 412 | BK169: =[4]SayfaKAY!AW1002 | BL169: =[4]SayfaKAY!V1002 | BN169: =IF($AQ$1="X", IF(AND(G169>=$AS$1,G169<=$AT$1),IF(P169<>"D(Arıza Değil",AC169,0),IF(AND(G169>=$AU$1,G169<=$AV$1),IF(P169<>"D:Arıza Değil",AC169,0), "x var")), "x yok") -> x yok | BO169: =IF(OR(AND(G169>$AS$1,G169<$AT$1),AND(G169>$AU$1,G169<$AV$1)),"aynı gün giderilen arıza") -> FALSE | BP169: =IF(Z169-F169>0,"Bir günden fazla süren arıza",IF(OR(AND(G169>$AS$1,G169<$AT$1),AND(G169>$AU$1,G169<$AV$1)),"aynı gün giderilen arıza")) -> #VALUE! | BQ169: =(Y169-H169)*24*60 -> #VALUE! | BR169: =(AB169-Y169)*24*60 -> #VALUE! | BS169: =(AF169-H169)*24*60 -> #VALUE! | BV169: =COUNTIFS(B$5:B$9980,B169,H$5:H$9980,"<="&AF169,AF$5:AF$9980,">="&H169)-1 -> -1 | BW169: =IF(COUNTIFS(B$5:B$9980,B169,H$5:H$9980,"<="&AF169,AF$5:AF$9980,">="&H169)>1,"Evet, çakışma var","Hayır, çakışma yok") -> Hayır, çakışma yok | BY169: =Y169-H169 -> #VALUE! | BZ169: =AB169-Y169 -> #VALUE! | CA169: =AB169-H169 -> #VALUE! | CE169: 1001 | CF169: =H169 | CG169: =AB169 | CK169: =AB169-Y169 -> #VALUE! | CL169: =Y169-H169 -> #VALUE! | CM169: =AB169-H169 -> #VALUE! | CO169: =AC169 | CP169: =CU169/24 -> #VALUE! | CQ169: =G169 | CR169: =Y169 | CS169: =AB169 | CT169: =(CR169-CQ169)*1440 -> #VALUE! | CU169: =(CS169-CR169)*1440 -> #VALUE! | CV169: =(CS169-CQ169)*1440 -> #VALUE! | CW169: =CT169/CV169 -> #VALUE!
A170: =[4]SayfaKAY!C1003 | B170: =[4]SayfaKAY!D1003 | C170: =[4]SayfaKAY!E1003 | D170: =[4]SayfaKAY!F1003 | E170: =[4]SayfaKAY!G1003 | F170: =IF(H170="","",INT(H170)) | G170: =IF(H170="","",MOD(H170,1)) | H170: =[4]SayfaKAY!H1003 | I170: =[4]SayfaKAY!I1003 | J170: =IF([4]SayfaKAY!J1003="","",IF([4]SayfaKAY!J1003="Müşteri","Notified by Customer","Notified by Bozankaya")) | K170: =VLOOKUP([4]SayfaKAY!L1003,#REF!,2,FALSE) -> #REF! | L170: =[4]SayfaKAY!X1003 | M170: =IF( E170="", "", A170&"-"&E170) | N170: =[4]SayfaKAY!M1003 | O170: =[4]SayfaKAY!P1003 | P170: =[4]SayfaKAY!Q1003 | Q170: =[4]SayfaKAY!R1003 | R170: {=IF([4]SayfaKAY!U1003="","",_xlfn.IFS([4]SayfaKAY!U1003="Bozankaya","Bozankaya",[4]SayfaKAY!U1003="Müşteri","Customer",[4]SayfaKAY!U1003="Tedarikçi","Equipment Supplier"))} | S170: =[4]SayfaKAY!N1003 | T170: =[4]SayfaKAY!AD1003 | U170: =[4]SayfaKAY!W1003 | V170: =[4]SayfaKAY!AZ1003 | W170: =IF(Y170="","",INT(Y170)) | X170: =IF(Y170="","",TEXT(Y170,"ss:dd")) | Y170: =[4]SayfaKAY!AE1003 | Z170: =IF(AB170="","",INT(AB170)) | AA170: =IF(AB170="","",TEXT(AB170,"ss:dd")) | AB170: =[4]SayfaKAY!BA1003 | AC170: =IF(AF170="","",(AF170-H170)*24*60) | AD170: =IF(AF170="","",INT(AF170)) | AE170: =IF(AF170="","",TEXT(AF170,"ss:dd")) | AF170: =[4]SayfaKAY!BA1003 | AG170: =[4]SayfaKAY!S1003 | AH170: =IF(P170="A(Hareket etmeyi engelleyen arıza)","Bu Arıza Aracın Servise Verilmesine Engel", IF(P170="B(Servisten çekmeye etki eden arıza)","Bu Arıza Aracın Servise Verilmesine Engel", IF(P170="C(Sisteme etki etmeyen arıza)","Bu Arıza Aracın Servise Verilmesine Engel Değil", IF(P170="D(Arıza Değil)","Bu Arıza Aracın Servise Verilmesine Engel Değil", "")))) | AI170: =[4]SayfaKAY!AV1003 | AJ170: =IF(AL170="","",INT(AL170)) | AK170: =IF(AL170="","",TEXT(AL170,"ss:dd")) | AL170: =[4]SayfaKAY!AX1003 | AM170: {=IFERROR(IF(AND(P170<>"D(Arıza Değil)",AH170="Bu Arıza Aracın Servise Verilmesine Engel Değil"), IF(Z170-F170>0,(AB170-Y170)*24*60, IF(OR(AND(G170>$AS$1,G170<$AT$1),AND(G170>$AU$1,G170<$AV$1)), (AF170-H170)*24*60, BH:BH0)), AN170),0)} | AN170: =IFERROR(IF(P170<>"D(Arıza Değil)",AC170,0),0) | AO170: =[4]SayfaKAY!AG1003 | AP170: =[4]SayfaKAY!AI1003 | AQ170: =[4]SayfaKAY!AQ1003 | AR170: =[4]SayfaKAY!AH1003 | AS170: =[4]SayfaKAY!AJ1003 | AT170: =[4]SayfaKAY!AM1003 | AU170: =[4]SayfaKAY!AL1003 | AV170: =[4]SayfaKAY!AP1003 | AW170: =[4]SayfaKAY!AT1003 | AX170: =IF(V170="","",V170*AC170*BC$1) | BB170: =IF($AQ$1="X", IF(AND(G170>=$AS$1,G170<=$AT$1),IF(P170<>"D(Arıza Değil)",AC170,0), IF(AND(G170>=$AU$1,G170<=$AV$1),IF(P170<>"D(Arıza Değil)",AC170,0), "")), "") | BH170: =IFERROR(FRACAS!AN1006, "Hata Var") -> 713 | BK170: =[4]SayfaKAY!AW1003 | BL170: =[4]SayfaKAY!V1003 | BN170: =IF($AQ$1="X", IF(AND(G170>=$AS$1,G170<=$AT$1),IF(P170<>"D(Arıza Değil",AC170,0),IF(AND(G170>=$AU$1,G170<=$AV$1),IF(P170<>"D:Arıza Değil",AC170,0), "x var")), "x yok") -> x yok | BO170: =IF(OR(AND(G170>$AS$1,G170<$AT$1),AND(G170>$AU$1,G170<$AV$1)),"aynı gün giderilen arıza") -> FALSE | BP170: =IF(Z170-F170>0,"Bir günden fazla süren arıza",IF(OR(AND(G170>$AS$1,G170<$AT$1),AND(G170>$AU$1,G170<$AV$1)),"aynı gün giderilen arıza")) -> #VALUE! | BQ170: =(Y170-H170)*24*60 -> #VALUE! | BR170: =(AB170-Y170)*24*60 -> #VALUE! | BS170: =(AF170-H170)*24*60 -> #VALUE! | BV170: =COUNTIFS(B$5:B$9980,B170,H$5:H$9980,"<="&AF170,AF$5:AF$9980,">="&H170)-1 -> -1 | BW170: =IF(COUNTIFS(B$5:B$9980,B170,H$5:H$9980,"<="&AF170,AF$5:AF$9980,">="&H170)>1,"Evet, çakışma var","Hayır, çakışma yok") -> Hayır, çakışma yok | BY170: =Y170-H170 -> #VALUE! | BZ170: =AB170-Y170 -> #VALUE! | CA170: =AB170-H170 -> #VALUE! | CE170: 1002 | CF170: =H170 | CG170: =AB170 | CK170: =AB170-Y170 -> #VALUE! | CL170: =Y170-H170 -> #VALUE! | CM170: =AB170-H170 -> #VALUE! | CO170: =AC170 | CP170: =CU170/24 -> #VALUE! | CQ170: =G170 | CR170: =Y170 | CS170: =AB170 | CT170: =(CR170-CQ170)*1440 -> #VALUE! | CU170: =(CS170-CR170)*1440 -> #VALUE! | CV170: =(CS170-CQ170)*1440 -> #VALUE! | CW170: =CT170/CV170 -> #VALUE!
A171: =[4]SayfaKAY!C1004 | B171: =[4]SayfaKAY!D1004 | C171: =[4]SayfaKAY!E1004 | D171: =[4]SayfaKAY!F1004 | E171: =[4]SayfaKAY!G1004 | F171: =IF(H171="","",INT(H171)) | G171: =IF(H171="","",MOD(H171,1)) | H171: =[4]SayfaKAY!H1004 | I171: =[4]SayfaKAY!I1004 | J171: =IF([4]SayfaKAY!J1004="","",IF([4]SayfaKAY!J1004="Müşteri","Notified by Customer","Notified by Bozankaya")) | K171: =VLOOKUP([4]SayfaKAY!L1004,#REF!,2,FALSE) -> #REF! | L171: =[4]SayfaKAY!X1004 | M171: =IF( E171="", "", A171&"-"&E171) | N171: =[4]SayfaKAY!M1004 | O171: =[4]SayfaKAY!P1004 | P171: =[4]SayfaKAY!Q1004 | Q171: =[4]SayfaKAY!R1004 | R171: {=IF([4]SayfaKAY!U1004="","",_xlfn.IFS([4]SayfaKAY!U1004="Bozankaya","Bozankaya",[4]SayfaKAY!U1004="Müşteri","Customer",[4]SayfaKAY!U1004="Tedarikçi","Equipment Supplier"))} | S171: =[4]SayfaKAY!N1004 | T171: =[4]SayfaKAY!AD1004 | U171: =[4]SayfaKAY!W1004 | V171: =[4]SayfaKAY!AZ1004 | W171: =IF(Y171="","",INT(Y171)) | X171: =IF(Y171="","",TEXT(Y171,"ss:dd")) | Y171: =[4]SayfaKAY!AE1004 | Z171: =IF(AB171="","",INT(AB171)) | AA171: =IF(AB171="","",TEXT(AB171,"ss:dd")) | AB171: =[4]SayfaKAY!BA1004 | AC171: =IF(AF171="","",(AF171-H171)*24*60) | AD171: =IF(AF171="","",INT(AF171)) | AE171: =IF(AF171="","",TEXT(AF171,"ss:dd")) | AF171: =[4]SayfaKAY!BA1004 | AG171: =[4]SayfaKAY!S1004 | AH171: =IF(P171="A(Hareket etmeyi engelleyen arıza)","Bu Arıza Aracın Servise Verilmesine Engel", IF(P171="B(Servisten çekmeye etki eden arıza)","Bu Arıza Aracın Servise Verilmesine Engel", IF(P171="C(Sisteme etki etmeyen arıza)","Bu Arıza Aracın Servise Verilmesine Engel Değil", IF(P171="D(Arıza Değil)","Bu Arıza Aracın Servise Verilmesine Engel Değil", "")))) | AI171: =[4]SayfaKAY!AV1004 | AJ171: =IF(AL171="","",INT(AL171)) | AK171: =IF(AL171="","",TEXT(AL171,"ss:dd")) | AL171: =[4]SayfaKAY!AX1004 | AM171: {=IFERROR(IF(AND(P171<>"D(Arıza Değil)",AH171="Bu Arıza Aracın Servise Verilmesine Engel Değil"), IF(Z171-F171>0,(AB171-Y171)*24*60, IF(OR(AND(G171>$AS$1,G171<$AT$1),AND(G171>$AU$1,G171<$AV$1)), (AF171-H171)*24*60, BH:BH0)), AN171),0)} | AN171: =IFERROR(IF(P171<>"D(Arıza Değil)",AC171,0),0) | AO171: =[4]SayfaKAY!AG1004 | AP171: =[4]SayfaKAY!AI1004 | AQ171: =[4]SayfaKAY!AQ1004 | AR171: =[4]SayfaKAY!AH1004 | AS171: =[4]SayfaKAY!AJ1004 | AT171: =[4]SayfaKAY!AM1004 | AU171: =[4]SayfaKAY!AL1004 | AV171: =[4]SayfaKAY!AP1004 | AW171: =[4]SayfaKAY!AT1004 | AX171: =IF(V171="","",V171*AC171*BC$1) | BH171: =IFERROR(FRACAS!AN1007, "Hata Var") -> 1852 | BK171: =[4]SayfaKAY!AW1004 | BL171: =[4]SayfaKAY!V1004 | BN171: =IF($AQ$1="X", IF(AND(G171>=$AS$1,G171<=$AT$1),IF(P171<>"D(Arıza Değil",AC171,0),IF(AND(G171>=$AU$1,G171<=$AV$1),IF(P171<>"D:Arıza Değil",AC171,0), "x var")), "x yok") -> x yok | BO171: =IF(OR(AND(G171>$AS$1,G171<$AT$1),AND(G171>$AU$1,G171<$AV$1)),"aynı gün giderilen arıza") -> FALSE | BP171: =IF(Z171-F171>0,"Bir günden fazla süren arıza",IF(OR(AND(G171>$AS$1,G171<$AT$1),AND(G171>$AU$1,G171<$AV$1)),"aynı gün giderilen arıza")) -> #VALUE! | BQ171: =(Y171-H171)*24*60 -> #VALUE! | BR171: =(AB171-Y171)*24*60 -> #VALUE! | BS171: =(AF171-H171)*24*60 -> #VALUE! | BV171: =COUNTIFS(B$5:B$9980,B171,H$5:H$9980,"<="&AF171,AF$5:AF$9980,">="&H171)-1 -> -1 | BW171: =IF(COUNTIFS(B$5:B$9980,B171,H$5:H$9980,"<="&AF171,AF$5:AF$9980,">="&H171)>1,"Evet, çakışma var","Hayır, çakışma yok") -> Hayır, çakışma yok | BY171: =Y171-H171 -> #VALUE! | BZ171: =AB171-Y171 -> #VALUE! | CA171: =AB171-H171 -> #VALUE! | CE171: 1003 | CF171: =H171 | CG171: =AB171 | CK171: =AB171-Y171 -> #VALUE! | CL171: =Y171-H171 -> #VALUE! | CM171: =AB171-H171 -> #VALUE! | CO171: =AC171 | CP171: =CU171/24 -> #VALUE! | CQ171: =G171 | CR171: =Y171 | CS171: =AB171 | CT171: =(CR171-CQ171)*1440 -> #VALUE! | CU171: =(CS171-CR171)*1440 -> #VALUE! | CV171: =(CS171-CQ171)*1440 -> #VALUE! | CW171: =CT171/CV171 -> #VALUE!
A172: =[4]SayfaKAY!C1005 | B172: =[4]SayfaKAY!D1005 | C172: =[4]SayfaKAY!E1005 | D172: =[4]SayfaKAY!F1005 | E172: =[4]SayfaKAY!G1005 | F172: =IF(H172="","",INT(H172)) | G172: =IF(H172="","",MOD(H172,1)) | H172: =[4]SayfaKAY!H1005 | I172: =[4]SayfaKAY!I1005 | J172: =IF([4]SayfaKAY!J1005="","",IF([4]SayfaKAY!J1005="Müşteri","Notified by Customer","Notified by Bozankaya")) | K172: =VLOOKUP([4]SayfaKAY!L1005,#REF!,2,FALSE) -> #REF! | L172: =[4]SayfaKAY!X1005 | M172: =IF( E172="", "", A172&"-"&E172) | N172: =[4]SayfaKAY!M1005 | O172: =[4]SayfaKAY!P1005 | P172: =[4]SayfaKAY!Q1005 | Q172: =[4]SayfaKAY!R1005 | R172: {=IF([4]SayfaKAY!U1005="","",_xlfn.IFS([4]SayfaKAY!U1005="Bozankaya","Bozankaya",[4]SayfaKAY!U1005="Müşteri","Customer",[4]SayfaKAY!U1005="Tedarikçi","Equipment Supplier"))} | S172: =[4]SayfaKAY!N1005 | T172: =[4]SayfaKAY!AD1005 | U172: =[4]SayfaKAY!W1005 | V172: =[4]SayfaKAY!AZ1005 | W172: =IF(Y172="","",INT(Y172)) | X172: =IF(Y172="","",TEXT(Y172,"ss:dd")) | Y172: =[4]SayfaKAY!AE1005 | Z172: =IF(AB172="","",INT(AB172)) | AA172: =IF(AB172="","",TEXT(AB172,"ss:dd")) | AB172: =[4]SayfaKAY!BA1005 | AC172: =IF(AF172="","",(AF172-H172)*24*60) | AD172: =IF(AF172="","",INT(AF172)) | AE172: =IF(AF172="","",TEXT(AF172,"ss:dd")) | AF172: =[4]SayfaKAY!BA1005 | AG172: =[4]SayfaKAY!S1005 | AH172: =IF(P172="A(Hareket etmeyi engelleyen arıza)","Bu Arıza Aracın Servise Verilmesine Engel", IF(P172="B(Servisten çekmeye etki eden arıza)","Bu Arıza Aracın Servise Verilmesine Engel", IF(P172="C(Sisteme etki etmeyen arıza)","Bu Arıza Aracın Servise Verilmesine Engel Değil", IF(P172="D(Arıza Değil)","Bu Arıza Aracın Servise Verilmesine Engel Değil", "")))) | AI172: =[4]SayfaKAY!AV1005 | AJ172: =IF(AL172="","",INT(AL172)) | AK172: =IF(AL172="","",TEXT(AL172,"ss:dd")) | AL172: =[4]SayfaKAY!AX1005 | AM172: {=IFERROR(IF(AND(P172<>"D(Arıza Değil)",AH172="Bu Arıza Aracın Servise Verilmesine Engel Değil"), IF(Z172-F172>0,(AB172-Y172)*24*60, IF(OR(AND(G172>$AS$1,G172<$AT$1),AND(G172>$AU$1,G172<$AV$1)), (AF172-H172)*24*60, BH:BH0)), AN172),0)} | AN172: =IFERROR(IF(P172<>"D(Arıza Değil)",AC172,0),0) | AO172: =[4]SayfaKAY!AG1005 | AP172: =[4]SayfaKAY!AI1005 | AQ172: =[4]SayfaKAY!AQ1005 | AR172: =[4]SayfaKAY!AH1005 | AS172: =[4]SayfaKAY!AJ1005 | AT172: =[4]SayfaKAY!AM1005 | AU172: =[4]SayfaKAY!AL1005 | AV172: =[4]SayfaKAY!AP1005 | AW172: =[4]SayfaKAY!AT1005 | AX172: =IF(V172="","",V172*AC172*BC$1) | BB172: =IF($AQ$1="X", IF(AND(G172>=$AS$1,G172<=$AT$1),IF(P172<>"D(Arıza Değil)",AC172,0), IF(AND(G172>=$AU$1,G172<=$AV$1),IF(P172<>"D(Arıza Değil)",AC172,0), "")), "") | BH172: =IFERROR(FRACAS!AN1008, "Hata Var") -> 1765 | BK172: =[4]SayfaKAY!AW1005 | BL172: =[4]SayfaKAY!V1005 | BN172: =IF($AQ$1="X", IF(AND(G172>=$AS$1,G172<=$AT$1),IF(P172<>"D(Arıza Değil",AC172,0),IF(AND(G172>=$AU$1,G172<=$AV$1),IF(P172<>"D:Arıza Değil",AC172,0), "x var")), "x yok") -> x yok | BO172: =IF(OR(AND(G172>$AS$1,G172<$AT$1),AND(G172>$AU$1,G172<$AV$1)),"aynı gün giderilen arıza") -> FALSE | BP172: =IF(Z172-F172>0,"Bir günden fazla süren arıza",IF(OR(AND(G172>$AS$1,G172<$AT$1),AND(G172>$AU$1,G172<$AV$1)),"aynı gün giderilen arıza")) -> #VALUE! | BQ172: =(Y172-H172)*24*60 -> #VALUE! | BR172: =(AB172-Y172)*24*60 -> #VALUE! | BS172: =(AF172-H172)*24*60 -> #VALUE! | BV172: =COUNTIFS(B$5:B$9980,B172,H$5:H$9980,"<="&AF172,AF$5:AF$9980,">="&H172)-1 -> -1 | BW172: =IF(COUNTIFS(B$5:B$9980,B172,H$5:H$9980,"<="&AF172,AF$5:AF$9980,">="&H172)>1,"Evet, çakışma var","Hayır, çakışma yok") -> Hayır, çakışma yok | BY172: =Y172-H172 -> #VALUE! | BZ172: =AB172-Y172 -> #VALUE! | CA172: =AB172-H172 -> #VALUE! | CE172: 1004 | CF172: =H172 | CG172: =AB172 | CK172: =AB172-Y172 -> #VALUE! | CL172: =Y172-H172 -> #VALUE! | CM172: =AB172-H172 -> #VALUE! | CO172: =AC172 | CP172: =CU172/24 -> #VALUE! | CQ172: =G172 | CR172: =Y172 | CS172: =AB172 | CT172: =(CR172-CQ172)*1440 -> #VALUE! | CU172: =(CS172-CR172)*1440 -> #VALUE! | CV172: =(CS172-CQ172)*1440 -> #VALUE! | CW172: =CT172/CV172 -> #VALUE!
A173: =[4]SayfaKAY!C1006 | B173: =[4]SayfaKAY!D1006 | C173: =[4]SayfaKAY!E1006 | D173: =[4]SayfaKAY!F1006 | E173: =[4]SayfaKAY!G1006 | F173: =IF(H173="","",INT(H173)) | G173: =IF(H173="","",MOD(H173,1)) | H173: =[4]SayfaKAY!H1006 | I173: =[4]SayfaKAY!I1006 | J173: =IF([4]SayfaKAY!J1006="","",IF([4]SayfaKAY!J1006="Müşteri","Notified by Customer","Notified by Bozankaya")) | K173: =VLOOKUP([4]SayfaKAY!L1006,#REF!,2,FALSE) -> #REF! | L173: =[4]SayfaKAY!X1006 | M173: =IF( E173="", "", A173&"-"&E173) | N173: =[4]SayfaKAY!M1006 | O173: =[4]SayfaKAY!P1006 | P173: =[4]SayfaKAY!Q1006 | Q173: =[4]SayfaKAY!R1006 | R173: {=IF([4]SayfaKAY!U1006="","",_xlfn.IFS([4]SayfaKAY!U1006="Bozankaya","Bozankaya",[4]SayfaKAY!U1006="Müşteri","Customer",[4]SayfaKAY!U1006="Tedarikçi","Equipment Supplier"))} | S173: =[4]SayfaKAY!N1006 | T173: =[4]SayfaKAY!AD1006 | U173: =[4]SayfaKAY!W1006 | V173: =[4]SayfaKAY!AZ1006 | W173: =IF(Y173="","",INT(Y173)) | X173: =IF(Y173="","",TEXT(Y173,"ss:dd")) | Y173: =[4]SayfaKAY!AE1006 | Z173: =IF(AB173="","",INT(AB173)) | AA173: =IF(AB173="","",TEXT(AB173,"ss:dd")) | AB173: =[4]SayfaKAY!BA1006 | AC173: =IF(AF173="","",(AF173-H173)*24*60) | AD173: =IF(AF173="","",INT(AF173)) | AE173: =IF(AF173="","",TEXT(AF173,"ss:dd")) | AF173: =[4]SayfaKAY!BA1006 | AG173: =[4]SayfaKAY!S1006 | AH173: =IF(P173="A(Hareket etmeyi engelleyen arıza)","Bu Arıza Aracın Servise Verilmesine Engel", IF(P173="B(Servisten çekmeye etki eden arıza)","Bu Arıza Aracın Servise Verilmesine Engel", IF(P173="C(Sisteme etki etmeyen arıza)","Bu Arıza Aracın Servise Verilmesine Engel Değil", IF(P173="D(Arıza Değil)","Bu Arıza Aracın Servise Verilmesine Engel Değil", "")))) | AI173: =[4]SayfaKAY!AV1006 | AJ173: =IF(AL173="","",INT(AL173)) | AK173: =IF(AL173="","",TEXT(AL173,"ss:dd")) | AL173: =[4]SayfaKAY!AX1006 | AM173: {=IFERROR(IF(AND(P173<>"D(Arıza Değil)",AH173="Bu Arıza Aracın Servise Verilmesine Engel Değil"), IF(Z173-F173>0,(AB173-Y173)*24*60, IF(OR(AND(G173>$AS$1,G173<$AT$1),AND(G173>$AU$1,G173<$AV$1)), (AF173-H173)*24*60, BH:BH0)), AN173),0)} | AN173: =IFERROR(IF(P173<>"D(Arıza Değil)",AC173,0),0) | AO173: =[4]SayfaKAY!AG1006 | AP173: =[4]SayfaKAY!AI1006 | AQ173: =[4]SayfaKAY!AQ1006 | AR173: =[4]SayfaKAY!AH1006 | AS173: =[4]SayfaKAY!AJ1006 | AT173: =[4]SayfaKAY!AM1006 | AU173: =[4]SayfaKAY!AL1006 | AV173: =[4]SayfaKAY!AP1006 | AW173: =[4]SayfaKAY!AT1006 | AX173: =IF(V173="","",V173*AC173*BC$1) | BH173: =IFERROR(FRACAS!AN1009, "Hata Var") -> 1795 | BK173: =[4]SayfaKAY!AW1006 | BL173: =[4]SayfaKAY!V1006 | BN173: =IF($AQ$1="X", IF(AND(G173>=$AS$1,G173<=$AT$1),IF(P173<>"D(Arıza Değil",AC173,0),IF(AND(G173>=$AU$1,G173<=$AV$1),IF(P173<>"D:Arıza Değil",AC173,0), "x var")), "x yok") -> x yok | BO173: =IF(OR(AND(G173>$AS$1,G173<$AT$1),AND(G173>$AU$1,G173<$AV$1)),"aynı gün giderilen arıza") -> FALSE | BP173: =IF(Z173-F173>0,"Bir günden fazla süren arıza",IF(OR(AND(G173>$AS$1,G173<$AT$1),AND(G173>$AU$1,G173<$AV$1)),"aynı gün giderilen arıza")) -> #VALUE! | BQ173: =(Y173-H173)*24*60 -> #VALUE! | BR173: =(AB173-Y173)*24*60 -> #VALUE! | BS173: =(AF173-H173)*24*60 -> #VALUE! | BV173: =COUNTIFS(B$5:B$9980,B173,H$5:H$9980,"<="&AF173,AF$5:AF$9980,">="&H173)-1 -> -1 | BW173: =IF(COUNTIFS(B$5:B$9980,B173,H$5:H$9980,"<="&AF173,AF$5:AF$9980,">="&H173)>1,"Evet, çakışma var","Hayır, çakışma yok") -> Hayır, çakışma yok | BY173: =Y173-H173 -> #VALUE! | BZ173: =AB173-Y173 -> #VALUE! | CA173: =AB173-H173 -> #VALUE! | CE173: 1005 | CF173: =H173 | CG173: =AB173 | CK173: =AB173-Y173 -> #VALUE! | CL173: =Y173-H173 -> #VALUE! | CM173: =AB173-H173 -> #VALUE! | CO173: =AC173 | CP173: =CU173/24 -> #VALUE! | CQ173: =G173 | CR173: =Y173 | CS173: =AB173 | CT173: =(CR173-CQ173)*1440 -> #VALUE! | CU173: =(CS173-CR173)*1440 -> #VALUE! | CV173: =(CS173-CQ173)*1440 -> #VALUE! | CW173: =CT173/CV173 -> #VALUE!
A174: =[4]SayfaKAY!C1007 | B174: =[4]SayfaKAY!D1007 | C174: =[4]SayfaKAY!E1007 | D174: =[4]SayfaKAY!F1007 | E174: =[4]SayfaKAY!G1007 | F174: =IF(H174="","",INT(H174)) | G174: =IF(H174="","",MOD(H174,1)) | H174: =[4]SayfaKAY!H1007 | I174: =[4]SayfaKAY!I1007 | J174: =IF([4]SayfaKAY!J1007="","",IF([4]SayfaKAY!J1007="Müşteri","Notified by Customer","Notified by Bozankaya")) | K174: =VLOOKUP([4]SayfaKAY!L1007,#REF!,2,FALSE) -> #REF! | L174: =[4]SayfaKAY!X1007 | M174: =IF( E174="", "", A174&"-"&E174) | N174: =[4]SayfaKAY!M1007 | O174: =[4]SayfaKAY!P1007 | P174: =[4]SayfaKAY!Q1007 | Q174: =[4]SayfaKAY!R1007 | R174: {=IF([4]SayfaKAY!U1007="","",_xlfn.IFS([4]SayfaKAY!U1007="Bozankaya","Bozankaya",[4]SayfaKAY!U1007="Müşteri","Customer",[4]SayfaKAY!U1007="Tedarikçi","Equipment Supplier"))} | S174: =[4]SayfaKAY!N1007 | T174: =[4]SayfaKAY!AD1007 | U174: =[4]SayfaKAY!W1007 | V174: =[4]SayfaKAY!AZ1007 | W174: =IF(Y174="","",INT(Y174)) | X174: =IF(Y174="","",TEXT(Y174,"ss:dd")) | Y174: =[4]SayfaKAY!AE1007 | Z174: =IF(AB174="","",INT(AB174)) | AA174: =IF(AB174="","",TEXT(AB174,"ss:dd")) | AB174: =[4]SayfaKAY!BA1007 | AC174: =IF(AF174="","",(AF174-H174)*24*60) | AD174: =IF(AF174="","",INT(AF174)) | AE174: =IF(AF174="","",TEXT(AF174,"ss:dd")) | AF174: =[4]SayfaKAY!BA1007 | AG174: =[4]SayfaKAY!S1007 | AH174: =IF(P174="A(Hareket etmeyi engelleyen arıza)","Bu Arıza Aracın Servise Verilmesine Engel", IF(P174="B(Servisten çekmeye etki eden arıza)","Bu Arıza Aracın Servise Verilmesine Engel", IF(P174="C(Sisteme etki etmeyen arıza)","Bu Arıza Aracın Servise Verilmesine Engel Değil", IF(P174="D(Arıza Değil)","Bu Arıza Aracın Servise Verilmesine Engel Değil", "")))) | AI174: =[4]SayfaKAY!AV1007 | AJ174: =IF(AL174="","",INT(AL174)) | AK174: =IF(AL174="","",TEXT(AL174,"ss:dd")) | AL174: =[4]SayfaKAY!AX1007 | AM174: {=IFERROR(IF(AND(P174<>"D(Arıza Değil)",AH174="Bu Arıza Aracın Servise Verilmesine Engel Değil"), IF(Z174-F174>0,(AB174-Y174)*24*60, IF(OR(AND(G174>$AS$1,G174<$AT$1),AND(G174>$AU$1,G174<$AV$1)), (AF174-H174)*24*60, BH:BH0)), AN174),0)} | AN174: =IFERROR(IF(P174<>"D(Arıza Değil)",AC174,0),0) | AO174: =[4]SayfaKAY!AG1007 | AP174: =[4]SayfaKAY!AI1007 | AQ174: =[4]SayfaKAY!AQ1007 | AR174: =[4]SayfaKAY!AH1007 | AS174: =[4]SayfaKAY!AJ1007 | AT174: =[4]SayfaKAY!AM1007 | AU174: =[4]SayfaKAY!AL1007 | AV174: =[4]SayfaKAY!AP1007 | AW174: =[4]SayfaKAY!AT1007 | AX174: =IF(V174="","",V174*AC174*BC$1) | BB174: =IF($AQ$1="X", IF(AND(G174>=$AS$1,G174<=$AT$1),IF(P174<>"D(Arıza Değil)",AC174,0), IF(AND(G174>=$AU$1,G174<=$AV$1),IF(P174<>"D(Arıza Değil)",AC174,0), "")), "") | BH174: =IFERROR(FRACAS!AN1010, "Hata Var") -> 3086 | BK174: =[4]SayfaKAY!AW1007 | BL174: =[4]SayfaKAY!V1007 | BN174: =IF($AQ$1="X", IF(AND(G174>=$AS$1,G174<=$AT$1),IF(P174<>"D(Arıza Değil",AC174,0),IF(AND(G174>=$AU$1,G174<=$AV$1),IF(P174<>"D:Arıza Değil",AC174,0), "x var")), "x yok") -> x yok | BO174: =IF(OR(AND(G174>$AS$1,G174<$AT$1),AND(G174>$AU$1,G174<$AV$1)),"aynı gün giderilen arıza") -> FALSE | BP174: =IF(Z174-F174>0,"Bir günden fazla süren arıza",IF(OR(AND(G174>$AS$1,G174<$AT$1),AND(G174>$AU$1,G174<$AV$1)),"aynı gün giderilen arıza")) -> #VALUE! | BQ174: =(Y174-H174)*24*60 -> #VALUE! | BR174: =(AB174-Y174)*24*60 -> #VALUE! | BS174: =(AF174-H174)*24*60 -> #VALUE! | BV174: =COUNTIFS(B$5:B$9980,B174,H$5:H$9980,"<="&AF174,AF$5:AF$9980,">="&H174)-1 -> -1 | BW174: =IF(COUNTIFS(B$5:B$9980,B174,H$5:H$9980,"<="&AF174,AF$5:AF$9980,">="&H174)>1,"Evet, çakışma var","Hayır, çakışma yok") -> Hayır, çakışma yok | BY174: =Y174-H174 -> #VALUE! | BZ174: =AB174-Y174 -> #VALUE! | CA174: =AB174-H174 -> #VALUE! | CE174: 1006 | CF174: =H174 | CG174: =AB174 | CK174: =AB174-Y174 -> #VALUE! | CL174: =Y174-H174 -> #VALUE! | CM174: =AB174-H174 -> #VALUE! | CO174: =AC174 | CP174: =CU174/24 -> #VALUE! | CQ174: =G174 | CR174: =Y174 | CS174: =AB174 | CT174: =(CR174-CQ174)*1440 -> #VALUE! | CU174: =(CS174-CR174)*1440 -> #VALUE! | CV174: =(CS174-CQ174)*1440 -> #VALUE! | CW174: =CT174/CV174 -> #VALUE!
A175: =[4]SayfaKAY!C1008 | B175: =[4]SayfaKAY!D1008 | C175: =[4]SayfaKAY!E1008 | D175: =[4]SayfaKAY!F1008 | E175: =[4]SayfaKAY!G1008 | F175: =IF(H175="","",INT(H175)) | G175: =IF(H175="","",MOD(H175,1)) | H175: =[4]SayfaKAY!H1008 | I175: =[4]SayfaKAY!I1008 | J175: =IF([4]SayfaKAY!J1008="","",IF([4]SayfaKAY!J1008="Müşteri","Notified by Customer","Notified by Bozankaya")) | K175: =VLOOKUP([4]SayfaKAY!L1008,#REF!,2,FALSE) -> #REF! | L175: =[4]SayfaKAY!X1008 | M175: =IF( E175="", "", A175&"-"&E175) | N175: =[4]SayfaKAY!M1008 | O175: =[4]SayfaKAY!P1008 | P175: =[4]SayfaKAY!Q1008 | Q175: =[4]SayfaKAY!R1008 | R175: {=IF([4]SayfaKAY!U1008="","",_xlfn.IFS([4]SayfaKAY!U1008="Bozankaya","Bozankaya",[4]SayfaKAY!U1008="Müşteri","Customer",[4]SayfaKAY!U1008="Tedarikçi","Equipment Supplier"))} | S175: =[4]SayfaKAY!N1008 | T175: =[4]SayfaKAY!AD1008 | U175: =[4]SayfaKAY!W1008 | V175: =[4]SayfaKAY!AZ1008 | W175: =IF(Y175="","",INT(Y175)) | X175: =IF(Y175="","",TEXT(Y175,"ss:dd")) | Y175: =[4]SayfaKAY!AE1008 | Z175: =IF(AB175="","",INT(AB175)) | AA175: =IF(AB175="","",TEXT(AB175,"ss:dd")) | AB175: =[4]SayfaKAY!BA1008 | AC175: =IF(AF175="","",(AF175-H175)*24*60) | AD175: =IF(AF175="","",INT(AF175)) | AE175: =IF(AF175="","",TEXT(AF175,"ss:dd")) | AF175: =[4]SayfaKAY!BA1008 | AG175: =[4]SayfaKAY!S1008 | AH175: =IF(P175="A(Hareket etmeyi engelleyen arıza)","Bu Arıza Aracın Servise Verilmesine Engel", IF(P175="B(Servisten çekmeye etki eden arıza)","Bu Arıza Aracın Servise Verilmesine Engel", IF(P175="C(Sisteme etki etmeyen arıza)","Bu Arıza Aracın Servise Verilmesine Engel Değil", IF(P175="D(Arıza Değil)","Bu Arıza Aracın Servise Verilmesine Engel Değil", "")))) | AI175: =[4]SayfaKAY!AV1008 | AJ175: =IF(AL175="","",INT(AL175)) | AK175: =IF(AL175="","",TEXT(AL175,"ss:dd")) | AL175: =[4]SayfaKAY!AX1008 | AM175: {=IFERROR(IF(AND(P175<>"D(Arıza Değil)",AH175="Bu Arıza Aracın Servise Verilmesine Engel Değil"), IF(Z175-F175>0,(AB175-Y175)*24*60, IF(OR(AND(G175>$AS$1,G175<$AT$1),AND(G175>$AU$1,G175<$AV$1)), (AF175-H175)*24*60, BH:BH0)), AN175),0)} | AN175: =IFERROR(IF(P175<>"D(Arıza Değil)",AC175,0),0) | AO175: =[4]SayfaKAY!AG1008 | AP175: =[4]SayfaKAY!AI1008 | AQ175: =[4]SayfaKAY!AQ1008 | AR175: =[4]SayfaKAY!AH1008 | AS175: =[4]SayfaKAY!AJ1008 | AT175: =[4]SayfaKAY!AM1008 | AU175: =[4]SayfaKAY!AL1008 | AV175: =[4]SayfaKAY!AP1008 | AW175: =[4]SayfaKAY!AT1008 | AX175: =IF(V175="","",V175*AC175*BC$1) | BH175: =IFERROR(FRACAS!AN1011, "Hata Var") -> 4527 | BK175: =[4]SayfaKAY!AW1008 | BL175: =[4]SayfaKAY!V1008 | BN175: =IF($AQ$1="X", IF(AND(G175>=$AS$1,G175<=$AT$1),IF(P175<>"D(Arıza Değil",AC175,0),IF(AND(G175>=$AU$1,G175<=$AV$1),IF(P175<>"D:Arıza Değil",AC175,0), "x var")), "x yok") -> x yok | BO175: =IF(OR(AND(G175>$AS$1,G175<$AT$1),AND(G175>$AU$1,G175<$AV$1)),"aynı gün giderilen arıza") -> FALSE | BP175: =IF(Z175-F175>0,"Bir günden fazla süren arıza",IF(OR(AND(G175>$AS$1,G175<$AT$1),AND(G175>$AU$1,G175<$AV$1)),"aynı gün giderilen arıza")) -> #VALUE! | BQ175: =(Y175-H175)*24*60 -> #VALUE! | BR175: =(AB175-Y175)*24*60 -> #VALUE! | BS175: =(AF175-H175)*24*60 -> #VALUE! | BV175: =COUNTIFS(B$5:B$9980,B175,H$5:H$9980,"<="&AF175,AF$5:AF$9980,">="&H175)-1 -> -1 | BW175: =IF(COUNTIFS(B$5:B$9980,B175,H$5:H$9980,"<="&AF175,AF$5:AF$9980,">="&H175)>1,"Evet, çakışma var","Hayır, çakışma yok") -> Hayır, çakışma yok | BY175: =Y175-H175 -> #VALUE! | BZ175: =AB175-Y175 -> #VALUE! | CA175: =AB175-H175 -> #VALUE! | CE175: 1007 | CF175: =H175 | CG175: =AB175 | CK175: =AB175-Y175 -> #VALUE! | CL175: =Y175-H175 -> #VALUE! | CM175: =AB175-H175 -> #VALUE! | CO175: =AC175 | CP175: =CU175/24 -> #VALUE! | CQ175: =G175 | CR175: =Y175 | CS175: =AB175 | CT175: =(CR175-CQ175)*1440 -> #VALUE! | CU175: =(CS175-CR175)*1440 -> #VALUE! | CV175: =(CS175-CQ175)*1440 -> #VALUE! | CW175: =CT175/CV175 -> #VALUE!
A176: =[4]SayfaKAY!C1009 | B176: =[4]SayfaKAY!D1009 | C176: =[4]SayfaKAY!E1009 | D176: =[4]SayfaKAY!F1009 | E176: =[4]SayfaKAY!G1009 | F176: =IF(H176="","",INT(H176)) | G176: =IF(H176="","",MOD(H176,1)) | H176: =[4]SayfaKAY!H1009 | I176: =[4]SayfaKAY!I1009 | J176: =IF([4]SayfaKAY!J1009="","",IF([4]SayfaKAY!J1009="Müşteri","Notified by Customer","Notified by Bozankaya")) | K176: =VLOOKUP([4]SayfaKAY!L1009,#REF!,2,FALSE) -> #REF! | L176: =[4]SayfaKAY!X1009 | M176: =IF( E176="", "", A176&"-"&E176) | N176: =[4]SayfaKAY!M1009 | O176: =[4]SayfaKAY!P1009 | P176: =[4]SayfaKAY!Q1009 | Q176: =[4]SayfaKAY!R1009 | R176: {=IF([4]SayfaKAY!U1009="","",_xlfn.IFS([4]SayfaKAY!U1009="Bozankaya","Bozankaya",[4]SayfaKAY!U1009="Müşteri","Customer",[4]SayfaKAY!U1009="Tedarikçi","Equipment Supplier"))} | S176: =[4]SayfaKAY!N1009 | T176: =[4]SayfaKAY!AD1009 | U176: =[4]SayfaKAY!W1009 | V176: =[4]SayfaKAY!AZ1009 | W176: =IF(Y176="","",INT(Y176)) | X176: =IF(Y176="","",TEXT(Y176,"ss:dd")) | Y176: =[4]SayfaKAY!AE1009 | Z176: =IF(AB176="","",INT(AB176)) | AA176: =IF(AB176="","",TEXT(AB176,"ss:dd")) | AB176: =[4]SayfaKAY!BA1009 | AC176: =IF(AF176="","",(AF176-H176)*24*60) | AD176: =IF(AF176="","",INT(AF176)) | AE176: =IF(AF176="","",TEXT(AF176,"ss:dd")) | AF176: =[4]SayfaKAY!BA1009 | AG176: =[4]SayfaKAY!S1009 | AH176: =IF(P176="A(Hareket etmeyi engelleyen arıza)","Bu Arıza Aracın Servise Verilmesine Engel", IF(P176="B(Servisten çekmeye etki eden arıza)","Bu Arıza Aracın Servise Verilmesine Engel", IF(P176="C(Sisteme etki etmeyen arıza)","Bu Arıza Aracın Servise Verilmesine Engel Değil", IF(P176="D(Arıza Değil)","Bu Arıza Aracın Servise Verilmesine Engel Değil", "")))) | AI176: =[4]SayfaKAY!AV1009 | AJ176: =IF(AL176="","",INT(AL176)) | AK176: =IF(AL176="","",TEXT(AL176,"ss:dd")) | AL176: =[4]SayfaKAY!AX1009 | AM176: {=IFERROR(IF(AND(P176<>"D(Arıza Değil)",AH176="Bu Arıza Aracın Servise Verilmesine Engel Değil"), IF(Z176-F176>0,(AB176-Y176)*24*60, IF(OR(AND(G176>$AS$1,G176<$AT$1),AND(G176>$AU$1,G176<$AV$1)), (AF176-H176)*24*60, BH:BH0)), AN176),0)} | AN176: =IFERROR(IF(P176<>"D(Arıza Değil)",AC176,0),0) | AO176: =[4]SayfaKAY!AG1009 | AP176: =[4]SayfaKAY!AI1009 | AQ176: =[4]SayfaKAY!AQ1009 | AR176: =[4]SayfaKAY!AH1009 | AS176: =[4]SayfaKAY!AJ1009 | AT176: =[4]SayfaKAY!AM1009 | AU176: =[4]SayfaKAY!AL1009 | AV176: =[4]SayfaKAY!AP1009 | AW176: =[4]SayfaKAY!AT1009 | AX176: =IF(V176="","",V176*AC176*BC$1) | BB176: =IF($AQ$1="X", IF(AND(G176>=$AS$1,G176<=$AT$1),IF(P176<>"D(Arıza Değil)",AC176,0), IF(AND(G176>=$AU$1,G176<=$AV$1),IF(P176<>"D(Arıza Değil)",AC176,0), "")), "") | BH176: =IFERROR(FRACAS!AN1012, "Hata Var") -> 5968 | BK176: =[4]SayfaKAY!AW1009 | BL176: =[4]SayfaKAY!V1009 | BN176: =IF($AQ$1="X", IF(AND(G176>=$AS$1,G176<=$AT$1),IF(P176<>"D(Arıza Değil",AC176,0),IF(AND(G176>=$AU$1,G176<=$AV$1),IF(P176<>"D:Arıza Değil",AC176,0), "x var")), "x yok") -> x yok | BO176: =IF(OR(AND(G176>$AS$1,G176<$AT$1),AND(G176>$AU$1,G176<$AV$1)),"aynı gün giderilen arıza") -> FALSE | BP176: =IF(Z176-F176>0,"Bir günden fazla süren arıza",IF(OR(AND(G176>$AS$1,G176<$AT$1),AND(G176>$AU$1,G176<$AV$1)),"aynı gün giderilen arıza")) -> #VALUE! | BQ176: =(Y176-H176)*24*60 -> #VALUE! | BR176: =(AB176-Y176)*24*60 -> #VALUE! | BS176: =(AF176-H176)*24*60 -> #VALUE! | BV176: =COUNTIFS(B$5:B$9980,B176,H$5:H$9980,"<="&AF176,AF$5:AF$9980,">="&H176)-1 -> -1 | BW176: =IF(COUNTIFS(B$5:B$9980,B176,H$5:H$9980,"<="&AF176,AF$5:AF$9980,">="&H176)>1,"Evet, çakışma var","Hayır, çakışma yok") -> Hayır, çakışma yok | BY176: =Y176-H176 -> #VALUE! | BZ176: =AB176-Y176 -> #VALUE! | CA176: =AB176-H176 -> #VALUE! | CE176: 1008 | CF176: =H176 | CG176: =AB176 | CK176: =AB176-Y176 -> #VALUE! | CL176: =Y176-H176 -> #VALUE! | CM176: =AB176-H176 -> #VALUE! | CO176: =AC176 | CP176: =CU176/24 -> #VALUE! | CQ176: =G176 | CR176: =Y176 | CS176: =AB176 | CT176: =(CR176-CQ176)*1440 -> #VALUE! | CU176: =(CS176-CR176)*1440 -> #VALUE! | CV176: =(CS176-CQ176)*1440 -> #VALUE! | CW176: =CT176/CV176 -> #VALUE!
A177: =[4]SayfaKAY!C1010 | B177: =[4]SayfaKAY!D1010 | C177: =[4]SayfaKAY!E1010 | D177: =[4]SayfaKAY!F1010 | E177: =[4]SayfaKAY!G1010 | F177: =IF(H177="","",INT(H177)) | G177: =IF(H177="","",MOD(H177,1)) | H177: =[4]SayfaKAY!H1010 | I177: =[4]SayfaKAY!I1010 | J177: =IF([4]SayfaKAY!J1010="","",IF([4]SayfaKAY!J1010="Müşteri","Notified by Customer","Notified by Bozankaya")) | K177: =VLOOKUP([4]SayfaKAY!L1010,#REF!,2,FALSE) -> #REF! | L177: =[4]SayfaKAY!X1010 | M177: =IF( E177="", "", A177&"-"&E177) | N177: =[4]SayfaKAY!M1010 | O177: =[4]SayfaKAY!P1010 | P177: =[4]SayfaKAY!Q1010 | Q177: =[4]SayfaKAY!R1010 | R177: {=IF([4]SayfaKAY!U1010="","",_xlfn.IFS([4]SayfaKAY!U1010="Bozankaya","Bozankaya",[4]SayfaKAY!U1010="Müşteri","Customer",[4]SayfaKAY!U1010="Tedarikçi","Equipment Supplier"))} | S177: =[4]SayfaKAY!N1010 | T177: =[4]SayfaKAY!AD1010 | U177: =[4]SayfaKAY!W1010 | V177: =[4]SayfaKAY!AZ1010 | W177: =IF(Y177="","",INT(Y177)) | X177: =IF(Y177="","",TEXT(Y177,"ss:dd")) | Y177: =[4]SayfaKAY!AE1010 | Z177: =IF(AB177="","",INT(AB177)) | AA177: =IF(AB177="","",TEXT(AB177,"ss:dd")) | AB177: =[4]SayfaKAY!BA1010 | AC177: =IF(AF177="","",(AF177-H177)*24*60) | AD177: =IF(AF177="","",INT(AF177)) | AE177: =IF(AF177="","",TEXT(AF177,"ss:dd")) | AF177: =[4]SayfaKAY!BA1010 | AG177: =[4]SayfaKAY!S1010 | AH177: =IF(P177="A(Hareket etmeyi engelleyen arıza)","Bu Arıza Aracın Servise Verilmesine Engel", IF(P177="B(Servisten çekmeye etki eden arıza)","Bu Arıza Aracın Servise Verilmesine Engel", IF(P177="C(Sisteme etki etmeyen arıza)","Bu Arıza Aracın Servise Verilmesine Engel Değil", IF(P177="D(Arıza Değil)","Bu Arıza Aracın Servise Verilmesine Engel Değil", "")))) | AI177: =[4]SayfaKAY!AV1010 | AJ177: =IF(AL177="","",INT(AL177)) | AK177: =IF(AL177="","",TEXT(AL177,"ss:dd")) | AL177: =[4]SayfaKAY!AX1010 | AM177: {=IFERROR(IF(AND(P177<>"D(Arıza Değil)",AH177="Bu Arıza Aracın Servise Verilmesine Engel Değil"), IF(Z177-F177>0,(AB177-Y177)*24*60, IF(OR(AND(G177>$AS$1,G177<$AT$1),AND(G177>$AU$1,G177<$AV$1)), (AF177-H177)*24*60, BH:BH0)), AN177),0)} | AN177: =IFERROR(IF(P177<>"D(Arıza Değil)",AC177,0),0) | AO177: =[4]SayfaKAY!AG1010 | AP177: =[4]SayfaKAY!AI1010 | AQ177: =[4]SayfaKAY!AQ1010 | AR177: =[4]SayfaKAY!AH1010 | AS177: =[4]SayfaKAY!AJ1010 | AT177: =[4]SayfaKAY!AM1010 | AU177: =[4]SayfaKAY!AL1010 | AV177: =[4]SayfaKAY!AP1010 | AW177: =[4]SayfaKAY!AT1010 | AX177: =IF(V177="","",V177*AC177*BC$1) | BH177: =IFERROR(FRACAS!AN1013, "Hata Var") -> 7407 | BK177: =[4]SayfaKAY!AW1010 | BL177: =[4]SayfaKAY!V1010 | BN177: =IF($AQ$1="X", IF(AND(G177>=$AS$1,G177<=$AT$1),IF(P177<>"D(Arıza Değil",AC177,0),IF(AND(G177>=$AU$1,G177<=$AV$1),IF(P177<>"D:Arıza Değil",AC177,0), "x var")), "x yok") -> x yok | BO177: =IF(OR(AND(G177>$AS$1,G177<$AT$1),AND(G177>$AU$1,G177<$AV$1)),"aynı gün giderilen arıza") -> FALSE | BP177: =IF(Z177-F177>0,"Bir günden fazla süren arıza",IF(OR(AND(G177>$AS$1,G177<$AT$1),AND(G177>$AU$1,G177<$AV$1)),"aynı gün giderilen arıza")) -> #VALUE! | BQ177: =(Y177-H177)*24*60 -> #VALUE! | BR177: =(AB177-Y177)*24*60 -> #VALUE! | BS177: =(AF177-H177)*24*60 -> #VALUE! | BV177: =COUNTIFS(B$5:B$9980,B177,H$5:H$9980,"<="&AF177,AF$5:AF$9980,">="&H177)-1 -> -1 | BW177: =IF(COUNTIFS(B$5:B$9980,B177,H$5:H$9980,"<="&AF177,AF$5:AF$9980,">="&H177)>1,"Evet, çakışma var","Hayır, çakışma yok") -> Hayır, çakışma yok | BY177: =Y177-H177 -> #VALUE! | BZ177: =AB177-Y177 -> #VALUE! | CA177: =AB177-H177 -> #VALUE! | CE177: 1009 | CF177: =H177 | CG177: =AB177 | CK177: =AB177-Y177 -> #VALUE! | CL177: =Y177-H177 -> #VALUE! | CM177: =AB177-H177 -> #VALUE! | CO177: =AC177 | CP177: =CU177/24 -> #VALUE! | CQ177: =G177 | CR177: =Y177 | CS177: =AB177 | CT177: =(CR177-CQ177)*1440 -> #VALUE! | CU177: =(CS177-CR177)*1440 -> #VALUE! | CV177: =(CS177-CQ177)*1440 -> #VALUE! | CW177: =CT177/CV177 -> #VALUE!
A178: =[4]SayfaKAY!C1011 | B178: =[4]SayfaKAY!D1011 | C178: =[4]SayfaKAY!E1011 | D178: =[4]SayfaKAY!F1011 | E178: =[4]SayfaKAY!G1011 | F178: =IF(H178="","",INT(H178)) | G178: =IF(H178="","",MOD(H178,1)) | H178: =[4]SayfaKAY!H1011 | I178: =[4]SayfaKAY!I1011 | J178: =IF([4]SayfaKAY!J1011="","",IF([4]SayfaKAY!J1011="Müşteri","Notified by Customer","Notified by Bozankaya")) | K178: =VLOOKUP([4]SayfaKAY!L1011,#REF!,2,FALSE) -> #REF! | L178: =[4]SayfaKAY!X1011 | M178: =IF( E178="", "", A178&"-"&E178) | N178: =[4]SayfaKAY!M1011 | O178: =[4]SayfaKAY!P1011 | P178: =[4]SayfaKAY!Q1011 | Q178: =[4]SayfaKAY!R1011 | R178: {=IF([4]SayfaKAY!U1011="","",_xlfn.IFS([4]SayfaKAY!U1011="Bozankaya","Bozankaya",[4]SayfaKAY!U1011="Müşteri","Customer",[4]SayfaKAY!U1011="Tedarikçi","Equipment Supplier"))} | S178: =[4]SayfaKAY!N1011 | T178: =[4]SayfaKAY!AD1011 | U178: =[4]SayfaKAY!W1011 | V178: =[4]SayfaKAY!AZ1011 | W178: =IF(Y178="","",INT(Y178)) | X178: =IF(Y178="","",TEXT(Y178,"ss:dd")) | Y178: =[4]SayfaKAY!AE1011 | Z178: =IF(AB178="","",INT(AB178)) | AA178: =IF(AB178="","",TEXT(AB178,"ss:dd")) | AB178: =[4]SayfaKAY!BA1011 | AC178: =IF(AF178="","",(AF178-H178)*24*60) | AD178: =IF(AF178="","",INT(AF178)) | AE178: =IF(AF178="","",TEXT(AF178,"ss:dd")) | AF178: =[4]SayfaKAY!BA1011 | AG178: =[4]SayfaKAY!S1011 | AH178: =IF(P178="A(Hareket etmeyi engelleyen arıza)","Bu Arıza Aracın Servise Verilmesine Engel", IF(P178="B(Servisten çekmeye etki eden arıza)","Bu Arıza Aracın Servise Verilmesine Engel", IF(P178="C(Sisteme etki etmeyen arıza)","Bu Arıza Aracın Servise Verilmesine Engel Değil", IF(P178="D(Arıza Değil)","Bu Arıza Aracın Servise Verilmesine Engel Değil", "")))) | AI178: =[4]SayfaKAY!AV1011 | AJ178: =IF(AL178="","",INT(AL178)) | AK178: =IF(AL178="","",TEXT(AL178,"ss:dd")) | AL178: =[4]SayfaKAY!AX1011 | AM178: {=IFERROR(IF(AND(P178<>"D(Arıza Değil)",AH178="Bu Arıza Aracın Servise Verilmesine Engel Değil"), IF(Z178-F178>0,(AB178-Y178)*24*60, IF(OR(AND(G178>$AS$1,G178<$AT$1),AND(G178>$AU$1,G178<$AV$1)), (AF178-H178)*24*60, BH:BH0)), AN178),0)} | AN178: =IFERROR(IF(P178<>"D(Arıza Değil)",AC178,0),0) | AO178: =[4]SayfaKAY!AG1011 | AP178: =[4]SayfaKAY!AI1011 | AQ178: =[4]SayfaKAY!AQ1011 | AR178: =[4]SayfaKAY!AH1011 | AS178: =[4]SayfaKAY!AJ1011 | AT178: =[4]SayfaKAY!AM1011 | AU178: =[4]SayfaKAY!AL1011 | AV178: =[4]SayfaKAY!AP1011 | AW178: =[4]SayfaKAY!AT1011 | AX178: =IF(V178="","",V178*AC178*BC$1) | BB178: =IF($AQ$1="X", IF(AND(G178>=$AS$1,G178<=$AT$1),IF(P178<>"D(Arıza Değil)",AC178,0), IF(AND(G178>=$AU$1,G178<=$AV$1),IF(P178<>"D(Arıza Değil)",AC178,0), "")), "") | BH178: =IFERROR(FRACAS!AN1014, "Hata Var") -> 1697 | BK178: =[4]SayfaKAY!AW1011 | BL178: =[4]SayfaKAY!V1011 | BN178: =IF($AQ$1="X", IF(AND(G178>=$AS$1,G178<=$AT$1),IF(P178<>"D(Arıza Değil",AC178,0),IF(AND(G178>=$AU$1,G178<=$AV$1),IF(P178<>"D:Arıza Değil",AC178,0), "x var")), "x yok") -> x yok | BO178: =IF(OR(AND(G178>$AS$1,G178<$AT$1),AND(G178>$AU$1,G178<$AV$1)),"aynı gün giderilen arıza") -> FALSE | BP178: =IF(Z178-F178>0,"Bir günden fazla süren arıza",IF(OR(AND(G178>$AS$1,G178<$AT$1),AND(G178>$AU$1,G178<$AV$1)),"aynı gün giderilen arıza")) -> #VALUE! | BQ178: =(Y178-H178)*24*60 -> #VALUE! | BR178: =(AB178-Y178)*24*60 -> #VALUE! | BS178: =(AF178-H178)*24*60 -> #VALUE! | BV178: =COUNTIFS(B$5:B$9980,B178,H$5:H$9980,"<="&AF178,AF$5:AF$9980,">="&H178)-1 -> -1 | BW178: =IF(COUNTIFS(B$5:B$9980,B178,H$5:H$9980,"<="&AF178,AF$5:AF$9980,">="&H178)>1,"Evet, çakışma var","Hayır, çakışma yok") -> Hayır, çakışma yok | BY178: =Y178-H178 -> #VALUE! | BZ178: =AB178-Y178 -> #VALUE! | CA178: =AB178-H178 -> #VALUE! | CE178: 1010 | CF178: =H178 | CG178: =AB178 | CK178: =AB178-Y178 -> #VALUE! | CL178: =Y178-H178 -> #VALUE! | CM178: =AB178-H178 -> #VALUE! | CO178: =AC178 | CP178: =CU178/24 -> #VALUE! | CQ178: =G178 | CR178: =Y178 | CS178: =AB178 | CT178: =(CR178-CQ178)*1440 -> #VALUE! | CU178: =(CS178-CR178)*1440 -> #VALUE! | CV178: =(CS178-CQ178)*1440 -> #VALUE! | CW178: =CT178/CV178 -> #VALUE!
A179: =[4]SayfaKAY!C1012 | B179: =[4]SayfaKAY!D1012 | C179: =[4]SayfaKAY!E1012 | D179: =[4]SayfaKAY!F1012 | E179: =[4]SayfaKAY!G1012 | F179: =IF(H179="","",INT(H179)) | G179: =IF(H179="","",MOD(H179,1)) | H179: =[4]SayfaKAY!H1012 | I179: =[4]SayfaKAY!I1012 | J179: =IF([4]SayfaKAY!J1012="","",IF([4]SayfaKAY!J1012="Müşteri","Notified by Customer","Notified by Bozankaya")) | K179: =VLOOKUP([4]SayfaKAY!L1012,#REF!,2,FALSE) -> #REF! | L179: =[4]SayfaKAY!X1012 | M179: =IF( E179="", "", A179&"-"&E179) | N179: =[4]SayfaKAY!M1012 | O179: =[4]SayfaKAY!P1012 | P179: =[4]SayfaKAY!Q1012 | Q179: =[4]SayfaKAY!R1012 | R179: {=IF([4]SayfaKAY!U1012="","",_xlfn.IFS([4]SayfaKAY!U1012="Bozankaya","Bozankaya",[4]SayfaKAY!U1012="Müşteri","Customer",[4]SayfaKAY!U1012="Tedarikçi","Equipment Supplier"))} | S179: =[4]SayfaKAY!N1012 | T179: =[4]SayfaKAY!AD1012 | U179: =[4]SayfaKAY!W1012 | V179: =[4]SayfaKAY!AZ1012 | W179: =IF(Y179="","",INT(Y179)) | X179: =IF(Y179="","",TEXT(Y179,"ss:dd")) | Y179: =[4]SayfaKAY!AE1012 | Z179: =IF(AB179="","",INT(AB179)) | AA179: =IF(AB179="","",TEXT(AB179,"ss:dd")) | AB179: =[4]SayfaKAY!BA1012 | AC179: =IF(AF179="","",(AF179-H179)*24*60) | AD179: =IF(AF179="","",INT(AF179)) | AE179: =IF(AF179="","",TEXT(AF179,"ss:dd")) | AF179: =[4]SayfaKAY!BA1012 | AG179: =[4]SayfaKAY!S1012 | AH179: =IF(P179="A(Hareket etmeyi engelleyen arıza)","Bu Arıza Aracın Servise Verilmesine Engel", IF(P179="B(Servisten çekmeye etki eden arıza)","Bu Arıza Aracın Servise Verilmesine Engel", IF(P179="C(Sisteme etki etmeyen arıza)","Bu Arıza Aracın Servise Verilmesine Engel Değil", IF(P179="D(Arıza Değil)","Bu Arıza Aracın Servise Verilmesine Engel Değil", "")))) | AI179: =[4]SayfaKAY!AV1012 | AJ179: =IF(AL179="","",INT(AL179)) | AK179: =IF(AL179="","",TEXT(AL179,"ss:dd")) | AL179: =[4]SayfaKAY!AX1012 | AM179: {=IFERROR(IF(AND(P179<>"D(Arıza Değil)",AH179="Bu Arıza Aracın Servise Verilmesine Engel Değil"), IF(Z179-F179>0,(AB179-Y179)*24*60, IF(OR(AND(G179>$AS$1,G179<$AT$1),AND(G179>$AU$1,G179<$AV$1)), (AF179-H179)*24*60, BH:BH0)), AN179),0)} | AN179: =IFERROR(IF(P179<>"D(Arıza Değil)",AC179,0),0) | AO179: =[4]SayfaKAY!AG1012 | AP179: =[4]SayfaKAY!AI1012 | AQ179: =[4]SayfaKAY!AQ1012 | AR179: =[4]SayfaKAY!AH1012 | AS179: =[4]SayfaKAY!AJ1012 | AT179: =[4]SayfaKAY!AM1012 | AU179: =[4]SayfaKAY!AL1012 | AV179: =[4]SayfaKAY!AP1012 | AW179: =[4]SayfaKAY!AT1012 | AX179: =IF(V179="","",V179*AC179*BC$1) | BH179: =IFERROR(FRACAS!AN1015, "Hata Var") -> 1699 | BK179: =[4]SayfaKAY!AW1012 | BL179: =[4]SayfaKAY!V1012 | BN179: =IF($AQ$1="X", IF(AND(G179>=$AS$1,G179<=$AT$1),IF(P179<>"D(Arıza Değil",AC179,0),IF(AND(G179>=$AU$1,G179<=$AV$1),IF(P179<>"D:Arıza Değil",AC179,0), "x var")), "x yok") -> x yok | BO179: =IF(OR(AND(G179>$AS$1,G179<$AT$1),AND(G179>$AU$1,G179<$AV$1)),"aynı gün giderilen arıza") -> FALSE | BP179: =IF(Z179-F179>0,"Bir günden fazla süren arıza",IF(OR(AND(G179>$AS$1,G179<$AT$1),AND(G179>$AU$1,G179<$AV$1)),"aynı gün giderilen arıza")) -> #VALUE! | BQ179: =(Y179-H179)*24*60 -> #VALUE! | BR179: =(AB179-Y179)*24*60 -> #VALUE! | BS179: =(AF179-H179)*24*60 -> #VALUE! | BV179: =COUNTIFS(B$5:B$9980,B179,H$5:H$9980,"<="&AF179,AF$5:AF$9980,">="&H179)-1 -> -1 | BW179: =IF(COUNTIFS(B$5:B$9980,B179,H$5:H$9980,"<="&AF179,AF$5:AF$9980,">="&H179)>1,"Evet, çakışma var","Hayır, çakışma yok") -> Hayır, çakışma yok | BY179: =Y179-H179 -> #VALUE! | BZ179: =AB179-Y179 -> #VALUE! | CA179: =AB179-H179 -> #VALUE! | CE179: 1011 | CF179: =H179 | CG179: =AB179 | CK179: =AB179-Y179 -> #VALUE! | CL179: =Y179-H179 -> #VALUE! | CM179: =AB179-H179 -> #VALUE! | CO179: =AC179 | CP179: =CU179/24 -> #VALUE! | CQ179: =G179 | CR179: =Y179 | CS179: =AB179 | CT179: =(CR179-CQ179)*1440 -> #VALUE! | CU179: =(CS179-CR179)*1440 -> #VALUE! | CV179: =(CS179-CQ179)*1440 -> #VALUE! | CW179: =CT179/CV179 -> #VALUE!
A180: =[4]SayfaKAY!C1013 | B180: =[4]SayfaKAY!D1013 | C180: =[4]SayfaKAY!E1013 | D180: =[4]SayfaKAY!F1013 | E180: =[4]SayfaKAY!G1013 | F180: =IF(H180="","",INT(H180)) | G180: =IF(H180="","",MOD(H180,1)) | H180: =[4]SayfaKAY!H1013 | I180: =[4]SayfaKAY!I1013 | J180: =IF([4]SayfaKAY!J1013="","",IF([4]SayfaKAY!J1013="Müşteri","Notified by Customer","Notified by Bozankaya")) | K180: =VLOOKUP([4]SayfaKAY!L1013,#REF!,2,FALSE) -> #REF! | L180: =[4]SayfaKAY!X1013 | M180: =IF( E180="", "", A180&"-"&E180) | N180: =[4]SayfaKAY!M1013 | O180: =[4]SayfaKAY!P1013 | P180: =[4]SayfaKAY!Q1013 | Q180: =[4]SayfaKAY!R1013 | R180: {=IF([4]SayfaKAY!U1013="","",_xlfn.IFS([4]SayfaKAY!U1013="Bozankaya","Bozankaya",[4]SayfaKAY!U1013="Müşteri","Customer",[4]SayfaKAY!U1013="Tedarikçi","Equipment Supplier"))} | S180: =[4]SayfaKAY!N1013 | T180: =[4]SayfaKAY!AD1013 | U180: =[4]SayfaKAY!W1013 | V180: =[4]SayfaKAY!AZ1013 | W180: =IF(Y180="","",INT(Y180)) | X180: =IF(Y180="","",TEXT(Y180,"ss:dd")) | Y180: =[4]SayfaKAY!AE1013 | Z180: =IF(AB180="","",INT(AB180)) | AA180: =IF(AB180="","",TEXT(AB180,"ss:dd")) | AB180: =[4]SayfaKAY!BA1013 | AC180: =IF(AF180="","",(AF180-H180)*24*60) | AD180: =IF(AF180="","",INT(AF180)) | AE180: =IF(AF180="","",TEXT(AF180,"ss:dd")) | AF180: =[4]SayfaKAY!BA1013 | AG180: =[4]SayfaKAY!S1013 | AH180: =IF(P180="A(Hareket etmeyi engelleyen arıza)","Bu Arıza Aracın Servise Verilmesine Engel", IF(P180="B(Servisten çekmeye etki eden arıza)","Bu Arıza Aracın Servise Verilmesine Engel", IF(P180="C(Sisteme etki etmeyen arıza)","Bu Arıza Aracın Servise Verilmesine Engel Değil", IF(P180="D(Arıza Değil)","Bu Arıza Aracın Servise Verilmesine Engel Değil", "")))) | AI180: =[4]SayfaKAY!AV1013 | AJ180: =IF(AL180="","",INT(AL180)) | AK180: =IF(AL180="","",TEXT(AL180,"ss:dd")) | AL180: =[4]SayfaKAY!AX1013 | AM180: {=IFERROR(IF(AND(P180<>"D(Arıza Değil)",AH180="Bu Arıza Aracın Servise Verilmesine Engel Değil"), IF(Z180-F180>0,(AB180-Y180)*24*60, IF(OR(AND(G180>$AS$1,G180<$AT$1),AND(G180>$AU$1,G180<$AV$1)), (AF180-H180)*24*60, BH:BH0)), AN180),0)} | AN180: =IFERROR(IF(P180<>"D(Arıza Değil)",AC180,0),0) | AO180: =[4]SayfaKAY!AG1013 | AP180: =[4]SayfaKAY!AI1013 | AQ180: =[4]SayfaKAY!AQ1013 | AR180: =[4]SayfaKAY!AH1013 | AS180: =[4]SayfaKAY!AJ1013 | AT180: =[4]SayfaKAY!AM1013 | AU180: =[4]SayfaKAY!AL1013 | AV180: =[4]SayfaKAY!AP1013 | AW180: =[4]SayfaKAY!AT1013 | AX180: =IF(V180="","",V180*AC180*BC$1) | BB180: =IF($AQ$1="X", IF(AND(G180>=$AS$1,G180<=$AT$1),IF(P180<>"D(Arıza Değil)",AC180,0), IF(AND(G180>=$AU$1,G180<=$AV$1),IF(P180<>"D(Arıza Değil)",AC180,0), "")), "") | BH180: =IFERROR(FRACAS!AN1016, "Hata Var") -> 1978 | BK180: =[4]SayfaKAY!AW1013 | BL180: =[4]SayfaKAY!V1013 | BN180: =IF($AQ$1="X", IF(AND(G180>=$AS$1,G180<=$AT$1),IF(P180<>"D(Arıza Değil",AC180,0),IF(AND(G180>=$AU$1,G180<=$AV$1),IF(P180<>"D:Arıza Değil",AC180,0), "x var")), "x yok") -> x yok | BO180: =IF(OR(AND(G180>$AS$1,G180<$AT$1),AND(G180>$AU$1,G180<$AV$1)),"aynı gün giderilen arıza") -> FALSE | BP180: =IF(Z180-F180>0,"Bir günden fazla süren arıza",IF(OR(AND(G180>$AS$1,G180<$AT$1),AND(G180>$AU$1,G180<$AV$1)),"aynı gün giderilen arıza")) -> #VALUE! | BQ180: =(Y180-H180)*24*60 -> #VALUE! | BR180: =(AB180-Y180)*24*60 -> #VALUE! | BS180: =(AF180-H180)*24*60 -> #VALUE! | BV180: =COUNTIFS(B$5:B$9980,B180,H$5:H$9980,"<="&AF180,AF$5:AF$9980,">="&H180)-1 -> -1 | BW180: =IF(COUNTIFS(B$5:B$9980,B180,H$5:H$9980,"<="&AF180,AF$5:AF$9980,">="&H180)>1,"Evet, çakışma var","Hayır, çakışma yok") -> Hayır, çakışma yok | BY180: =Y180-H180 -> #VALUE! | BZ180: =AB180-Y180 -> #VALUE! | CA180: =AB180-H180 -> #VALUE! | CE180: 1012 | CF180: =H180 | CG180: =AB180 | CK180: =AB180-Y180 -> #VALUE! | CL180: =Y180-H180 -> #VALUE! | CM180: =AB180-H180 -> #VALUE! | CO180: =AC180 | CP180: =CU180/24 -> #VALUE! | CQ180: =G180 | CR180: =Y180 | CS180: =AB180 | CT180: =(CR180-CQ180)*1440 -> #VALUE! | CU180: =(CS180-CR180)*1440 -> #VALUE! | CV180: =(CS180-CQ180)*1440 -> #VALUE! | CW180: =CT180/CV180 -> #VALUE!
A181: =[4]SayfaKAY!C1014 | B181: =[4]SayfaKAY!D1014 | C181: =[4]SayfaKAY!E1014 | D181: =[4]SayfaKAY!F1014 | E181: =[4]SayfaKAY!G1014 | F181: =IF(H181="","",INT(H181)) | G181: =IF(H181="","",MOD(H181,1)) | H181: =[4]SayfaKAY!H1014 | I181: =[4]SayfaKAY!I1014 | J181: =IF([4]SayfaKAY!J1014="","",IF([4]SayfaKAY!J1014="Müşteri","Notified by Customer","Notified by Bozankaya")) | K181: =VLOOKUP([4]SayfaKAY!L1014,#REF!,2,FALSE) -> #REF! | L181: =[4]SayfaKAY!X1014 | M181: =IF( E181="", "", A181&"-"&E181) | N181: =[4]SayfaKAY!M1014 | O181: =[4]SayfaKAY!P1014 | P181: =[4]SayfaKAY!Q1014 | Q181: =[4]SayfaKAY!R1014 | R181: {=IF([4]SayfaKAY!U1014="","",_xlfn.IFS([4]SayfaKAY!U1014="Bozankaya","Bozankaya",[4]SayfaKAY!U1014="Müşteri","Customer",[4]SayfaKAY!U1014="Tedarikçi","Equipment Supplier"))} | S181: =[4]SayfaKAY!N1014 | T181: =[4]SayfaKAY!AD1014 | U181: =[4]SayfaKAY!W1014 | V181: =[4]SayfaKAY!AZ1014 | W181: =IF(Y181="","",INT(Y181)) | X181: =IF(Y181="","",TEXT(Y181,"ss:dd")) | Y181: =[4]SayfaKAY!AE1014 | Z181: =IF(AB181="","",INT(AB181)) | AA181: =IF(AB181="","",TEXT(AB181,"ss:dd")) | AB181: =[4]SayfaKAY!BA1014 | AC181: =IF(AF181="","",(AF181-H181)*24*60) | AD181: =IF(AF181="","",INT(AF181)) | AE181: =IF(AF181="","",TEXT(AF181,"ss:dd")) | AF181: =[4]SayfaKAY!BA1014 | AG181: =[4]SayfaKAY!S1014 | AH181: =IF(P181="A(Hareket etmeyi engelleyen arıza)","Bu Arıza Aracın Servise Verilmesine Engel", IF(P181="B(Servisten çekmeye etki eden arıza)","Bu Arıza Aracın Servise Verilmesine Engel", IF(P181="C(Sisteme etki etmeyen arıza)","Bu Arıza Aracın Servise Verilmesine Engel Değil", IF(P181="D(Arıza Değil)","Bu Arıza Aracın Servise Verilmesine Engel Değil", "")))) | AI181: =[4]SayfaKAY!AV1014 | AJ181: =IF(AL181="","",INT(AL181)) | AK181: =IF(AL181="","",TEXT(AL181,"ss:dd")) | AL181: =[4]SayfaKAY!AX1014 | AM181: {=IFERROR(IF(AND(P181<>"D(Arıza Değil)",AH181="Bu Arıza Aracın Servise Verilmesine Engel Değil"), IF(Z181-F181>0,(AB181-Y181)*24*60, IF(OR(AND(G181>$AS$1,G181<$AT$1),AND(G181>$AU$1,G181<$AV$1)), (AF181-H181)*24*60, BH:BH0)), AN181),0)} | AN181: =IFERROR(IF(P181<>"D(Arıza Değil)",AC181,0),0) | AO181: =[4]SayfaKAY!AG1014 | AP181: =[4]SayfaKAY!AI1014 | AQ181: =[4]SayfaKAY!AQ1014 | AR181: =[4]SayfaKAY!AH1014 | AS181: =[4]SayfaKAY!AJ1014 | AT181: =[4]SayfaKAY!AM1014 | AU181: =[4]SayfaKAY!AL1014 | AV181: =[4]SayfaKAY!AP1014 | AW181: =[4]SayfaKAY!AT1014 | AX181: =IF(V181="","",V181*AC181*BC$1) | BH181: =IFERROR(FRACAS!AN1017, "Hata Var") -> 97891 | BK181: =[4]SayfaKAY!AW1014 | BL181: =[4]SayfaKAY!V1014 | BN181: =IF($AQ$1="X", IF(AND(G181>=$AS$1,G181<=$AT$1),IF(P181<>"D(Arıza Değil",AC181,0),IF(AND(G181>=$AU$1,G181<=$AV$1),IF(P181<>"D:Arıza Değil",AC181,0), "x var")), "x yok") -> x yok | BO181: =IF(OR(AND(G181>$AS$1,G181<$AT$1),AND(G181>$AU$1,G181<$AV$1)),"aynı gün giderilen arıza") -> FALSE | BP181: =IF(Z181-F181>0,"Bir günden fazla süren arıza",IF(OR(AND(G181>$AS$1,G181<$AT$1),AND(G181>$AU$1,G181<$AV$1)),"aynı gün giderilen arıza")) -> #VALUE! | BQ181: =(Y181-H181)*24*60 -> #VALUE! | BR181: =(AB181-Y181)*24*60 -> #VALUE! | BS181: =(AF181-H181)*24*60 -> #VALUE! | BV181: =COUNTIFS(B$5:B$9980,B181,H$5:H$9980,"<="&AF181,AF$5:AF$9980,">="&H181)-1 -> -1 | BW181: =IF(COUNTIFS(B$5:B$9980,B181,H$5:H$9980,"<="&AF181,AF$5:AF$9980,">="&H181)>1,"Evet, çakışma var","Hayır, çakışma yok") -> Hayır, çakışma yok | BY181: =Y181-H181 -> #VALUE! | BZ181: =AB181-Y181 -> #VALUE! | CA181: =AB181-H181 -> #VALUE! | CE181: 1013 | CF181: =H181 | CG181: =AB181 | CK181: =AB181-Y181 -> #VALUE! | CL181: =Y181-H181 -> #VALUE! | CM181: =AB181-H181 -> #VALUE! | CO181: =AC181 | CP181: =CU181/24 -> #VALUE! | CQ181: =G181 | CR181: =Y181 | CS181: =AB181 | CT181: =(CR181-CQ181)*1440 -> #VALUE! | CU181: =(CS181-CR181)*1440 -> #VALUE! | CV181: =(CS181-CQ181)*1440 -> #VALUE! | CW181: =CT181/CV181 -> #VALUE!
A182: =[4]SayfaKAY!C1015 | B182: =[4]SayfaKAY!D1015 | C182: =[4]SayfaKAY!E1015 | D182: =[4]SayfaKAY!F1015 | E182: =[4]SayfaKAY!G1015 | F182: =IF(H182="","",INT(H182)) | G182: =IF(H182="","",MOD(H182,1)) | H182: =[4]SayfaKAY!H1015 | I182: =[4]SayfaKAY!I1015 | J182: =IF([4]SayfaKAY!J1015="","",IF([4]SayfaKAY!J1015="Müşteri","Notified by Customer","Notified by Bozankaya")) | K182: =VLOOKUP([4]SayfaKAY!L1015,#REF!,2,FALSE) -> #REF! | L182: =[4]SayfaKAY!X1015 | M182: =IF( E182="", "", A182&"-"&E182) | N182: =[4]SayfaKAY!M1015 | O182: =[4]SayfaKAY!P1015 | P182: =[4]SayfaKAY!Q1015 | Q182: =[4]SayfaKAY!R1015 | R182: {=IF([4]SayfaKAY!U1015="","",_xlfn.IFS([4]SayfaKAY!U1015="Bozankaya","Bozankaya",[4]SayfaKAY!U1015="Müşteri","Customer",[4]SayfaKAY!U1015="Tedarikçi","Equipment Supplier"))} | S182: =[4]SayfaKAY!N1015 | T182: =[4]SayfaKAY!AD1015 | U182: =[4]SayfaKAY!W1015 | V182: =[4]SayfaKAY!AZ1015 | W182: =IF(Y182="","",INT(Y182)) | X182: =IF(Y182="","",TEXT(Y182,"ss:dd")) | Y182: =[4]SayfaKAY!AE1015 | Z182: =IF(AB182="","",INT(AB182)) | AA182: =IF(AB182="","",TEXT(AB182,"ss:dd")) | AB182: =[4]SayfaKAY!BA1015 | AC182: =IF(AF182="","",(AF182-H182)*24*60) | AD182: =IF(AF182="","",INT(AF182)) | AE182: =IF(AF182="","",TEXT(AF182,"ss:dd")) | AF182: =[4]SayfaKAY!BA1015 | AG182: =[4]SayfaKAY!S1015 | AH182: =IF(P182="A(Hareket etmeyi engelleyen arıza)","Bu Arıza Aracın Servise Verilmesine Engel", IF(P182="B(Servisten çekmeye etki eden arıza)","Bu Arıza Aracın Servise Verilmesine Engel", IF(P182="C(Sisteme etki etmeyen arıza)","Bu Arıza Aracın Servise Verilmesine Engel Değil", IF(P182="D(Arıza Değil)","Bu Arıza Aracın Servise Verilmesine Engel Değil", "")))) | AI182: =[4]SayfaKAY!AV1015 | AJ182: =IF(AL182="","",INT(AL182)) | AK182: =IF(AL182="","",TEXT(AL182,"ss:dd")) | AL182: =[4]SayfaKAY!AX1015 | AM182: {=IFERROR(IF(AND(P182<>"D(Arıza Değil)",AH182="Bu Arıza Aracın Servise Verilmesine Engel Değil"), IF(Z182-F182>0,(AB182-Y182)*24*60, IF(OR(AND(G182>$AS$1,G182<$AT$1),AND(G182>$AU$1,G182<$AV$1)), (AF182-H182)*24*60, BH:BH0)), AN182),0)} | AN182: =IFERROR(IF(P182<>"D(Arıza Değil)",AC182,0),0) | AO182: =[4]SayfaKAY!AG1015 | AP182: =[4]SayfaKAY!AI1015 | AQ182: =[4]SayfaKAY!AQ1015 | AR182: =[4]SayfaKAY!AH1015 | AS182: =[4]SayfaKAY!AJ1015 | AT182: =[4]SayfaKAY!AM1015 | AU182: =[4]SayfaKAY!AL1015 | AV182: =[4]SayfaKAY!AP1015 | AW182: =[4]SayfaKAY!AT1015 | AX182: =IF(V182="","",V182*AC182*BC$1) | BB182: =IF($AQ$1="X", IF(AND(G182>=$AS$1,G182<=$AT$1),IF(P182<>"D(Arıza Değil)",AC182,0), IF(AND(G182>=$AU$1,G182<=$AV$1),IF(P182<>"D(Arıza Değil)",AC182,0), "")), "") | BH182: =IFERROR(FRACAS!AN1018, "Hata Var") -> 103 | BK182: =[4]SayfaKAY!AW1015 | BL182: =[4]SayfaKAY!V1015 | BN182: =IF($AQ$1="X", IF(AND(G182>=$AS$1,G182<=$AT$1),IF(P182<>"D(Arıza Değil",AC182,0),IF(AND(G182>=$AU$1,G182<=$AV$1),IF(P182<>"D:Arıza Değil",AC182,0), "x var")), "x yok") -> x yok | BO182: =IF(OR(AND(G182>$AS$1,G182<$AT$1),AND(G182>$AU$1,G182<$AV$1)),"aynı gün giderilen arıza") -> FALSE | BP182: =IF(Z182-F182>0,"Bir günden fazla süren arıza",IF(OR(AND(G182>$AS$1,G182<$AT$1),AND(G182>$AU$1,G182<$AV$1)),"aynı gün giderilen arıza")) -> #VALUE! | BQ182: =(Y182-H182)*24*60 -> #VALUE! | BR182: =(AB182-Y182)*24*60 -> #VALUE! | BS182: =(AF182-H182)*24*60 -> #VALUE! | BV182: =COUNTIFS(B$5:B$9980,B182,H$5:H$9980,"<="&AF182,AF$5:AF$9980,">="&H182)-1 -> -1 | BW182: =IF(COUNTIFS(B$5:B$9980,B182,H$5:H$9980,"<="&AF182,AF$5:AF$9980,">="&H182)>1,"Evet, çakışma var","Hayır, çakışma yok") -> Hayır, çakışma yok | BY182: =Y182-H182 -> #VALUE! | BZ182: =AB182-Y182 -> #VALUE! | CA182: =AB182-H182 -> #VALUE! | CE182: 1014 | CF182: =H182 | CG182: =AB182 | CK182: =AB182-Y182 -> #VALUE! | CL182: =Y182-H182 -> #VALUE! | CM182: =AB182-H182 -> #VALUE! | CO182: =AC182 | CP182: =CU182/24 -> #VALUE! | CQ182: =G182 | CR182: =Y182 | CS182: =AB182 | CT182: =(CR182-CQ182)*1440 -> #VALUE! | CU182: =(CS182-CR182)*1440 -> #VALUE! | CV182: =(CS182-CQ182)*1440 -> #VALUE! | CW182: =CT182/CV182 -> #VALUE!
A183: =[4]SayfaKAY!C1016 | B183: =[4]SayfaKAY!D1016 | C183: =[4]SayfaKAY!E1016 | D183: =[4]SayfaKAY!F1016 | E183: =[4]SayfaKAY!G1016 | F183: =IF(H183="","",INT(H183)) | G183: =IF(H183="","",MOD(H183,1)) | H183: =[4]SayfaKAY!H1016 | I183: =[4]SayfaKAY!I1016 | J183: =IF([4]SayfaKAY!J1016="","",IF([4]SayfaKAY!J1016="Müşteri","Notified by Customer","Notified by Bozankaya")) | K183: =VLOOKUP([4]SayfaKAY!L1016,#REF!,2,FALSE) -> #REF! | L183: =[4]SayfaKAY!X1016 | M183: =IF( E183="", "", A183&"-"&E183) | N183: =[4]SayfaKAY!M1016 | O183: =[4]SayfaKAY!P1016 | P183: =[4]SayfaKAY!Q1016 | Q183: =[4]SayfaKAY!R1016 | R183: {=IF([4]SayfaKAY!U1016="","",_xlfn.IFS([4]SayfaKAY!U1016="Bozankaya","Bozankaya",[4]SayfaKAY!U1016="Müşteri","Customer",[4]SayfaKAY!U1016="Tedarikçi","Equipment Supplier"))} | S183: =[4]SayfaKAY!N1016 | T183: =[4]SayfaKAY!AD1016 | U183: =[4]SayfaKAY!W1016 | V183: =[4]SayfaKAY!AZ1016 | W183: =IF(Y183="","",INT(Y183)) | X183: =IF(Y183="","",TEXT(Y183,"ss:dd")) | Y183: =[4]SayfaKAY!AE1016 | Z183: =IF(AB183="","",INT(AB183)) | AA183: =IF(AB183="","",TEXT(AB183,"ss:dd")) | AB183: =[4]SayfaKAY!BA1016 | AC183: =IF(AF183="","",(AF183-H183)*24*60) | AD183: =IF(AF183="","",INT(AF183)) | AE183: =IF(AF183="","",TEXT(AF183,"ss:dd")) | AF183: =[4]SayfaKAY!BA1016 | AG183: =[4]SayfaKAY!S1016 | AH183: =IF(P183="A(Hareket etmeyi engelleyen arıza)","Bu Arıza Aracın Servise Verilmesine Engel", IF(P183="B(Servisten çekmeye etki eden arıza)","Bu Arıza Aracın Servise Verilmesine Engel", IF(P183="C(Sisteme etki etmeyen arıza)","Bu Arıza Aracın Servise Verilmesine Engel Değil", IF(P183="D(Arıza Değil)","Bu Arıza Aracın Servise Verilmesine Engel Değil", "")))) | AI183: =[4]SayfaKAY!AV1016 | AJ183: =IF(AL183="","",INT(AL183)) | AK183: =IF(AL183="","",TEXT(AL183,"ss:dd")) | AL183: =[4]SayfaKAY!AX1016 | AM183: {=IFERROR(IF(AND(P183<>"D(Arıza Değil)",AH183="Bu Arıza Aracın Servise Verilmesine Engel Değil"), IF(Z183-F183>0,(AB183-Y183)*24*60, IF(OR(AND(G183>$AS$1,G183<$AT$1),AND(G183>$AU$1,G183<$AV$1)), (AF183-H183)*24*60, BH:BH0)), AN183),0)} | AN183: =IFERROR(IF(P183<>"D(Arıza Değil)",AC183,0),0) | AO183: =[4]SayfaKAY!AG1016 | AP183: =[4]SayfaKAY!AI1016 | AQ183: =[4]SayfaKAY!AQ1016 | AR183: =[4]SayfaKAY!AH1016 | AS183: =[4]SayfaKAY!AJ1016 | AT183: =[4]SayfaKAY!AM1016 | AU183: =[4]SayfaKAY!AL1016 | AV183: =[4]SayfaKAY!AP1016 | AW183: =[4]SayfaKAY!AT1016 | AX183: =IF(V183="","",V183*AC183*BC$1) | BH183: =IFERROR(FRACAS!AN1019, "Hata Var") -> 228 | BK183: =[4]SayfaKAY!AW1016 | BL183: =[4]SayfaKAY!V1016 | BN183: =IF($AQ$1="X", IF(AND(G183>=$AS$1,G183<=$AT$1),IF(P183<>"D(Arıza Değil",AC183,0),IF(AND(G183>=$AU$1,G183<=$AV$1),IF(P183<>"D:Arıza Değil",AC183,0), "x var")), "x yok") -> x yok | BO183: =IF(OR(AND(G183>$AS$1,G183<$AT$1),AND(G183>$AU$1,G183<$AV$1)),"aynı gün giderilen arıza") -> FALSE | BP183: =IF(Z183-F183>0,"Bir günden fazla süren arıza",IF(OR(AND(G183>$AS$1,G183<$AT$1),AND(G183>$AU$1,G183<$AV$1)),"aynı gün giderilen arıza")) -> #VALUE! | BQ183: =(Y183-H183)*24*60 -> #VALUE! | BR183: =(AB183-Y183)*24*60 -> #VALUE! | BS183: =(AF183-H183)*24*60 -> #VALUE! | BV183: =COUNTIFS(B$5:B$9980,B183,H$5:H$9980,"<="&AF183,AF$5:AF$9980,">="&H183)-1 -> -1 | BW183: =IF(COUNTIFS(B$5:B$9980,B183,H$5:H$9980,"<="&AF183,AF$5:AF$9980,">="&H183)>1,"Evet, çakışma var","Hayır, çakışma yok") -> Hayır, çakışma yok | BY183: =Y183-H183 -> #VALUE! | BZ183: =AB183-Y183 -> #VALUE! | CA183: =AB183-H183 -> #VALUE! | CE183: 1015 | CF183: =H183 | CG183: =AB183 | CK183: =AB183-Y183 -> #VALUE! | CL183: =Y183-H183 -> #VALUE! | CM183: =AB183-H183 -> #VALUE! | CO183: =AC183 | CP183: =CU183/24 -> #VALUE! | CQ183: =G183 | CR183: =Y183 | CS183: =AB183 | CT183: =(CR183-CQ183)*1440 -> #VALUE! | CU183: =(CS183-CR183)*1440 -> #VALUE! | CV183: =(CS183-CQ183)*1440 -> #VALUE! | CW183: =CT183/CV183 -> #VALUE!
A184: =[4]SayfaKAY!C1017 | B184: =[4]SayfaKAY!D1017 | C184: =[4]SayfaKAY!E1017 | D184: =[4]SayfaKAY!F1017 | E184: =[4]SayfaKAY!G1017 | F184: =IF(H184="","",INT(H184)) | G184: =IF(H184="","",MOD(H184,1)) | H184: =[4]SayfaKAY!H1017 | I184: =[4]SayfaKAY!I1017 | J184: =IF([4]SayfaKAY!J1017="","",IF([4]SayfaKAY!J1017="Müşteri","Notified by Customer","Notified by Bozankaya")) | K184: =VLOOKUP([4]SayfaKAY!L1017,#REF!,2,FALSE) -> #REF! | L184: =[4]SayfaKAY!X1017 | M184: =IF( E184="", "", A184&"-"&E184) | N184: =[4]SayfaKAY!M1017 | O184: =[4]SayfaKAY!P1017 | P184: =[4]SayfaKAY!Q1017 | Q184: =[4]SayfaKAY!R1017 | R184: {=IF([4]SayfaKAY!U1017="","",_xlfn.IFS([4]SayfaKAY!U1017="Bozankaya","Bozankaya",[4]SayfaKAY!U1017="Müşteri","Customer",[4]SayfaKAY!U1017="Tedarikçi","Equipment Supplier"))} | S184: =[4]SayfaKAY!N1017 | T184: =[4]SayfaKAY!AD1017 | U184: =[4]SayfaKAY!W1017 | V184: =[4]SayfaKAY!AZ1017 | W184: =IF(Y184="","",INT(Y184)) | X184: =IF(Y184="","",TEXT(Y184,"ss:dd")) | Y184: =[4]SayfaKAY!AE1017 | Z184: =IF(AB184="","",INT(AB184)) | AA184: =IF(AB184="","",TEXT(AB184,"ss:dd")) | AB184: =[4]SayfaKAY!BA1017 | AC184: =IF(AF184="","",(AF184-H184)*24*60) | AD184: =IF(AF184="","",INT(AF184)) | AE184: =IF(AF184="","",TEXT(AF184,"ss:dd")) | AF184: =[4]SayfaKAY!BA1017 | AG184: =[4]SayfaKAY!S1017 | AH184: =IF(P184="A(Hareket etmeyi engelleyen arıza)","Bu Arıza Aracın Servise Verilmesine Engel", IF(P184="B(Servisten çekmeye etki eden arıza)","Bu Arıza Aracın Servise Verilmesine Engel", IF(P184="C(Sisteme etki etmeyen arıza)","Bu Arıza Aracın Servise Verilmesine Engel Değil", IF(P184="D(Arıza Değil)","Bu Arıza Aracın Servise Verilmesine Engel Değil", "")))) | AI184: =[4]SayfaKAY!AV1017 | AJ184: =IF(AL184="","",INT(AL184)) | AK184: =IF(AL184="","",TEXT(AL184,"ss:dd")) | AL184: =[4]SayfaKAY!AX1017 | AM184: {=IFERROR(IF(AND(P184<>"D(Arıza Değil)",AH184="Bu Arıza Aracın Servise Verilmesine Engel Değil"), IF(Z184-F184>0,(AB184-Y184)*24*60, IF(OR(AND(G184>$AS$1,G184<$AT$1),AND(G184>$AU$1,G184<$AV$1)), (AF184-H184)*24*60, BH:BH0)), AN184),0)} | AN184: =IFERROR(IF(P184<>"D(Arıza Değil)",AC184,0),0) | AO184: =[4]SayfaKAY!AG1017 | AP184: =[4]SayfaKAY!AI1017 | AQ184: =[4]SayfaKAY!AQ1017 | AR184: =[4]SayfaKAY!AH1017 | AS184: =[4]SayfaKAY!AJ1017 | AT184: =[4]SayfaKAY!AM1017 | AU184: =[4]SayfaKAY!AL1017 | AV184: =[4]SayfaKAY!AP1017 | AW184: =[4]SayfaKAY!AT1017 | AX184: =IF(V184="","",V184*AC184*BC$1) | BB184: =IF($AQ$1="X", IF(AND(G184>=$AS$1,G184<=$AT$1),IF(P184<>"D(Arıza Değil)",AC184,0), IF(AND(G184>=$AU$1,G184<=$AV$1),IF(P184<>"D(Arıza Değil)",AC184,0), "")), "") | BH184: =IFERROR(FRACAS!AN1020, "Hata Var") -> 1196 | BK184: =[4]SayfaKAY!AW1017 | BL184: =[4]SayfaKAY!V1017 | BN184: =IF($AQ$1="X", IF(AND(G184>=$AS$1,G184<=$AT$1),IF(P184<>"D(Arıza Değil",AC184,0),IF(AND(G184>=$AU$1,G184<=$AV$1),IF(P184<>"D:Arıza Değil",AC184,0), "x var")), "x yok") -> x yok | BO184: =IF(OR(AND(G184>$AS$1,G184<$AT$1),AND(G184>$AU$1,G184<$AV$1)),"aynı gün giderilen arıza") -> FALSE | BP184: =IF(Z184-F184>0,"Bir günden fazla süren arıza",IF(OR(AND(G184>$AS$1,G184<$AT$1),AND(G184>$AU$1,G184<$AV$1)),"aynı gün giderilen arıza")) -> #VALUE! | BQ184: =(Y184-H184)*24*60 -> #VALUE! | BR184: =(AB184-Y184)*24*60 -> #VALUE! | BS184: =(AF184-H184)*24*60 -> #VALUE! | BV184: =COUNTIFS(B$5:B$9980,B184,H$5:H$9980,"<="&AF184,AF$5:AF$9980,">="&H184)-1 -> -1 | BW184: =IF(COUNTIFS(B$5:B$9980,B184,H$5:H$9980,"<="&AF184,AF$5:AF$9980,">="&H184)>1,"Evet, çakışma var","Hayır, çakışma yok") -> Hayır, çakışma yok | BY184: =Y184-H184 -> #VALUE! | BZ184: =AB184-Y184 -> #VALUE! | CA184: =AB184-H184 -> #VALUE! | CE184: 1016 | CF184: =H184 | CG184: =AB184 | CK184: =AB184-Y184 -> #VALUE! | CL184: =Y184-H184 -> #VALUE! | CM184: =AB184-H184 -> #VALUE! | CO184: =AC184 | CP184: =CU184/24 -> #VALUE! | CQ184: =G184 | CR184: =Y184 | CS184: =AB184 | CT184: =(CR184-CQ184)*1440 -> #VALUE! | CU184: =(CS184-CR184)*1440 -> #VALUE! | CV184: =(CS184-CQ184)*1440 -> #VALUE! | CW184: =CT184/CV184 -> #VALUE!
A185: =[4]SayfaKAY!C1018 | B185: =[4]SayfaKAY!D1018 | C185: =[4]SayfaKAY!E1018 | D185: =[4]SayfaKAY!F1018 | E185: =[4]SayfaKAY!G1018 | F185: =IF(H185="","",INT(H185)) | G185: =IF(H185="","",MOD(H185,1)) | H185: =[4]SayfaKAY!H1018 | I185: =[4]SayfaKAY!I1018 | J185: =IF([4]SayfaKAY!J1018="","",IF([4]SayfaKAY!J1018="Müşteri","Notified by Customer","Notified by Bozankaya")) | K185: =VLOOKUP([4]SayfaKAY!L1018,#REF!,2,FALSE) -> #REF! | L185: =[4]SayfaKAY!X1018 | M185: =IF( E185="", "", A185&"-"&E185) | N185: =[4]SayfaKAY!M1018 | O185: =[4]SayfaKAY!P1018 | P185: =[4]SayfaKAY!Q1018 | Q185: =[4]SayfaKAY!R1018 | R185: {=IF([4]SayfaKAY!U1018="","",_xlfn.IFS([4]SayfaKAY!U1018="Bozankaya","Bozankaya",[4]SayfaKAY!U1018="Müşteri","Customer",[4]SayfaKAY!U1018="Tedarikçi","Equipment Supplier"))} | S185: =[4]SayfaKAY!N1018 | T185: =[4]SayfaKAY!AD1018 | U185: =[4]SayfaKAY!W1018 | V185: =[4]SayfaKAY!AZ1018 | W185: =IF(Y185="","",INT(Y185)) | X185: =IF(Y185="","",TEXT(Y185,"ss:dd")) | Y185: =[4]SayfaKAY!AE1018 | Z185: =IF(AB185="","",INT(AB185)) | AA185: =IF(AB185="","",TEXT(AB185,"ss:dd")) | AB185: =[4]SayfaKAY!BA1018 | AC185: =IF(AF185="","",(AF185-H185)*24*60) | AD185: =IF(AF185="","",INT(AF185)) | AE185: =IF(AF185="","",TEXT(AF185,"ss:dd")) | AF185: =[4]SayfaKAY!BA1018 | AG185: =[4]SayfaKAY!S1018 | AH185: =IF(P185="A(Hareket etmeyi engelleyen arıza)","Bu Arıza Aracın Servise Verilmesine Engel", IF(P185="B(Servisten çekmeye etki eden arıza)","Bu Arıza Aracın Servise Verilmesine Engel", IF(P185="C(Sisteme etki etmeyen arıza)","Bu Arıza Aracın Servise Verilmesine Engel Değil", IF(P185="D(Arıza Değil)","Bu Arıza Aracın Servise Verilmesine Engel Değil", "")))) | AI185: =[4]SayfaKAY!AV1018 | AJ185: =IF(AL185="","",INT(AL185)) | AK185: =IF(AL185="","",TEXT(AL185,"ss:dd")) | AL185: =[4]SayfaKAY!AX1018 | AM185: {=IFERROR(IF(AND(P185<>"D(Arıza Değil)",AH185="Bu Arıza Aracın Servise Verilmesine Engel Değil"), IF(Z185-F185>0,(AB185-Y185)*24*60, IF(OR(AND(G185>$AS$1,G185<$AT$1),AND(G185>$AU$1,G185<$AV$1)), (AF185-H185)*24*60, BH:BH0)), AN185),0)} | AN185: =IFERROR(IF(P185<>"D(Arıza Değil)",AC185,0),0) | AO185: =[4]SayfaKAY!AG1018 | AP185: =[4]SayfaKAY!AI1018 | AQ185: =[4]SayfaKAY!AQ1018 | AR185: =[4]SayfaKAY!AH1018 | AS185: =[4]SayfaKAY!AJ1018 | AT185: =[4]SayfaKAY!AM1018 | AU185: =[4]SayfaKAY!AL1018 | AV185: =[4]SayfaKAY!AP1018 | AW185: =[4]SayfaKAY!AT1018 | AX185: =IF(V185="","",V185*AC185*BC$1) | BH185: =IFERROR(FRACAS!AN1021, "Hata Var") -> 1708 | BK185: =[4]SayfaKAY!AW1018 | BL185: =[4]SayfaKAY!V1018 | BN185: =IF($AQ$1="X", IF(AND(G185>=$AS$1,G185<=$AT$1),IF(P185<>"D(Arıza Değil",AC185,0),IF(AND(G185>=$AU$1,G185<=$AV$1),IF(P185<>"D:Arıza Değil",AC185,0), "x var")), "x yok") -> x yok | BO185: =IF(OR(AND(G185>$AS$1,G185<$AT$1),AND(G185>$AU$1,G185<$AV$1)),"aynı gün giderilen arıza") -> FALSE | BP185: =IF(Z185-F185>0,"Bir günden fazla süren arıza",IF(OR(AND(G185>$AS$1,G185<$AT$1),AND(G185>$AU$1,G185<$AV$1)),"aynı gün giderilen arıza")) -> #VALUE! | BQ185: =(Y185-H185)*24*60 -> #VALUE! | BR185: =(AB185-Y185)*24*60 -> #VALUE! | BS185: =(AF185-H185)*24*60 -> #VALUE! | BV185: =COUNTIFS(B$5:B$9980,B185,H$5:H$9980,"<="&AF185,AF$5:AF$9980,">="&H185)-1 -> -1 | BW185: =IF(COUNTIFS(B$5:B$9980,B185,H$5:H$9980,"<="&AF185,AF$5:AF$9980,">="&H185)>1,"Evet, çakışma var","Hayır, çakışma yok") -> Hayır, çakışma yok | BY185: =Y185-H185 -> #VALUE! | BZ185: =AB185-Y185 -> #VALUE! | CA185: =AB185-H185 -> #VALUE! | CE185: 1017 | CF185: =H185 | CG185: =AB185 | CK185: =AB185-Y185 -> #VALUE! | CL185: =Y185-H185 -> #VALUE! | CM185: =AB185-H185 -> #VALUE! | CO185: =AC185 | CP185: =CU185/24 -> #VALUE! | CQ185: =G185 | CR185: =Y185 | CS185: =AB185 | CT185: =(CR185-CQ185)*1440 -> #VALUE! | CU185: =(CS185-CR185)*1440 -> #VALUE! | CV185: =(CS185-CQ185)*1440 -> #VALUE! | CW185: =CT185/CV185 -> #VALUE!
