Workbook
Name Ana_Kompanent: [1]Atamalar!$A$10:$A$33
Name Ana_Kompanent: [1]Atamalar!$A$10:$A$33
Name Ana_Kompanent: Atamalar!$B$10:$B$51
Name Ant_2: Atamalar!$B$250:$B$251
Name Araç_Şase: [1]Atamalar!#REF!
Name Araç_Şase: [1]Atamalar!#REF!
Name Araç_Şase: Atamalar!#REF!
Name Araç_Şase_Numaraları: [1]Atamalar!#REF!
Name Araç_Şase_Numaraları: [1]Atamalar!#REF!
Name Araç_Şase_Numaraları: Atamalar!#REF!
Name Araç_Tipi: [1]Atamalar!#REF!
Name Araç_Tipi: [1]Atamalar!#REF!
Name Araç_Tipi: Atamalar!#REF!
Name Assembly_Line: [1]Atamalar!#REF!
Name Assembly_Line: [1]Atamalar!#REF!
Name Assembly_Line: Atamalar!#REF!
Name Auxiliary_Power_Unit: Atamalar!$B$59:$B$60
Name Batarya: Atamalar!$B$170:$B$171
Name Bogie: Atamalar!$B$102
Name Boji: Atamalar!$B$102
Name BOZANKAYA_Design: [1]Atamalar!#REF!
Name BOZANKAYA_Design: [1]Atamalar!#REF!
Name BOZANKAYA_Design: Atamalar!#REF!
Name Bölüm: [1]Atamalar!#REF!
Name Bölüm: [1]Atamalar!#REF!
Name Bölüm: Atamalar!#REF!
Name Brake_System: Atamalar!$B$63:$B$64
Name CCTV: Atamalar!$B$87:$B$89
Name Chassis_Design: [1]Atamalar!#REF!
Name Chassis_Design: [1]Atamalar!#REF!
Name Chassis_Design: Atamalar!#REF!
Name Chassis_Production: [1]Atamalar!#REF!
Name Chassis_Production: [1]Atamalar!#REF!
Name Chassis_Production: Atamalar!#REF!
Name Chassis_Quality: [1]Atamalar!#REF!
Name Chassis_Quality: [1]Atamalar!#REF!
Name Chassis_Quality: Atamalar!#REF!
Name Chassis_Quality_Controls: [1]Atamalar!#REF!
Name Chassis_Quality_Controls: [1]Atamalar!#REF!
Name Chassis_Quality_Controls: Atamalar!#REF!
Name Couplers: Atamalar!$B$145:$B$147
Name Department: [1]Atamalar!#REF!
Name Department: [1]Atamalar!#REF!
Name Department: Atamalar!#REF!
Name Door_System: Atamalar!$B$118:$B$119
Name Driver_HVAC_System: Atamalar!$B$79:$B$81
Name E_Kabinet: Atamalar!$B$125
Name Electrical_Design: [1]Atamalar!#REF!
Name Electrical_Design: [1]Atamalar!#REF!
Name Electrical_Design: Atamalar!#REF!
Name Electromechanic_Tasarım: [1]Atamalar!#REF!
Name Electromechanic_Tasarım: [1]Atamalar!#REF!
Name Electromechanic_Tasarım: Atamalar!#REF!
Name Elektrik_Tasarım: [1]Atamalar!#REF!
Name Elektrik_Tasarım: [1]Atamalar!#REF!
Name Elektrik_Tasarım: Atamalar!#REF!
Name External_Light: Atamalar!$B$153:$B$155
Name External_Trim: Atamalar!$B$167
Name Gangway_Articulation: Atamalar!$B$160:$B$162
Name Gearbox: Atamalar!$B$110:$B$112

Sheet FRACAS (YENİ)
N1: FRACAS(Hata Raporlama Analizi ve Düzeltici Aksiyon Sitemi) Formu FRACAS(Failure Reporting Analysis And Corrective Action System) Form | AB1: Doküman No / Document Code; FR-549 Yayımlama Tarih / Publish Datei; 23.05.2023 Revizyon Tarihi / Revision; 04.08.2025 Revizyon No: 4 | AP1: =TODAY() -> 46026 | AQ1: X | AR1: Proje Pik Saatleri Proje Peak Times | AS1: 0.27083333 | AT1: 0.39583333 | AU1: 0.66666667 | AV1: 0.8125 | AW1: Proje Ort Hız Proje Avr. Speed | AY1: 18 | AZ1: km | BA1: Proje İşçilik Maliyeti Project Labor Cost | BC1: 11 | BD1: hbm.142536
A3: Araç Bilgileri Vhicle Information | E3: Problem Bilgileri Failure Information | P3: (EN 50126-1:2017 Tabl C.3 | Q3: (EN 50126-1:2017 Tabl C.5 | R3: Çözüm Adımları ve Bilgileri Solution Steps And Information | AO3: Tamir İçin Gerekli Parçalar Needed Parts For Repairing | AW3: Maliyet Cost
A4: Project | B4: Araç Numarası Vehicle Number | C4: Araç Module Vehicle Module | D4: Araç Kilometresi Vehicle Kilometer | E4: FRACAS ID | F4: Hata Tarih/Date | G4: Hata Saat/Time | I4: Arıza Konumu Failure Location | J4: Arıza Tespit Yöntemi Failure Detection Method | K4: Kapsam Scope | L4: İlgili Tedarikçi Relevant Supplier | M4: Proje Bazında Fracas ID Fracas ID Based on Project | N4: Arıza Tanımı Failure Description | O4: DDU Arıza Sınıfı DDU Failure Class | P4: Arıza Sınıfı Failure Class | Q4: Arızanın Emniyetle İlgili Şiddet Kategorisi Safety Related Severity Category of Failure | R4: Arıza Kaynağı Source of Failure | S4: Arıza Tespitini Takiben Yapılan İşlem Action Followed by Fault Detection | T4: Aksiyon Action | U4: Garanti Kapsamı Warranty Coverage | V4: Tamir için Gerekli Personel Sayısı Required Personnel Quantity for Repair | W4: Tamir/Değiştirme Başlama Tarihi Date of Starting to Repair/Replace | X4: Tamir/Değiştirme Başlama Saati Time of Starting to Repair/Replace | Z4: Tamir/Değiştirme Bitiş Tarihi Date of Fnish to Repair/Replace | AA4: Tamir/Değiştirme Bitiş Saati Time of Fnish to Repair/Replace | AC4: Tamir Süresi (dakika) Repair Time (dakika) | AD4: Servise Veriliş Tarih Date of Ready to Service | AE4: Servise Veriliş Saati Time of Ready to Service | AG4: Arıza Tipi Failure Type | AH4: Detaylı Bilgi Detail İnformation | AI4: NCR Numarası NCR Number | AJ4: NCR Kapanış Tarihi NCR Closing Date | AK4: NCR Kapanış Saati NCR Closing Time | AM4: Araç MTTR / MDT | AN4: Kompanent MTTR / MDT | AO4: Ekipman Tedarikçisi Equipment Supplier | AP4: Parça Kodu Part Code | AQ4: Seri Numarası Serial Number | AR4: Parça Adı Part Name | AS4: Adeti Quantity | AT4: Sipariş No Order No | AU4: Sipariş Tarihi Order Date | AV4: Teslim Tarihi Delivery Date | AW4: Malzeme Maliyeti Material Cost | AX4: İşçilik Maliyeti Labor Cost
A5: TIM_1624 | B5: 1001 | D5: 200 | F5: 45636 | G5: 0.29166667 | H5: =F5+G5 -> 45636.292 | I5: Hat/Line | J5: Notified By Customer | K5: Brake_System | L5: Hanning&Kall | M5: =A5&"-"&E5 -> TIM_1624- | N5: abv | O5: B | P5: C:Küçük Arıza | Q5: A | R5: Customer | S5: bndsi | T5: Tamir Edilecek/To Be Repaired | U5: Evet/Yes | V5: 2 | W5: 45636 | X5: 0.45833333 | Y5: =W5+X5 -> 45636.458 | Z5: 45636 | AA5: 0.85416667 | AB5: =Z5+AA5 -> 45636.854 | AC5: =(AF5-H5)*24*60 -> 810 | AD5: 45636 | AE5: 0.85416667 | AF5: =AD5+AE5 -> 45636.854 | AG5: İlk defa karşılaşılan arıza / First time failure | AH5: Bu Arıza Aracın Servise Verilmesine Engel Değil | AL5: =AJ5+AK5 -> 0 | AM5: =IF(AND(P5<>"D:Arıza Değil",AH5="Bu Arıza Aracın Servise Verilmesine Engel Değil"),IF(Z5-F5>0,(AB5-Y5)*24,IF(OR(AND(G5>AS$1,G5<AT$1),AND(G5>AU$1,G5<AV$1)),(AF5-H5)*24,0)),AN5) -> 13.5 | AN5: =IF(P5<>"D:Arıza Değil",AC5,0) -> 810 | AP5: =IF(AQ1="X", IF(AND(G5>=AS1,G5<=AT1),IF(P5<>"D:Arıza Değil",AC5,0),FRACAS!BB5 IF(AND(G5>=AU1,G5<=AV1),IF(P5<>"D:Arıza Değil",AC5,0), "")), "") -> 810 | AW5: 0 | AX5: =V5*AC5*BC$1 -> 17820
A6: TIM_1625 | M6: =A6&"-"&E6 -> TIM_1625- | Y6: =W6+X6 -> 0 | AB6: =Z6+AA6 -> 0 | AC6: =(AB6-Y6)*24*60 -> 0 | AF6: =AD6+AE6 -> 0 | AL6: =AJ6+AK6 -> 0 | AM6: =IF(AND(P6<>"D:Arıza Değil",AH6="Bu Arıza Aracın Servise Verilmesine Engel Değil"),IF(Z6-F6>0,(AB6-Y6)*24,IF(OR(AND(G6>AS$1,G6<AT$1),AND(G6>AU$1,G6<AV$1)),(AL6-Y6)*24,0)),AN6) -> 0 | AN6: =IF(P6<>"D:Arıza Değil",AC6,0) -> 0 | AP6: =IF(AND(P5<>"D:Arıza Değil",AH5="Bu Arıza Aracın Servise Verilmesine Engel Değil"),IF(Z5-F5>0,(AB5-Y5)*24,IF(AQ1="X",IF(AND(G5>=AS1,G5<=AT1),IF(P5<>"D:Arıza Değil",AC5,0),IF(AND(G5>=AU1,G5<=AV1),IF(P5<>"D:Arıza Değil",AC5,0),"")),0)),AN5) -> 810 | AW6: 0 | AX6: =V6*AC6*BC$1 -> 0
M7: =A7&"-"&E7 -> - | Y7: =W7+X7 -> 0 | AB7: =Z7+AA7 -> 0 | AC7: =(AB7-Y7)*24*60 -> 0 | AF7: =AD7+AE7 -> 0 | AL7: =AJ7+AK7 -> 0 | AM7: =IF(AND(P7<>"D:Arıza Değil",AH7="Bu Arıza Aracın Servise Verilmesine Engel Değil"),IF(Z7-F7>0,(AB7-Y7)*24,IF(OR(AND(G7>AS$1,G7<AT$1),AND(G7>AU$1,G7<AV$1)),(AL7-Y7)*24,0)),AN7) -> 0 | AN7: =IF(P7<>"D:Arıza Değil",AC7,0) -> 0 | AW7: 0 | AX7: =V7*AC7*BC$1 -> 0
M8: =A8&"-"&E8 -> - | Y8: =W8+X8 -> 0 | AB8: =Z8+AA8 -> 0 | AC8: =(AB8-Y8)*24*60 -> 0 | AF8: =AD8+AE8 -> 0 | AL8: =AJ8+AK8 -> 0 | AM8: =IF(AND(P8<>"D:Arıza Değil",AH8="Bu Arıza Aracın Servise Verilmesine Engel Değil"),IF(Z8-F8>0,(AB8-Y8)*24,IF(OR(AND(G8>AS$1,G8<AT$1),AND(G8>AU$1,G8<AV$1)),(AL8-Y8)*24,0)),AN8) -> 0 | AN8: =IF(P8<>"D:Arıza Değil",AC8,0) -> 0 | AW8: 0 | AX8: =V8*AC8*BC$1 -> 0
M9: =A9&"-"&E9 -> - | Y9: =W9+X9 -> 0 | AB9: =Z9+AA9 -> 0 | AC9: =(AB9-Y9)*24*60 -> 0 | AF9: =AD9+AE9 -> 0 | AL9: =AJ9+AK9 -> 0 | AM9: =IF(AND(P9<>"D:Arıza Değil",AH9="Bu Arıza Aracın Servise Verilmesine Engel Değil"),IF(Z9-F9>0,(AB9-Y9)*24,IF(OR(AND(G9>AS$1,G9<AT$1),AND(G9>AU$1,G9<AV$1)),(AL9-Y9)*24,0)),AN9) -> 0 | AN9: =IF(P9<>"D:Arıza Değil",AC9,0) -> 0 | AW9: 0 | AX9: =V9*AC9*BC$1 -> 0
M10: =A10&"-"&E10 -> - | Y10: =W10+X10 -> 0 | AB10: =Z10+AA10 -> 0 | AC10: =(AB10-Y10)*24*60 -> 0 | AF10: =AD10+AE10 -> 0 | AL10: =AJ10+AK10 -> 0 | AM10: =IF(AND(P10<>"D:Arıza Değil",AH10="Bu Arıza Aracın Servise Verilmesine Engel Değil"),IF(Z10-F10>0,(AB10-Y10)*24,IF(OR(AND(G10>AS$1,G10<AT$1),AND(G10>AU$1,G10<AV$1)),(AL10-Y10)*24,0)),AN10) -> 0 | AN10: =IF(P10<>"D:Arıza Değil",AC10,0) -> 0 | AW10: 0 | AX10: =V10*AC10*BC$1 -> 0
M11: =A11&"-"&E11 -> - | Y11: =W11+X11 -> 0 | AB11: =Z11+AA11 -> 0 | AC11: =(AB11-Y11)*24*60 -> 0 | AF11: =AD11+AE11 -> 0 | AL11: =AJ11+AK11 -> 0 | AM11: =IF(AND(P11<>"D:Arıza Değil",AH11="Bu Arıza Aracın Servise Verilmesine Engel Değil"),IF(Z11-F11>0,(AB11-Y11)*24,IF(OR(AND(G11>AS$1,G11<AT$1),AND(G11>AU$1,G11<AV$1)),(AL11-Y11)*24,0)),AN11) -> 0 | AN11: =IF(P11<>"D:Arıza Değil",AC11,0) -> 0 | AW11: 0 | AX11: =V11*AC11*BC$1 -> 0
M12: =A12&"-"&E12 -> - | Y12: =W12+X12 -> 0 | AB12: =Z12+AA12 -> 0 | AC12: =(AB12-Y12)*24*60 -> 0 | AF12: =AD12+AE12 -> 0 | AL12: =AJ12+AK12 -> 0 | AM12: =IF(AND(P12<>"D:Arıza Değil",AH12="Bu Arıza Aracın Servise Verilmesine Engel Değil"),IF(Z12-F12>0,(AB12-Y12)*24,IF(OR(AND(G12>AS$1,G12<AT$1),AND(G12>AU$1,G12<AV$1)),(AL12-Y12)*24,0)),AN12) -> 0 | AN12: =IF(P12<>"D:Arıza Değil",AC12,0) -> 0 | AW12: 0 | AX12: =V12*AC12*BC$1 -> 0
M13: =A13&"-"&E13 -> - | Y13: =W13+X13 -> 0 | AB13: =Z13+AA13 -> 0 | AC13: =(AB13-Y13)*24*60 -> 0 | AF13: =AD13+AE13 -> 0 | AL13: =AJ13+AK13 -> 0 | AM13: =IF(AND(P13<>"D:Arıza Değil",AH13="Bu Arıza Aracın Servise Verilmesine Engel Değil"),IF(Z13-F13>0,(AB13-Y13)*24,IF(OR(AND(G13>AS$1,G13<AT$1),AND(G13>AU$1,G13<AV$1)),(AL13-Y13)*24,0)),AN13) -> 0 | AN13: =IF(P13<>"D:Arıza Değil",AC13,0) -> 0 | AW13: 0 | AX13: =V13*AC13*BC$1 -> 0
M14: =A14&"-"&E14 -> - | Y14: =W14+X14 -> 0 | AB14: =Z14+AA14 -> 0 | AC14: =(AB14-Y14)*24*60 -> 0 | AF14: =AD14+AE14 -> 0 | AL14: =AJ14+AK14 -> 0 | AM14: =IF(AND(P14<>"D:Arıza Değil",AH14="Bu Arıza Aracın Servise Verilmesine Engel Değil"),IF(Z14-F14>0,(AB14-Y14)*24,IF(OR(AND(G14>AS$1,G14<AT$1),AND(G14>AU$1,G14<AV$1)),(AL14-Y14)*24,0)),AN14) -> 0 | AN14: =IF(P14<>"D:Arıza Değil",AC14,0) -> 0 | AW14: 0 | AX14: =V14*AC14*BC$1 -> 0
M15: =A15&"-"&E15 -> - | Y15: =W15+X15 -> 0 | AB15: =Z15+AA15 -> 0 | AC15: =(AB15-Y15)*24*60 -> 0 | AF15: =AD15+AE15 -> 0 | AL15: =AJ15+AK15 -> 0 | AM15: =IF(AND(P15<>"D:Arıza Değil",AH15="Bu Arıza Aracın Servise Verilmesine Engel Değil"),IF(Z15-F15>0,(AB15-Y15)*24,IF(OR(AND(G15>AS$1,G15<AT$1),AND(G15>AU$1,G15<AV$1)),(AL15-Y15)*24,0)),AN15) -> 0 | AN15: =IF(P15<>"D:Arıza Değil",AC15,0) -> 0 | AW15: 0 | AX15: =V15*AC15*BC$1 -> 0
M16: =A16&"-"&E16 -> - | Y16: =W16+X16 -> 0 | AB16: =Z16+AA16 -> 0 | AC16: =(AB16-Y16)*24*60 -> 0 | AF16: =AD16+AE16 -> 0 | AL16: =AJ16+AK16 -> 0 | AM16: =IF(AND(P16<>"D:Arıza Değil",AH16="Bu Arıza Aracın Servise Verilmesine Engel Değil"),IF(Z16-F16>0,(AB16-Y16)*24,IF(OR(AND(G16>AS$1,G16<AT$1),AND(G16>AU$1,G16<AV$1)),(AL16-Y16)*24,0)),AN16) -> 0 | AN16: =IF(P16<>"D:Arıza Değil",AC16,0) -> 0 | AW16: 0 | AX16: =V16*AC16*BC$1 -> 0
M17: =A17&"-"&E17 -> - | Y17: =W17+X17 -> 0 | AB17: =Z17+AA17 -> 0 | AC17: =(AB17-Y17)*24*60 -> 0 | AF17: =AD17+AE17 -> 0 | AL17: =AJ17+AK17 -> 0 | AM17: =IF(AND(P17<>"D:Arıza Değil",AH17="Bu Arıza Aracın Servise Verilmesine Engel Değil"),IF(Z17-F17>0,(AB17-Y17)*24,IF(OR(AND(G17>AS$1,G17<AT$1),AND(G17>AU$1,G17<AV$1)),(AL17-Y17)*24,0)),AN17) -> 0 | AN17: =IF(P17<>"D:Arıza Değil",AC17,0) -> 0 | AW17: 0 | AX17: =V17*AC17*BC$1 -> 0
M18: =A18&"-"&E18 -> - | Y18: =W18+X18 -> 0 | AB18: =Z18+AA18 -> 0 | AC18: =(AB18-Y18)*24*60 -> 0 | AF18: =AD18+AE18 -> 0 | AL18: =AJ18+AK18 -> 0 | AM18: =IF(AND(P18<>"D:Arıza Değil",AH18="Bu Arıza Aracın Servise Verilmesine Engel Değil"),IF(Z18-F18>0,(AB18-Y18)*24,IF(OR(AND(G18>AS$1,G18<AT$1),AND(G18>AU$1,G18<AV$1)),(AL18-Y18)*24,0)),AN18) -> 0 | AN18: =IF(P18<>"D:Arıza Değil",AC18,0) -> 0 | AW18: 0 | AX18: =V18*AC18*BC$1 -> 0
... M856: =A856&"-"&E856 -> - | Y856: =W856+X856 -> 0 | AB856: =Z856+AA856 -> 0 | AC856: =(AB856-Y856)*24*60 -> 0 | AF856: =AD856+AE856 -> 0 | AL856: =AJ856+AK856 -> 0 | AM856: =IF(AND(P856<>"D:Arıza Değil",AH856="Bu Arıza Aracın Servise Verilmesine Engel Değil"),IF(Z856-F856>0,(AB856-Y856)*24,IF(OR(AND(G856>AS$1,G856<AT$1),AND(G856>AU$1,G856<AV$1)),(AL856-Y856)*24,0)),AN856) -> 0 | AN856: =IF(P856<>"D:Arıza Değil",AC856,0) -> 0 | AW856: 0 | AX856: =V856*AC856*BC$1 -> 0

Sheet FRACAS
N1: FRACAS(Hata Raporlama Analizi ve Düzeltici Aksiyon Sitemi) Formu FRACAS(Failure Reporting Analysis And Corrective Action System) Form | AB1: Doküman No / Document Code; FR-549 Yayımlama Tarih / Publish Datei; 23.05.2023 Revizyon Tarihi / Revision; 23.05.2023 Revizyon No; 2 | AP1: =TODAY() -> 46026 | AQ1: x | AR1: Proje Pik Saatleri Proje Peak Times | AS1: 0.29166667 | AT1: 0.375 | AU1: 0.70833333 | AV1: 0.79166667 | AW1: Proje Ort Hız Proje Avr. Speed | AY1: 20 | AZ1: Km | BA1: Proje İşçilik Maliyeti Project Labor Cost | BC1: 11 | BD1: hbm.142536 | BP1: {=EĞERSAYI(G5)} -> #NAME? | BQ1: {=_xludf.ISNUMBER(G5)} -> #NAME? | BR1: =LEN(G5) -> 0
A3: Araç Bilgileri Vhicle Information | E3: Problem Bilgileri Failure Information | P3: (EN 50126-1:2017 Tabl C.3 | Q3: (EN 50126-1:2017 Tabl C.5 | R3: Çözüm Adımları ve Bilgileri Solution Steps And Information | AO3: Tamir İçin Gerekli Parçalar Needed Parts For Repairing | AW3: Maliyet Cost | AY3: SSH Detayı | BB3: X | BN3: Araç MTTR / MDT
A4: Project | B4: Araç Numarası Vehicle Number | C4: Araç Module Vehicle Module | D4: Araç Kilometresi Vehicle Kilometer | E4: FRACAS ID | F4: Hata Tarih /Date | G4: Hata Saat /Time | H4: . | I4: Arıza Konumu Failure Location | J4: Arıza Tespit Yöntemi Failure Detection Method | K4: Kapsam Scope | L4: İlgili Tedarikçi Relevant Supplier | M4: Proje Bazında Fracas ID Fracas ID Based on Project | N4: Arıza Tanımı Failure Description | O4: DDU Arıza Sınıfı DDU Failure Class | P4: Arıza Sınıfı Failure Class | Q4: Arızanın Emniyetle İlgili Şiddet Kategorisi Safety Related Severity Category of Failure | R4: Arıza Kaynağı Source of Failure | S4: Arıza Tespitini Takiben Yapılan İşlem Action Followed by Fault Detection | T4: Aksiyon Action | U4: Garanti Kapsamı Warranty Coverage | V4: Tamir için Gerekli Personel Sayısı Required Personnel Quantity for Repair | W4: Tamir/Değiştirme Başlama Tarihi Date of Starting to Repair/Replace | X4: Tamir/Değiştirme Başlama Saati Time of Starting to Repair/Replace | Y4: . | Z4: Tamir/Değiştirme Bitiş Tarihi Date of Fnish to Repair/Replace | AA4: Tamir/Değiştirme Bitiş Saati Time of Fnish to Repair/Replace | AB4: . | AC4: Tamir Süresi (dakika) Repair Time (dakika) | AD4: Servise Veriliş Tarih Date of Ready to Service | AE4: Servise Veriliş Saati Time of Ready to Service | AF4: . | AG4: Arıza Tipi Failure Type | AH4: Detaylı Bilgi Detail İnformation | AI4: NCR Numarası NCR Number | AJ4: NCR Kapanış Tarihi NCR Closing Date | AK4: NCR Kapanış Saati | AL4: . | AM4: Araç MTTR / MDT | AN4: Kompanent MTTR / MDT | AO4: Ekipman Tedarikçisi Equipment Supplier | AP4: Parça Kodu Part Code | AQ4: Seri Numarası Serial Number | AR4: Parça Adı Part Name | AS4: Adeti Quantity | AT4: Sipariş No Order No | AU4: Sipariş Tarihi Order Date | AV4: Teslim Tarihi Delivery Date | AW4: Malzeme Maliyeti Material Cost | AX4: İşçilik Maliyeti Labor Cost | AY4: No | AZ4: Photo URL | BA4: Arıza Resmi | BB4: Pik Saat Hes. | BK4: =[4]SayfaKOC!U1 -> Arıza Kaynağı (Sorumlu ) | BL4: =[4]SayfaKOC!V1 -> Arıza Kaynağı (Sorumlu 2) | BN4: pik zaman kontrolü | BQ4: bekleme süresi | BR4: tamir süresi | BS4: arızalı kalma süresi | BV4: Tamirat | BY4: Tamire Başlama Süresi | BZ4: Tamirat süresi | CA4: toplam arıza süresi | CF4: arıza | CG4: tamir | CO4: Tamir Süresi (saat) Repair Time (hour) | CP4: tamir süresi TÜM (saat) | CQ4: Hata Tarih/Date | CR4: Tamir/Değiştirme Başlama Saati Time of Starting to Repair/Replace | CS4: Tamir/Değiştirme Bitiş Saati Time of Fnish to Repair/Replace | CT4: Bekleme süresi (dk) | CU4: Tamir süresi (dk) | CV4: Toplam Arıza süresi (dk) | CW4: Bekleme gecikme oranı
F5: =IF(H5="","",INT(H5)) | G5: =IF(H5="","",MOD(H5,1)) | BN5: =IF($AQ$1="X", IF(AND(G5>=$AS$1,G5<=$AT$1),IF(P5<>"D(Arıza Değil",AC5,0),IF(AND(G5>=$AU$1,G5<=$AV$1),IF(P5<>"D:Arıza Değil",AC5,0), "x var")), "x yok") -> x var | BO5: =IF(OR(AND(G5>$AS$1,G5<$AT$1),AND(G5>$AU$1,G5<$AV$1)),"aynı gün giderilen arıza") -> FALSE | BP5: =IF(Z5-F5>0,"Bir günden fazla süren arıza",IF(OR(AND(G5>$AS$1,G5<$AT$1),AND(G5>$AU$1,G5<$AV$1)),"aynı gün giderilen arıza")) -> #VALUE! | BQ5: =(Y5-H5)*24*60 -> 0 | BR5: =(AB5-Y5)*24*60 -> 0 | BS5: =(AF5-H5)*24*60 -> 0 | BY5: =Y5-H5 -> 0 | BZ5: =AB5-Y5 -> 0 | CA5: =AB5-H5 -> 0 | CQ5: =G5 | CR5: =Y5 -> 0 | CS5: =AB5 -> 0 | CT5: =(CR5-CQ5)*1440 -> #VALUE! | CU5: =(CS5-CR5)*1440 -> 0 | CV5: =(CS5-CQ5)*1440 -> #VALUE! | CW5: =CT5/CV5 -> #VALUE!
F6: =IF(H6="","",INT(H6)) | G6: =IF(H6="","",MOD(H6,1)) | BN6: =IF($AQ$1="X", IF(AND(G6>=$AS$1,G6<=$AT$1),IF(P6<>"D(Arıza Değil",AC6,0),IF(AND(G6>=$AU$1,G6<=$AV$1),IF(P6<>"D:Arıza Değil",AC6,0), "x var")), "x yok") -> x var | BO6: =IF(OR(AND(G6>$AS$1,G6<$AT$1),AND(G6>$AU$1,G6<$AV$1)),"aynı gün giderilen arıza") -> FALSE | BP6: =IF(Z6-F6>0,"Bir günden fazla süren arıza",IF(OR(AND(G6>$AS$1,G6<$AT$1),AND(G6>$AU$1,G6<$AV$1)),"aynı gün giderilen arıza")) -> #VALUE! | BQ6: =(Y6-H6)*24*60 -> 0 | BR6: =(AB6-Y6)*24*60 -> 0 | BS6: =(AF6-H6)*24*60 -> 0 | CQ6: =G6 | CR6: =Y6 -> 0 | CS6: =AB6 -> 0 | CT6: =(CR6-CQ6)*1440 -> #VALUE! | CU6: =(CS6-CR6)*1440 -> 0 | CV6: =(CS6-CQ6)*1440 -> #VALUE! | CW6: =CT6/CV6 -> #VALUE!
A7: =[4]SayfaKOC!C96 -> KOC10 | B7: =[4]SayfaKOC!D96 -> 4123(5) | C7: =[4]SayfaKOC!E96 -> RB | D7: =[4]SayfaKOC!F96 -> 29846 | E7: =[4]SayfaKOC!G96 -> BOZ-KOC10-FF-095 | F7: =IF(H7="","",INT(H7)) -> 45809 | G7: =IF(H7="","",MOD(H7,1)) -> 0.25 | H7: =[4]SayfaKOC!H96 -> 45809.25 | I7: =[4]SayfaKOC!I96 -> Hat/Line | J7: =IF([4]SayfaKOC!J96="Müşteri","Notified by Customer","Notified by Bozankaya") -> Notified by Bozankaya | K7: =VLOOKUP([4]SayfaKOC!L96,Atamalar!$A$10:$B$53,2,FALSE) -> Passenger_HVAC_System | L7: =[4]SayfaKOC!X96 -> ELTESAN ELEKTRO MEKANİK SOĞUTMA SAN | M7: =A7&"-"&E7 -> KOC10-BOZ-KOC10-FF-095 | N7: =[4]SayfaKOC!M96 -> 5. ARACIN RB YOLCU KLİMA SLAVE KART ARIZASI | O7: =[4]SayfaKOC!P96 -> C-Uyarı, sürüş devamlılığı | P7: =[4]SayfaKOC!Q96 -> B(Servisten çekmeye etki eden arıza) | Q7: =[4]SayfaKOC!R96 -> N.A(Yaralanma yok) | R7: {=_xlfn.IFS([4]SayfaKOC!U96="Bozankaya","Bozankaya",[4]SayfaKOC!U96="Müşteri","Customer",[4]SayfaKOC!U96="Tedarikçi","Equipment Supplier")} -> Equipment Supplier | S7: =[4]SayfaKOC!GB96 -> ANTALYA SSH TA BULUNAN SLAVE KOCAELİ SSH A ÇEKİLİP DEĞİŞİMİ SAĞLANMIŞTIR. - ANTALYA DAN GELEN SLAVE KART İLE DEĞİŞTİRİLDİ. | T7: =[4]SayfaKOC!AD96 -> Ekipman yenisi ile değiştirildi | U7: =[4]SayfaKOC!W96 -> Evet | V7: =[4]SayfaKOC!AZ96 -> 2 | W7: =IF(Y7="","",INT(Y7)) -> 45809 | X7: =IF(Y7="","",TEXT(Y7,"ss:dd")) -> 07:30 | Y7: =[4]SayfaKOC!AE96 -> 45809.312 | Z7: =IF(AB7="","",INT(AB7)) -> 45811 | AA7: =IF(AB7="","",TEXT(AB7,"ss:dd")) -> 06:00 | AB7: =[4]SayfaKOC!BA96 -> 45811.25 | AC7: =(AF7-H7)*24*60 -> 2880 | AD7: =IF(AF7="","",INT(AF7)) -> 45811 | AE7: =IF(AF7="","",TEXT(AF7,"ss:dd")) -> 06:00 | AF7: =[4]SayfaKOC!BA96 -> 45811.25 | AG7: =[4]SayfaKOC!S96 -> (I) İlk Defa Karşılaşılan Arıza | AH7: =IF(P7="A(Hareket etmeyi engelleyen arıza)","Bu Arıza Aracın Servise Verilmesine Engel", IF(P7="B(Servisten çekmeye etki eden arıza)","Bu Arıza Aracın Servise Verilmesine Engel", IF(P7="C(Sisteme etki etmeyen arıza)","Bu Arıza Aracın Servise Verilmesine Engel Değil", IF(P7="D(Arıza Değil)","Bu Arıza Aracın Servise Verilmesine Engel Değil", "Bilinmeyen Durum")))) -> Bu Arıza Aracın Servise Verilmesine Engel | AI7: =[4]SayfaKOC!AV96 -> KOC10-HBR-25-095 | AJ7: =IF(AL7="","",INT(AL7)) | AK7: =IF(AL7="","",TEXT(AL7,"ss:dd")) | AL7: =[4]SayfaKOC!AX96 | AM7: =IF(AND(P7<>"D(Arıza Değil)",AH7="Bu Arıza Aracın Servise Verilmesine Engel Değil"),IF(Z7-F7>0,(AB7-Y7)*24*60,IF(OR(AND(G7>$AS$1,G7<$AT$1),AND(G7>$AU$1,G7<$AV$1)),(AF7-H7)*24*60,0)),AN7) -> 2880 | AN7: =IF(P7<>"D(Arıza Değil)",AC7,0) -> 2880 | AO7: =[4]SayfaKOC!AG96 -> ELTESAN ELEKTRO MEKANİK SOĞUTMA SAN | AP7: =[4]SayfaKOC!AI96 -> H500-7200 | AQ7: =[4]SayfaKOC!AQ96 | AR7: =[4]SayfaKOC!AH96 -> KLİMA UNİTESİ/Eltesan/Hispacold 41,5 KW | AS7: =[4]SayfaKOC!AJ96 | AT7: =[4]SayfaKOC!GC96 -> - | AU7: =[4]SayfaKOC!AL96 | AV7: =[4]SayfaKOC!AP96 | AW7: =[4]SayfaKOC!AT96 | AX7: =V7*AC7*BC$1 -> 63360 | AY7: =[4]SayfaKOC!BF96 | AZ7: =[4]SayfaKOC!BD96 | BB7: =IF($AQ$1="X", IF(AND(G7>=$AS$1,G7<=$AT$1),IF(P7<>"D(Arıza Değil)",AC7,0), IF(AND(G7>=$AU$1,G7<=$AV$1),IF(P7<>"D(Arıza Değil)",AC7,0), "")), "") | BK7: =[4]SayfaKOC!U96 -> Tedarikçi | BL7: =[4]SayfaKOC!V96 -> SSH | BN7: =IF($AQ$1="X", IF(AND(G7>=$AS$1,G7<=$AT$1),IF(P7<>"D(Arıza Değil",AC7,0),IF(AND(G7>=$AU$1,G7<=$AV$1),IF(P7<>"D:Arıza Değil",AC7,0), "x var")), "x yok") -> x var | BO7: =IF(OR(AND(G7>$AS$1,G7<$AT$1),AND(G7>$AU$1,G7<$AV$1)),"aynı gün giderilen arıza") -> FALSE | BP7: =IF(Z7-F7>0,"Bir günden fazla süren arıza",IF(OR(AND(G7>$AS$1,G7<$AT$1),AND(G7>$AU$1,G7<$AV$1)),"aynı gün giderilen arıza")) -> Bir günden fazla süren arıza | BQ7: =(Y7-H7)*24*60 -> 90 | BR7: =(AB7-Y7)*24*60 -> 2790 | BS7: =(AF7-H7)*24*60 -> 2880 | BV7: =COUNTIFS(B$5:B$9999,B7,H$5:H$9999,"<="&AF7,AF$5:AF$9999,">="&H7)-1 -> 0 | BW7: =IF(COUNTIFS(B$5:B$9999,B7,H$5:H$9999,"<="&AF7,AF$5:AF$9999,">="&H7)>1,"Evet, çakışma var","Hayır, çakışma yok") -> Hayır, çakışma yok | BY7: =Y7-H7 -> 0.0625 | BZ7: =AB7-Y7 -> 1.9375 | CA7: =AB7-H7 -> 2 | CE7: 95 | CF7: =H7 -> 45809.25 | CG7: =AB7 -> 45811.25 | CK7: =AB7-Y7 -> 1.9375 | CL7: =Y7-H7 -> 0.0625 | CM7: =AB7-H7 -> 2 | CQ7: =G7 -> 0.25 | CR7: =Y7 -> 45809.312 | CS7: =AB7 -> 45811.25 | CT7: =(CR7-CQ7)*1440 -> 65965050 | CU7: =(CS7-CR7)*1440 -> 2790 | CV7: =(CS7-CQ7)*1440 -> 65967840 | CW7: =CT7/CV7 -> 0.99995771
A8: =[4]SayfaKOC!C95 -> KOC10 | B8: =[4]SayfaKOC!D95 -> 4119(1) | C8: =[4]SayfaKOC!E95 -> RB | D8: =[4]SayfaKOC!F95 | E8: =[4]SayfaKOC!G95 -> BOZ-KOC10-FF-094 | F8: =IF(H8="","",INT(H8)) -> 45803 | G8: =IF(H8="","",MOD(H8,1)) -> 0.25 | H8: =[4]SayfaKOC!H95 -> 45803.25 | I8: =[4]SayfaKOC!I95 -> Hat/Line | J8: =IF([4]SayfaKOC!J95="Müşteri","Notified by Customer","Notified by Bozankaya") -> Notified by Bozankaya | K8: =VLOOKUP([4]SayfaKOC!L95,Atamalar!$A$10:$B$53,2,FALSE) -> Passenger_HVAC_System | L8: =[4]SayfaKOC!X95 -> ELTESAN ELEKTRO MEKANİK SOĞUTMA SAN | M8: =A8&"-"&E8 -> KOC10-BOZ-KOC10-FF-094 | N8: =[4]SayfaKOC!M95 -> YOLCU BÖLGESİ KLİMALARDA DRENAJLAR UYGUN DEĞİL. | O8: =[4]SayfaKOC!P95 -> C-Uyarı, sürüş devamlılığı | P8: =[4]SayfaKOC!Q95 -> B(Servisten çekmeye etki eden arıza) | Q8: =[4]SayfaKOC!R95 -> N.A(Yaralanma yok) | R8: {=_xlfn.IFS([4]SayfaKOC!U95="Bozankaya","Bozankaya",[4]SayfaKOC!U95="Müşteri","Customer",[4]SayfaKOC!U95="Tedarikçi","Equipment Supplier")} -> Equipment Supplier | S8: =[4]SayfaKOC!GB95 -> YOLCU BÖLGESİ KLİMALARDA DRENAJLARDAKİ ÖRDEK AĞIZLARI UYGUN DEĞİL. HBR YAPILIP AKSİYON ALINMALI, ARAÇ İÇİNDE YOLCUYA SU AKIYOR. - TEDARİKÇİ FİRMA TARAFINDAN DRENAJLARDAKİ ÖRDEK AĞIZLARINA REVİZYON GELMELİ. | T8: =[4]SayfaKOC!AD95 -> *Arıza çözülecek | U8: =[4]SayfaKOC!W95 | V8: =[4]SayfaKOC!AZ95 -> 2 | W8: =IF(Y8="","",INT(Y8)) -> 45804 | X8: =IF(Y8="","",TEXT(Y8,"ss:dd")) -> 09:00 | Y8: =[4]SayfaKOC!AE95 -> 45804.375 | Z8: =IF(AB8="","",INT(AB8)) | AA8: =IF(AB8="","",TEXT(AB8,"ss:dd")) | AB8: =[4]SayfaKOC!BA95 | AC8: =(AF8-H8)*24*60 -> #VALUE! | AD8: =IF(AF8="","",INT(AF8)) | AE8: =IF(AF8="","",TEXT(AF8,"ss:dd")) | AF8: =[4]SayfaKOC!BA95 | AG8: =[4]SayfaKOC!S95 -> (III) Farklı Araçlarda Tekrarlayan Arıza | AH8: =IF(P8="A(Hareket etmeyi engelleyen arıza)","Bu Arıza Aracın Servise Verilmesine Engel", IF(P8="B(Servisten çekmeye etki eden arıza)","Bu Arıza Aracın Servise Verilmesine Engel", IF(P8="C(Sisteme etki etmeyen arıza)","Bu Arıza Aracın Servise Verilmesine Engel Değil", IF(P8="D(Arıza Değil)","Bu Arıza Aracın Servise Verilmesine Engel Değil", "Bilinmeyen Durum")))) -> Bu Arıza Aracın Servise Verilmesine Engel | AI8: =[4]SayfaKOC!AV95 -> KOC10-HBR-25-094 | AJ8: =IF(AL8="","",INT(AL8)) | AK8: =IF(AL8="","",TEXT(AL8,"ss:dd")) | AL8: =[4]SayfaKOC!AX95 | AM8: =IF(AND(P8<>"D(Arıza Değil)",AH8="Bu Arıza Aracın Servise Verilmesine Engel Değil"),IF(Z8-F8>0,(AB8-Y8)*24*60,IF(OR(AND(G8>$AS$1,G8<$AT$1),AND(G8>$AU$1,G8<$AV$1)),(AF8-H8)*24*60,0)),AN8) -> #VALUE! | AN8: =IF(P8<>"D(Arıza Değil)",AC8,0) -> #VALUE! | AO8: =[4]SayfaKOC!AG95 -> ELTESAN ELEKTRO MEKANİK SOĞUTMA SAN | AP8: =[4]SayfaKOC!AI95 -> H500-7200 | AQ8: =[4]SayfaKOC!AQ95 -> - | AR8: =[4]SayfaKOC!AH95 -> KLİMA UNİTESİ/Eltesan/Hispacold 41,5 KW | AS8: =[4]SayfaKOC!AJ95 -> 1 | AT8: =[4]SayfaKOC!GC95 -> - | AU8: =[4]SayfaKOC!AL95 | AV8: =[4]SayfaKOC!AP95 | AW8: =[4]SayfaKOC!AT95 | AX8: =V8*AC8*BC$1 -> #VALUE! | AY8: =[4]SayfaKOC!BF95 | AZ8: =[4]SayfaKOC!BD95 | BB8: =IF($AQ$1="X", IF(AND(G8>=$AS$1,G8<=$AT$1),IF(P8<>"D(Arıza Değil)",AC8,0), IF(AND(G8>=$AU$1,G8<=$AV$1),IF(P8<>"D(Arıza Değil)",AC8,0), "")), "") | BK8: =[4]SayfaKOC!U95 -> Tedarikçi | BL8: =[4]SayfaKOC!V95 -> Bozankaya | BN8: =IF($AQ$1="X", IF(AND(G8>=$AS$1,G8<=$AT$1),IF(P8<>"D(Arıza Değil",AC8,0),IF(AND(G8>=$AU$1,G8<=$AV$1),IF(P8<>"D:Arıza Değil",AC8,0), "x var")), "x yok") -> x var | BO8: =IF(OR(AND(G8>$AS$1,G8<$AT$1),AND(G8>$AU$1,G8<$AV$1)),"aynı gün giderilen arıza") -> FALSE | BP8: =IF(Z8-F8>0,"Bir günden fazla süren arıza",IF(OR(AND(G8>$AS$1,G8<$AT$1),AND(G8>$AU$1,G8<$AV$1)),"aynı gün giderilen arıza")) -> #VALUE! | BQ8: =(Y8-H8)*24*60 -> 1620 | BR8: =(AB8-Y8)*24*60 -> #VALUE! | BS8: =(AF8-H8)*24*60 -> #VALUE! | BV8: =COUNTIFS(B$5:B$9999,B8,H$5:H$9999,"<="&AF8,AF$5:AF$9999,">="&H8)-1 -> -1 | BW8: =IF(COUNTIFS(B$5:B$9999,B8,H$5:H$9999,"<="&AF8,AF$5:AF$9999,">="&H8)>1,"Evet, çakışma var","Hayır, çakışma yok") -> Hayır, çakışma yok | BY8: =Y8-H8 -> 1.125 | BZ8: =AB8-Y8 -> #VALUE! | CA8: =AB8-H8 -> #VALUE! | CE8: 94 | CF8: =H8 -> 45803.25 | CG8: =AB8 | CK8: =AB8-Y8 -> #VALUE! | CL8: =Y8-H8 -> 1.125 | CM8: =AB8-H8 -> #VALUE! | CQ8: =G8 -> 0.25 | CR8: =Y8 -> 45804.375 | CS8: =AB8 | CT8: =(CR8-CQ8)*1440 -> 65957940 | CU8: =(CS8-CR8)*1440 -> #VALUE! | CV8: =(CS8-CQ8)*1440 -> #VALUE! | CW8: =CT8/CV8 -> #VALUE!
A9: =[4]SayfaKOC!C97 -> KOC10 | B9: =[4]SayfaKOC!D97 -> 4120(2) | C9: =[4]SayfaKOC!E97 -> RB | D9: =[4]SayfaKOC!F97 -> 11850 | E9: =[4]SayfaKOC!G97 -> BOZ-KOC10-FF-096 | F9: =IF(H9="","",INT(H9)) -> 45796 | G9: =IF(H9="","",MOD(H9,1)) -> 0.25 | H9: =[4]SayfaKOC!H97 -> 45796.25 | I9: =[4]SayfaKOC!I97 -> Hat/Line | J9: =IF([4]SayfaKOC!J97="Müşteri","Notified by Customer","Notified by Bozankaya") -> Notified by Bozankaya | K9: =VLOOKUP([4]SayfaKOC!L97,Atamalar!$A$10:$B$53,2,FALSE) -> Passenger_HVAC_System | L9: =[4]SayfaKOC!X97 -> ELTESAN ELEKTRO MEKANİK SOĞUTMA SAN | M9: =A9&"-"&E9 -> KOC10-BOZ-KOC10-FF-096 | N9: =[4]SayfaKOC!M97 -> RB YOLCU KLİMA KONDENSER FAN KİLİTLENMİŞ. | O9: =[4]SayfaKOC!P97 -> C-Uyarı, sürüş devamlılığı | P9: =[4]SayfaKOC!Q97 -> B(Servisten çekmeye etki eden arıza) | Q9: =[4]SayfaKOC!R97 -> N.A(Yaralanma yok) | R9: {=_xlfn.IFS([4]SayfaKOC!U97="Bozankaya","Bozankaya",[4]SayfaKOC!U97="Müşteri","Customer",[4]SayfaKOC!U97="Tedarikçi","Equipment Supplier")} -> Equipment Supplier | S9: =[4]SayfaKOC!GB97 -> ANTALYA SSH TA BULUNAN KONDENSER FAN KOCAELİ SSH A ÇEKİLİP, ELTESAN TARAFINDAN DEĞİŞİMİ SAĞLANMIŞTIR.. - ANTALYA SSH TA BULUNAN KONDENSER FAN KOCAELİ SSH A ÇEKİLİP, ELTESAN TARAFINDAN DEĞİŞİMİ SAĞLANMIŞTIR. | T9: =[4]SayfaKOC!AD97 -> Ekipman yenisi ile değiştirildi | U9: =[4]SayfaKOC!W97 -> Evet | V9: =[4]SayfaKOC!AZ97 -> 1 | W9: =IF(Y9="","",INT(Y9)) -> 45797 | X9: =IF(Y9="","",TEXT(Y9,"ss:dd")) -> 06:00 | Y9: =[4]SayfaKOC!AE97 -> 45797.25 | Z9: =IF(AB9="","",INT(AB9)) -> 45798 | AA9: =IF(AB9="","",TEXT(AB9,"ss:dd")) -> 09:00 | AB9: =[4]SayfaKOC!BA97 -> 45798.375 | AC9: =(AF9-H9)*24*60 -> 3060 | AD9: =IF(AF9="","",INT(AF9)) -> 45798 | AE9: =IF(AF9="","",TEXT(AF9,"ss:dd")) -> 09:00 | AF9: =[4]SayfaKOC!BA97 -> 45798.375 | AG9: =[4]SayfaKOC!S97 -> (I) İlk Defa Karşılaşılan Arıza | AH9: =IF(P9="A(Hareket etmeyi engelleyen arıza)","Bu Arıza Aracın Servise Verilmesine Engel", IF(P9="B(Servisten çekmeye etki eden arıza)","Bu Arıza Aracın Servise Verilmesine Engel", IF(P9="C(Sisteme etki etmeyen arıza)","Bu Arıza Aracın Servise Verilmesine Engel Değil", IF(P9="D(Arıza Değil)","Bu Arıza Aracın Servise Verilmesine Engel Değil", "Bilinmeyen Durum")))) -> Bu Arıza Aracın Servise Verilmesine Engel | AI9: =[4]SayfaKOC!AV97 -> KOC10-HBR-25-096 | AJ9: =IF(AL9="","",INT(AL9)) | AK9: =IF(AL9="","",TEXT(AL9,"ss:dd")) | AL9: =[4]SayfaKOC!AX97 | AM9: =IF(AND(P9<>"D(Arıza Değil)",AH9="Bu Arıza Aracın Servise Verilmesine Engel Değil"),IF(Z9-F9>0,(AB9-Y9)*24*60,IF(OR(AND(G9>$AS$1,G9<$AT$1),AND(G9>$AU$1,G9<$AV$1)),(AF9-H9)*24*60,0)),AN9) -> 3060 | AN9: =IF(P9<>"D(Arıza Değil)",AC9,0) -> 3060 | AO9: =[4]SayfaKOC!AG97 -> ELTESAN ELEKTRO MEKANİK SOĞUTMA SAN | AP9: =[4]SayfaKOC!AI97 -> H500-7200 | AQ9: =[4]SayfaKOC!AQ97 -> AO-3593738/2210/003 | AR9: =[4]SayfaKOC!AH97 -> KLİMA UNİTESİ/Eltesan/Hispacold 41,5 KW | AS9: =[4]SayfaKOC!AJ97 -> 1 | AT9: =[4]SayfaKOC!GC97 -> - | AU9: =[4]SayfaKOC!AL97 | AV9: =[4]SayfaKOC!AP97 | AW9: =[4]SayfaKOC!AT97 | AX9: =V9*AC9*BC$1 -> 33660 | AY9: =[4]SayfaKOC!BF97 | AZ9: =[4]SayfaKOC!BD97 | BB9: =IF($AQ$1="X", IF(AND(G9>=$AS$1,G9<=$AT$1),IF(P9<>"D(Arıza Değil)",AC9,0), IF(AND(G9>=$AU$1,G9<=$AV$1),IF(P9<>"D(Arıza Değil)",AC9,0), "")), "") | BK9: =[4]SayfaKOC!U97 -> Tedarikçi | BL9: =[4]SayfaKOC!V97 -> ELTESAN ELEKTRO MEKANİK SOĞUTMA SAN | BN9: =IF($AQ$1="X", IF(AND(G9>=$AS$1,G9<=$AT$1),IF(P9<>"D(Arıza Değil",AC9,0),IF(AND(G9>=$AU$1,G9<=$AV$1),IF(P9<>"D:Arıza Değil",AC9,0), "x var")), "x yok") -> x var | BO9: =IF(OR(AND(G9>$AS$1,G9<$AT$1),AND(G9>$AU$1,G9<$AV$1)),"aynı gün giderilen arıza") -> FALSE | BP9: =IF(Z9-F9>0,"Bir günden fazla süren arıza",IF(OR(AND(G9>$AS$1,G9<$AT$1),AND(G9>$AU$1,G9<$AV$1)),"aynı gün giderilen arıza")) -> Bir günden fazla süren arıza | BQ9: =(Y9-H9)*24*60 -> 1440 | BR9: =(AB9-Y9)*24*60 -> 1620 | BS9: =(AF9-H9)*24*60 -> 3060 | BV9: =COUNTIFS(B$5:B$9999,B9,H$5:H$9999,"<="&AF9,AF$5:AF$9999,">="&H9)-1 -> 0 | BW9: =IF(COUNTIFS(B$5:B$9999,B9,H$5:H$9999,"<="&AF9,AF$5:AF$9999,">="&H9)>1,"Evet, çakışma var","Hayır, çakışma yok") -> Hayır, çakışma yok | BY9: =Y9-H9 -> 1 | BZ9: =AB9-Y9 -> 1.125 | CA9: =AB9-H9 -> 2.125 | CE9: 96 | CF9: =H9 -> 45796.25 | CG9: =AB9 -> 45798.375 | CQ9: =G9 -> 0.25 | CR9: =Y9 -> 45797.25 | CS9: =AB9 -> 45798.375 | CT9: =(CR9-CQ9)*1440 -> 65947680 | CU9: =(CS9-CR9)*1440 -> 1620 | CV9: =(CS9-CQ9)*1440 -> 65949300 | CW9: =CT9/CV9 -> 0.99997544
A10: =[4]SayfaKOC!C94 -> KOC10 | B10: =[4]SayfaKOC!D94 -> 4123(5) | C10: =[4]SayfaKOC!E94 -> MB | D10: =[4]SayfaKOC!F94 -> 18631 | E10: =[4]SayfaKOC!G94 -> BOZ-KOC10-FF-093 | F10: =IF(H10="","",INT(H10)) -> 45735 | G10: =IF(H10="","",MOD(H10,1)) -> 0.51046296 | H10: =[4]SayfaKOC!H94 -> 45735.51 | I10: =[4]SayfaKOC!I94 -> Hat/Line | J10: =IF([4]SayfaKOC!J94="Müşteri","Notified by Customer","Notified by Bozankaya") -> Notified by Customer | K10: =VLOOKUP([4]SayfaKOC!L94,Atamalar!$A$10:$B$53,2,FALSE) -> Door_System | L10: =[4]SayfaKOC!X94 -> KNORR-BREMSE GMBH DİVİSİON IFE AUTO | M10: =A10&"-"&E10 -> KOC10-BOZ-KOC10-FF-093 | N10: =[4]SayfaKOC!M94 -> 12 NUMARALI KAPI HASSAS KENAR ARIZASI | O10: =[4]SayfaKOC!P94 -> C-Uyarı, sürüş devamlılığı | P10: =[4]SayfaKOC!Q94 -> B(Servisten çekmeye etki eden arıza) | Q10: =[4]SayfaKOC!R94 -> N.A(Yaralanma yok) | R10: {=_xlfn.IFS([4]SayfaKOC!U94="Bozankaya","Bozankaya",[4]SayfaKOC!U94="Müşteri","Customer",[4]SayfaKOC!U94="Tedarikçi","Equipment Supplier")} -> Equipment Supplier | S10: =[4]SayfaKOC!GB94 -> DCU ÜZERİNDEKİ FLASH SAYISI: 9 ARIZA AÇIKLAMASI: HASSAS KENAR. TEDARİKÇİYE BİLDİRİM YAPILACAK HASSAS KENAR DEĞİŞMELİ. - DCU ÜZERİNDEKİ FLASH SAYISI: 9 ARIZA AÇIKLAMASI: HASSAS KENAR. TEDARİKÇİYE BİLDİRİM YAPILACAK HASSAS KENAR DEĞİŞMELİ. | T10: =[4]SayfaKOC!AD94 -> Arıza çözülecek | U10: =[4]SayfaKOC!W94 -> Evet | V10: =[4]SayfaKOC!AZ94 -> 2 | W10: =IF(Y10="","",INT(Y10)) -> 45735 | X10: =IF(Y10="","",TEXT(Y10,"ss:dd")) -> 12:33 | Y10: =[4]SayfaKOC!AE94 -> 45735.523 | Z10: =IF(AB10="","",INT(AB10)) | AA10: =IF(AB10="","",TEXT(AB10,"ss:dd")) | AB10: =[4]SayfaKOC!BA94 | AC10: =(AF10-H10)*24*60 -> #VALUE! | AD10: =IF(AF10="","",INT(AF10)) | AE10: =IF(AF10="","",TEXT(AF10,"ss:dd")) | AF10: =[4]SayfaKOC!BA94 | AG10: =[4]SayfaKOC!S94 -> (I) İlk Defa Karşılaşılan Arıza | AH10: =IF(P10="A(Hareket etmeyi engelleyen arıza)","Bu Arıza Aracın Servise Verilmesine Engel", IF(P10="B(Servisten çekmeye etki eden arıza)","Bu Arıza Aracın Servise Verilmesine Engel", IF(P10="C(Sisteme etki etmeyen arıza)","Bu Arıza Aracın Servise Verilmesine Engel Değil", IF(P10="D(Arıza Değil)","Bu Arıza Aracın Servise Verilmesine Engel Değil", "Bilinmeyen Durum")))) -> Bu Arıza Aracın Servise Verilmesine Engel | AI10: =[4]SayfaKOC!AV94 -> KOC10-HBR-25-093 | AJ10: =IF(AL10="","",INT(AL10)) | AK10: =IF(AL10="","",TEXT(AL10,"ss:dd")) | AL10: =[4]SayfaKOC!AX94 | AM10: =IF(AND(P10<>"D(Arıza Değil)",AH10="Bu Arıza Aracın Servise Verilmesine Engel Değil"),IF(Z10-F10>0,(AB10-Y10)*24*60,IF(OR(AND(G10>$AS$1,G10<$AT$1),AND(G10>$AU$1,G10<$AV$1)),(AF10-H10)*24*60,0)),AN10) -> #VALUE! | AN10: =IF(P10<>"D(Arıza Değil)",AC10,0) -> #VALUE! | AO10: =[4]SayfaKOC!AG94 -> COFLE TK OTOMOTİV KONTROL SİSTEMLER | AP10: =[4]SayfaKOC!AI94 -> D125-7059 | AQ10: =[4]SayfaKOC!AQ94 | AR10: =[4]SayfaKOC!AH94 -> KUPLAJ KAPAK ACMA SOL | AS10: =[4]SayfaKOC!AJ94 | AT10: =[4]SayfaKOC!GC94 -> - | AU10: =[4]SayfaKOC!AL94 | AV10: =[4]SayfaKOC!AP94 | AW10: =[4]SayfaKOC!AT94 | AX10: =V10*AC10*BC$1 -> #VALUE! | AY10: =[4]SayfaKOC!BF94 -> 2bdb0b58 | AZ10: =[4]SayfaKOC!BD94 -> https://www.appsheet.com/Template/gettablefileurl?appname=KOC10_Failure_List-654943&tableName=SAYFA1&filename=Sayfa1_Images%2F2bdb0b58.Resim.113951.jpg | BB10: =IF($AQ$1="X", IF(AND(G10>=$AS$1,G10<=$AT$1),IF(P10<>"D(Arıza Değil)",AC10,0), IF(AND(G10>=$AU$1,G10<=$AV$1),IF(P10<>"D(Arıza Değil)",AC10,0), "")), "") | BK10: =[4]SayfaKOC!U94 -> Tedarikçi | BL10: =[4]SayfaKOC!V94 -> KNORR-BREMSE GMBH DİVİSİON IFE AUTO | BN10: =IF($AQ$1="X", IF(AND(G10>=$AS$1,G10<=$AT$1),IF(P10<>"D(Arıza Değil",AC10,0),IF(AND(G10>=$AU$1,G10<=$AV$1),IF(P10<>"D:Arıza Değil",AC10,0), "x var")), "x yok") -> x var | BO10: =IF(OR(AND(G10>$AS$1,G10<$AT$1),AND(G10>$AU$1,G10<$AV$1)),"aynı gün giderilen arıza") -> FALSE | BP10: =IF(Z10-F10>0,"Bir günden fazla süren arıza",IF(OR(AND(G10>$AS$1,G10<$AT$1),AND(G10>$AU$1,G10<$AV$1)),"aynı gün giderilen arıza")) -> #VALUE! | BQ10: =(Y10-H10)*24*60 -> 18.4 | BR10: =(AB10-Y10)*24*60 -> #VALUE! | BS10: =(AF10-H10)*24*60 -> #VALUE! | BV10: =COUNTIFS(B$5:B$9999,B10,H$5:H$9999,"<="&AF10,AF$5:AF$9999,">="&H10)-1 -> -1 | BW10: =IF(COUNTIFS(B$5:B$9999,B10,H$5:H$9999,"<="&AF10,AF$5:AF$9999,">="&H10)>1,"Evet, çakışma var","Hayır, çakışma yok") -> Hayır, çakışma yok | BY10: =Y10-H10 -> 0.012777778 | BZ10: =AB10-Y10 -> #VALUE! | CA10: =AB10-H10 -> #VALUE! | CE10: 93 | CF10: =H10 -> 45735.51 | CG10: =AB10 | CK10: =AB10-Y10 -> #VALUE! | CL10: =Y10-H10 -> 0.012777778 | CM10: =AB10-H10 -> #VALUE! | CQ10: =G10 -> 0.51046296 | CR10: =Y10 -> 45735.523 | CS10: =AB10 | CT10: =(CR10-CQ10)*1440 -> 65858418 | CU10: =(CS10-CR10)*1440 -> #VALUE! | CV10: =(CS10-CQ10)*1440 -> #VALUE! | CW10: =CT10/CV10 -> #VALUE!
A11: =[4]SayfaKOC!C92 -> KOC10 | B11: =[4]SayfaKOC!D92 -> 4121(3) | C11: =[4]SayfaKOC!E92 -> RA | D11: =[4]SayfaKOC!F92 -> 22860 | E11: =[4]SayfaKOC!G92 -> BOZ-KOC10-FF-091 | F11: =IF(H11="","",INT(H11)) -> 45716 | G11: =IF(H11="","",MOD(H11,1)) -> 0.44800926 | H11: =[4]SayfaKOC!H92 -> 45716.448 | I11: =[4]SayfaKOC!I92 -> Depo/Depot | J11: =IF([4]SayfaKOC!J92="Müşteri","Notified by Customer","Notified by Bozankaya") -> Notified by Bozankaya | K11: =VLOOKUP([4]SayfaKOC!L92,Atamalar!$A$10:$B$53,2,FALSE) -> Passenger_Information | L11: =[4]SayfaKOC!X92 -> ATAK ULAŞIM SAN.TİC.LTD.ŞTİ. | M11: =A11&"-"&E11 -> KOC10-BOZ-KOC10-FF-091 | N11: =[4]SayfaKOC!M92 -> KAPI ÜSTÜ STRETCH LCD EKRAN ARIZALI | O11: =[4]SayfaKOC!P92 -> C-Uyarı, sürüş devamlılığı | P11: =[4]SayfaKOC!Q92 -> C(Sisteme etki etmeyen arıza) | Q11: =[4]SayfaKOC!R92 -> N.A(Yaralanma yok) | R11: {=_xlfn.IFS([4]SayfaKOC!U92="Bozankaya","Bozankaya",[4]SayfaKOC!U92="Müşteri","Customer",[4]SayfaKOC!U92="Tedarikçi","Equipment Supplier")} -> Equipment Supplier | S11: =[4]SayfaKOC!GB92 -> GÜÇ SOKETİNDEN ÖLÇÜM YAPILDI ENERJİ OLDUĞU GÖRÜLDÜ SSH YEDEK MALZEMEDEN DEĞİŞİMİ SAĞLANDI, ÇALIŞIYOR. - GÜÇ SOKETİNDEN ÖLÇÜM YAPILDI ENERJİ OLDUĞU GÖRÜLDÜ SSH YEDEK MALZEMEDEN DEĞİŞİMİ SAĞLANDI, ÇALIŞIYOR. | T11: =[4]SayfaKOC!AD92 -> Ekipman değiştirilecek | U11: =[4]SayfaKOC!W92 -> Evet | V11: =[4]SayfaKOC!AZ92 -> 1 | W11: =IF(Y11="","",INT(Y11)) -> 45716 | X11: =IF(Y11="","",TEXT(Y11,"ss:dd")) -> 11:00 | Y11: =[4]SayfaKOC!AE92 -> 45716.458 | Z11: =IF(AB11="","",INT(AB11)) -> 45716 | AA11: =IF(AB11="","",TEXT(AB11,"ss:dd")) -> 11:15 | AB11: =[4]SayfaKOC!BA92 -> 45716.469 | AC11: =(AF11-H11)*24*60 -> 30.366667 | AD11: =IF(AF11="","",INT(AF11)) -> 45716 | AE11: =IF(AF11="","",TEXT(AF11,"ss:dd")) -> 11:15 | AF11: =[4]SayfaKOC!BA92 -> 45716.469 | AG11: =[4]SayfaKOC!S92 -> (II) Aynı Araçta Tekrarlayan Arıza | AH11: =IF(P11="A(Hareket etmeyi engelleyen arıza)","Bu Arıza Aracın Servise Verilmesine Engel", IF(P11="B(Servisten çekmeye etki eden arıza)","Bu Arıza Aracın Servise Verilmesine Engel", IF(P11="C(Sisteme etki etmeyen arıza)","Bu Arıza Aracın Servise Verilmesine Engel Değil", IF(P11="D(Arıza Değil)","Bu Arıza Aracın Servise Verilmesine Engel Değil", "Bilinmeyen Durum")))) -> Bu Arıza Aracın Servise Verilmesine Engel Değil | AI11: =[4]SayfaKOC!AV92 -> KOC10-HBR-25-091 | AJ11: =IF(AL11="","",INT(AL11)) | AK11: =IF(AL11="","",TEXT(AL11,"ss:dd")) | AL11: =[4]SayfaKOC!AX92 | AM11: =IF(AND(P11<>"D(Arıza Değil)",AH11="Bu Arıza Aracın Servise Verilmesine Engel Değil"),IF(Z11-F11>0,(AB11-Y11)*24*60,IF(OR(AND(G11>$AS$1,G11<$AT$1),AND(G11>$AU$1,G11<$AV$1)),(AF11-H11)*24*60,0)),AN11) -> 0 | AN11: =IF(P11<>"D(Arıza Değil)",AC11,0) -> 30.366667 | AO11: =[4]SayfaKOC!AG92 -> ATAK ULAŞIM SAN.TİC.LTD.ŞTİ. | AP11: =[4]SayfaKOC!AI92 -> E410-7003 | AQ11: =[4]SayfaKOC!AQ92 -> 2022281200046 | AR11: =[4]SayfaKOC!AH92 -> STRETCH LCD EKRAN | AS11: =[4]SayfaKOC!AJ92 -> 1 | AT11: =[4]SayfaKOC!GC92 -> - | AU11: =[4]SayfaKOC!AL92 | AV11: =[4]SayfaKOC!AP92 | AW11: =[4]SayfaKOC!AT92 | AX11: =V11*AC11*BC$1 -> 334.03333 | AY11: =[4]SayfaKOC!BF92 -> 7f61ba8d | AZ11: =[4]SayfaKOC!BD92 -> https://www.appsheet.com/Template/gettablefileurl?appname=KOC10_Failure_List-654943&tableName=SAYFA1&filename=Sayfa1_Images%2F7f61ba8d.Resim.113918.jpg | BB11: =IF($AQ$1="X", IF(AND(G11>=$AS$1,G11<=$AT$1),IF(P11<>"D(Arıza Değil)",AC11,0), IF(AND(G11>=$AU$1,G11<=$AV$1),IF(P11<>"D(Arıza Değil)",AC11,0), "")), "") | BK11: =[4]SayfaKOC!U92 -> Tedarikçi | BL11: =[4]SayfaKOC!V92 -> ATAK ULAŞIM SAN.TİC.LTD.ŞTİ. | BN11: =IF($AQ$1="X", IF(AND(G11>=$AS$1,G11<=$AT$1),IF(P11<>"D(Arıza Değil",AC11,0),IF(AND(G11>=$AU$1,G11<=$AV$1),IF(P11<>"D:Arıza Değil",AC11,0), "x var")), "x yok") -> x var | BO11: =IF(OR(AND(G11>$AS$1,G11<$AT$1),AND(G11>$AU$1,G11<$AV$1)),"aynı gün giderilen arıza") -> FALSE | BP11: =IF(Z11-F11>0,"Bir günden fazla süren arıza",IF(OR(AND(G11>$AS$1,G11<$AT$1),AND(G11>$AU$1,G11<$AV$1)),"aynı gün giderilen arıza")) -> FALSE | BQ11: =(Y11-H11)*24*60 -> 14.95 | BR11: =(AB11-Y11)*24*60 -> 15.416667 | BS11: =(AF11-H11)*24*60 -> 30.366667 | BV11: =COUNTIFS(B$5:B$9999,B11,H$5:H$9999,"<="&AF11,AF$5:AF$9999,">="&H11)-1 -> 0 | BW11: =IF(COUNTIFS(B$5:B$9999,B11,H$5:H$9999,"<="&AF11,AF$5:AF$9999,">="&H11)>1,"Evet, çakışma var","Hayır, çakışma yok") -> Hayır, çakışma yok | BY11: =Y11-H11 -> 0.010381944 | BZ11: =AB11-Y11 -> 0.010706019 | CA11: =AB11-H11 -> 0.021087963 | CE11: 91 | CF11: =H11 -> 45716.448 | CG11: =AB11 -> 45716.469 | CK11: =AB11-Y11 -> 0.010706019 | CL11: =Y11-H11 -> 0.010381944 | CM11: =AB11-H11 -> 0.021087963 | CQ11: =G11 -> 0.44800926 | CR11: =Y11 -> 45716.458 | CS11: =AB11 -> 45716.469 | CT11: =(CR11-CQ11)*1440 -> 65831055 | CU11: =(CS11-CR11)*1440 -> 15.416667 | CV11: =(CS11-CQ11)*1440 -> 65831070 | CW11: =CT11/CV11 -> 0.99999977
A12: =[4]SayfaKOC!C93 -> KOC10 | B12: =[4]SayfaKOC!D93 -> 4123(5) | C12: =[4]SayfaKOC!E93 -> MB | D12: =[4]SayfaKOC!F93 -> 15435 | E12: =[4]SayfaKOC!G93 -> BOZ-KOC10-FF-092 | F12: =IF(H12="","",INT(H12)) -> 45716 | G12: =IF(H12="","",MOD(H12,1)) -> 0.56302083 | H12: =[4]SayfaKOC!H93 -> 45716.563 | I12: =[4]SayfaKOC!I93 -> Hat/Line | J12: =IF([4]SayfaKOC!J93="Müşteri","Notified by Customer","Notified by Bozankaya") -> Notified by Customer | K12: =VLOOKUP([4]SayfaKOC!L93,Atamalar!$A$10:$B$53,2,FALSE) -> Passenger_Information | L12: =[4]SayfaKOC!X93 -> ATAK ULAŞIM SAN.TİC.LTD.ŞTİ. | M12: =A12&"-"&E12 -> KOC10-BOZ-KOC10-FF-092 | N12: =[4]SayfaKOC!M93 -> SÜRÜCÜ ARKASI LED EKRAN ARIZALI | O12: =[4]SayfaKOC!P93 -> C-Uyarı, sürüş devamlılığı | P12: =[4]SayfaKOC!Q93 -> C(Sisteme etki etmeyen arıza) | Q12: =[4]SayfaKOC!R93 -> N.A(Yaralanma yok) | R12: {=_xlfn.IFS([4]SayfaKOC!U93="Bozankaya","Bozankaya",[4]SayfaKOC!U93="Müşteri","Customer",[4]SayfaKOC!U93="Tedarikçi","Equipment Supplier")} -> Equipment Supplier | S12: =[4]SayfaKOC!GB93 -> GÜÇ SOKETİNDEN ENERJİ ÖLÇÜMÜ YAPILDI VOLTAJ GÖRÜLDÜ, EKİPMAN SSH YEDEK MALZEMEDEN DEĞİŞTİRİLDİ, ÇALIŞIYOR. - GÜÇ SOKETİNDEN ENERJİ ÖLÇÜMÜ YAPILDI VOLTAJ GÖRÜLDÜ, EKİPMAN SSH YEDEK MALZEMEDEN DEĞİŞTİRİLDİ, ÇALIŞIYOR. | T12: =[4]SayfaKOC!AD93 -> Ekipman değiştirilecek | U12: =[4]SayfaKOC!W93 -> Evet | V12: =[4]SayfaKOC!AZ93 -> 1 | W12: =IF(Y12="","",INT(Y12)) -> 45716 | X12: =IF(Y12="","",TEXT(Y12,"ss:dd")) -> 13:40 | Y12: =[4]SayfaKOC!AE93 -> 45716.57 | Z12: =IF(AB12="","",INT(AB12)) -> 45716 | AA12: =IF(AB12="","",TEXT(AB12,"ss:dd")) -> 14:10 | AB12: =[4]SayfaKOC!BA93 -> 45716.59 | AC12: =(AF12-H12)*24*60 -> 39.416667 | AD12: =IF(AF12="","",INT(AF12)) -> 45716 | AE12: =IF(AF12="","",TEXT(AF12,"ss:dd")) -> 14:10 | AF12: =[4]SayfaKOC!BA93 -> 45716.59 | AG12: =[4]SayfaKOC!S93 -> (II) Aynı Araçta Tekrarlayan Arıza | AH12: =IF(P12="A(Hareket etmeyi engelleyen arıza)","Bu Arıza Aracın Servise Verilmesine Engel", IF(P12="B(Servisten çekmeye etki eden arıza)","Bu Arıza Aracın Servise Verilmesine Engel", IF(P12="C(Sisteme etki etmeyen arıza)","Bu Arıza Aracın Servise Verilmesine Engel Değil", IF(P12="D(Arıza Değil)","Bu Arıza Aracın Servise Verilmesine Engel Değil", "Bilinmeyen Durum")))) -> Bu Arıza Aracın Servise Verilmesine Engel Değil | AI12: =[4]SayfaKOC!AV93 -> KOC10-HBR-25-092 | AJ12: =IF(AL12="","",INT(AL12)) | AK12: =IF(AL12="","",TEXT(AL12,"ss:dd")) | AL12: =[4]SayfaKOC!AX93 | AM12: =IF(AND(P12<>"D(Arıza Değil)",AH12="Bu Arıza Aracın Servise Verilmesine Engel Değil"),IF(Z12-F12>0,(AB12-Y12)*24*60,IF(OR(AND(G12>$AS$1,G12<$AT$1),AND(G12>$AU$1,G12<$AV$1)),(AF12-H12)*24*60,0)),AN12) -> 0 | AN12: =IF(P12<>"D(Arıza Değil)",AC12,0) -> 39.416667 | AO12: =[4]SayfaKOC!AG93 -> ATAK ULAŞIM SAN.TİC.LTD.ŞTİ. | AP12: =[4]SayfaKOC!AI93 -> E840-7100 | AQ12: =[4]SayfaKOC!AQ93 -> I100071002 | AR12: =[4]SayfaKOC!AH93 -> SÜRÜCÜ ARKASI LED ERKAN | AS12: =[4]SayfaKOC!AJ93 -> 1 | AT12: =[4]SayfaKOC!GC93 -> - | AU12: =[4]SayfaKOC!AL93 | AV12: =[4]SayfaKOC!AP93 | AW12: =[4]SayfaKOC!AT93 | AX12: =V12*AC12*BC$1 -> 433.58333 | AY12: =[4]SayfaKOC!BF93 -> 14819750 | AZ12: =[4]SayfaKOC!BD93 -> https://www.appsheet.com/Template/gettablefileurl?appname=KOC10_Failure_List-654943&tableName=SAYFA1&filename=Sayfa1_Images%2F14819750.Resim.114645.jpg | BB12: =IF($AQ$1="X", IF(AND(G12>=$AS$1,G12<=$AT$1),IF(P12<>"D(Arıza Değil)",AC12,0), IF(AND(G12>=$AU$1,G12<=$AV$1),IF(P12<>"D(Arıza Değil)",AC12,0), "")), "") | BK12: =[4]SayfaKOC!U93 -> Tedarikçi | BL12: =[4]SayfaKOC!V93 -> ATAK ULAŞIM SAN.TİC.LTD.ŞTİ. | BN12: =IF($AQ$1="X", IF(AND(G12>=$AS$1,G12<=$AT$1),IF(P12<>"D(Arıza Değil",AC12,0),IF(AND(G12>=$AU$1,G12<=$AV$1),IF(P12<>"D:Arıza Değil",AC12,0), "x var")), "x yok") -> x var | BO12: =IF(OR(AND(G12>$AS$1,G12<$AT$1),AND(G12>$AU$1,G12<$AV$1)),"aynı gün giderilen arıza") -> FALSE | BP12: =IF(Z12-F12>0,"Bir günden fazla süren arıza",IF(OR(AND(G12>$AS$1,G12<$AT$1),AND(G12>$AU$1,G12<$AV$1)),"aynı gün giderilen arıza")) -> FALSE | BQ12: =(Y12-H12)*24*60 -> 10.133333 | BR12: =(AB12-Y12)*24*60 -> 29.283333 | BS12: =(AF12-H12)*24*60 -> 39.416667 | BV12: =COUNTIFS(B$5:B$9999,B12,H$5:H$9999,"<="&AF12,AF$5:AF$9999,">="&H12)-1 -> 0 | BW12: =IF(COUNTIFS(B$5:B$9999,B12,H$5:H$9999,"<="&AF12,AF$5:AF$9999,">="&H12)>1,"Evet, çakışma var","Hayır, çakışma yok") -> Hayır, çakışma yok | BY12: =Y12-H12 -> 0.0070370371 | BZ12: =AB12-Y12 -> 0.020335648 | CA12: =AB12-H12 -> 0.027372685 | CE12: 92 | CF12: =H12 -> 45716.563 | CG12: =AB12 -> 45716.59 | CK12: =AB12-Y12 -> 0.020335648 | CL12: =Y12-H12 -> 0.0070370371 | CM12: =AB12-H12 -> 0.027372685 | CQ12: =G12 -> 0.56302083 | CR12: =Y12 -> 45716.57 | CS12: =AB12 -> 45716.59 | CT12: =(CR12-CQ12)*1440 -> 65831050 | CU12: =(CS12-CR12)*1440 -> 29.283333 | CV12: =(CS12-CQ12)*1440 -> 65831079 | CW12: =CT12/CV12 -> 0.99999956
A13: =[4]SayfaKOC!C91 -> KOC10 | B13: =[4]SayfaKOC!D91 -> 4120(2) | C13: =[4]SayfaKOC!E91 -> RA | D13: =[4]SayfaKOC!F91 -> 1221 | E13: =[4]SayfaKOC!G91 -> BOZ-KOC10-FF-090 | F13: =IF(H13="","",INT(H13)) -> 45715 | G13: =IF(H13="","",MOD(H13,1)) -> 0.45876157 | H13: =[4]SayfaKOC!H91 -> 45715.459 | I13: =[4]SayfaKOC!I91 -> Depo/Depot | J13: =IF([4]SayfaKOC!J91="Müşteri","Notified by Customer","Notified by Bozankaya") -> Notified by Bozankaya | K13: =VLOOKUP([4]SayfaKOC!L91,Atamalar!$A$10:$B$53,2,FALSE) -> Passenger_Information | L13: =[4]SayfaKOC!X91 -> ATAK ULAŞIM SAN.TİC.LTD.ŞTİ. | M13: =A13&"-"&E13 -> KOC10-BOZ-KOC10-FF-090 | N13: =[4]SayfaKOC!M91 -> 18,5 İNÇ REKLAM EKRANI ARIZALI | O13: =[4]SayfaKOC!P91 -> C-Uyarı, sürüş devamlılığı | P13: =[4]SayfaKOC!Q91 -> C(Sisteme etki etmeyen arıza) | Q13: =[4]SayfaKOC!R91 -> N.A(Yaralanma yok) | R13: {=_xlfn.IFS([4]SayfaKOC!U91="Bozankaya","Bozankaya",[4]SayfaKOC!U91="Müşteri","Customer",[4]SayfaKOC!U91="Tedarikçi","Equipment Supplier")} -> Equipment Supplier | S13: =[4]SayfaKOC!GB91 -> GÜÇ SOKETİNDEN ÖLÇÜM YAPILDI SORUN OLMADIĞI GÖRÜLDÜ, SSH YEDEK MALZEMEDEN DEĞİŞİMİ SAĞLANDI. - GÜÇ SOKETİNDEN ÖLÇÜM YAPILDI SORUN OLMADIĞI GÖRÜLDÜ, SSH YEDEK MALZEMEDEN DEĞİŞİMİ SAĞLANDI. | T13: =[4]SayfaKOC!AD91 -> Ekipman değiştirilecek | U13: =[4]SayfaKOC!W91 -> Evet | V13: =[4]SayfaKOC!AZ91 -> 2 | W13: =IF(Y13="","",INT(Y13)) -> 45717 | X13: =IF(Y13="","",TEXT(Y13,"ss:dd")) -> 11:10 | Y13: =[4]SayfaKOC!AE91 -> 45717.466 | Z13: =IF(AB13="","",INT(AB13)) -> 45715 | AA13: =IF(AB13="","",TEXT(AB13,"ss:dd")) -> 11:55 | AB13: =[4]SayfaKOC!BA91 -> 45715.497 | AC13: =(AF13-H13)*24*60 -> 54.383333 | AD13: =IF(AF13="","",INT(AF13)) -> 45715 | AE13: =IF(AF13="","",TEXT(AF13,"ss:dd")) -> 11:55 | AF13: =[4]SayfaKOC!BA91 -> 45715.497 | AG13: =[4]SayfaKOC!S91 -> (II) Aynı Araçta Tekrarlayan Arıza | AH13: =IF(P13="A(Hareket etmeyi engelleyen arıza)","Bu Arıza Aracın Servise Verilmesine Engel", IF(P13="B(Servisten çekmeye etki eden arıza)","Bu Arıza Aracın Servise Verilmesine Engel", IF(P13="C(Sisteme etki etmeyen arıza)","Bu Arıza Aracın Servise Verilmesine Engel Değil", IF(P13="D(Arıza Değil)","Bu Arıza Aracın Servise Verilmesine Engel Değil", "Bilinmeyen Durum")))) -> Bu Arıza Aracın Servise Verilmesine Engel Değil | AI13: =[4]SayfaKOC!AV91 -> KOC10-HBR-25-090 | AJ13: =IF(AL13="","",INT(AL13)) | AK13: =IF(AL13="","",TEXT(AL13,"ss:dd")) | AL13: =[4]SayfaKOC!AX91 | AM13: =IF(AND(P13<>"D(Arıza Değil)",AH13="Bu Arıza Aracın Servise Verilmesine Engel Değil"),IF(Z13-F13>0,(AB13-Y13)*24*60,IF(OR(AND(G13>$AS$1,G13<$AT$1),AND(G13>$AU$1,G13<$AV$1)),(AF13-H13)*24*60,0)),AN13) -> 0 | AN13: =IF(P13<>"D(Arıza Değil)",AC13,0) -> 54.383333 | AO13: =[4]SayfaKOC!AG91 -> ATAK ULAŞIM SAN.TİC.LTD.ŞTİ. | AP13: =[4]SayfaKOC!AI91 -> E840-7084 | AQ13: =[4]SayfaKOC!AQ91 -> YAZILACAK | AR13: =[4]SayfaKOC!AH91 -> 18,5 INÇ EKRAN | AS13: =[4]SayfaKOC!AJ91 -> 1 | AT13: =[4]SayfaKOC!GC91 -> - | AU13: =[4]SayfaKOC!AL91 | AV13: =[4]SayfaKOC!AP91 | AW13: =[4]SayfaKOC!AT91 | AX13: =V13*AC13*BC$1 -> 1196.4333 | AY13: =[4]SayfaKOC!BF91 -> 2869544e | AZ13: =[4]SayfaKOC!BD91 -> https://www.appsheet.com/Template/gettablefileurl?appname=KOC10_Failure_List-654943&tableName=SAYFA1&filename=Sayfa1_Images%2F2869544e.Resim.113307.jpg | BB13: =IF($AQ$1="X", IF(AND(G13>=$AS$1,G13<=$AT$1),IF(P13<>"D(Arıza Değil)",AC13,0), IF(AND(G13>=$AU$1,G13<=$AV$1),IF(P13<>"D(Arıza Değil)",AC13,0), "")), "") | BK13: =[4]SayfaKOC!U91 -> Tedarikçi | BL13: =[4]SayfaKOC!V91 -> ATAK ULAŞIM SAN.TİC.LTD.ŞTİ. | BN13: =IF($AQ$1="X", IF(AND(G13>=$AS$1,G13<=$AT$1),IF(P13<>"D(Arıza Değil",AC13,0),IF(AND(G13>=$AU$1,G13<=$AV$1),IF(P13<>"D:Arıza Değil",AC13,0), "x var")), "x yok") -> x var | BO13: =IF(OR(AND(G13>$AS$1,G13<$AT$1),AND(G13>$AU$1,G13<$AV$1)),"aynı gün giderilen arıza") -> FALSE | BP13: =IF(Z13-F13>0,"Bir günden fazla süren arıza",IF(OR(AND(G13>$AS$1,G13<$AT$1),AND(G13>$AU$1,G13<$AV$1)),"aynı gün giderilen arıza")) -> FALSE | BQ13: =(Y13-H13)*24*60 -> 2890.1333 | BR13: =(AB13-Y13)*24*60 -> -2835.75 | BS13: =(AF13-H13)*24*60 -> 54.383333 | BV13: =COUNTIFS(B$5:B$9999,B13,H$5:H$9999,"<="&AF13,AF$5:AF$9999,">="&H13)-1 -> 0 | BW13: =IF(COUNTIFS(B$5:B$9999,B13,H$5:H$9999,"<="&AF13,AF$5:AF$9999,">="&H13)>1,"Evet, çakışma var","Hayır, çakışma yok") -> Hayır, çakışma yok | BY13: =Y13-H13 -> 2.007037 | BZ13: =AB13-Y13 -> -1.9692708 | CA13: =AB13-H13 -> 0.037766204 | CE13: 90 | CF13: =H13 -> 45715.459 | CG13: =AB13 -> 45715.497 | CK13: =AB13-Y13 -> -1.9692708 | CL13: =Y13-H13 -> 2.007037 | CM13: =AB13-H13 -> 0.037766204 | CO13: =AC13 -> 54.383333 | CP13: =CU13/24 -> -118.15625 | CQ13: =G13 -> 0.45876157 | CR13: =Y13 -> 45717.466 | CS13: =AB13 -> 45715.497 | CT13: =(CR13-CQ13)*1440 -> 65832490 | CU13: =(CS13-CR13)*1440 -> -2835.75 | CV13: =(CS13-CQ13)*1440 -> 65829654 | CW13: =CT13/CV13 -> 1.0000431
A14: =[4]SayfaKOC!C90 -> KOC10 | B14: =[4]SayfaKOC!D90 -> 4123(5) | C14: =[4]SayfaKOC!E90 -> MA , MB | D14: =[4]SayfaKOC!F90 -> 15214 | E14: =[4]SayfaKOC!G90 -> BOZ-KOC10-FF-089 | F14: =IF(H14="","",INT(H14)) -> 45713 | G14: =IF(H14="","",MOD(H14,1)) -> 0.38335648 | H14: =[4]SayfaKOC!H90 -> 45713.383 | I14: =[4]SayfaKOC!I90 -> Hat/Line | J14: =IF([4]SayfaKOC!J90="Müşteri","Notified by Customer","Notified by Bozankaya") -> Notified by Bozankaya | K14: =VLOOKUP([4]SayfaKOC!L90,Atamalar!$A$10:$B$53,2,FALSE) -> Passenger_Information | L14: =[4]SayfaKOC!X90 -> ATAK ULAŞIM SAN.TİC.LTD.ŞTİ. | M14: =A14&"-"&E14 -> KOC10-BOZ-KOC10-FF-089 | N14: =[4]SayfaKOC!M90 -> 1-2 ve 11-12 KAPI ÜSTÜ STRETCH LCD EKRANLARIN SİGORTALARI ATIYOR. | O14: =[4]SayfaKOC!P90 -> C-Uyarı, sürüş devamlılığı | P14: =[4]SayfaKOC!Q90 -> C(Sisteme etki etmeyen arıza) | Q14: =[4]SayfaKOC!R90 -> N.A(Yaralanma yok) | R14: {=_xlfn.IFS([4]SayfaKOC!U90="Bozankaya","Bozankaya",[4]SayfaKOC!U90="Müşteri","Customer",[4]SayfaKOC!U90="Tedarikçi","Equipment Supplier")} -> Bozankaya | S14: =[4]SayfaKOC!GB90 -> SİGORTALAR KALDIRILIYOR, FAKAT DURUMU NİHAİ ÇÖZÜME KAVUŞTURMALIYIZ BU SEBEPLE HBR Sİ OLUŞTURULUP İLGİLİ BİRİME İLETİLMELİ. - ATAN SİGORTA SÜRÜCÜ KABİNDEN KALDIRILDI. | T14: =[4]SayfaKOC!AD90 -> Arıza çözülecek | U14: =[4]SayfaKOC!W90 -> Evet | V14: =[4]SayfaKOC!AZ90 -> 1 | W14: =IF(Y14="","",INT(Y14)) -> 45714 | X14: =IF(Y14="","",TEXT(Y14,"ss:dd")) -> 09:15 | Y14: =[4]SayfaKOC!AE90 -> 45714.386 | Z14: =IF(AB14="","",INT(AB14)) -> 45714 | AA14: =IF(AB14="","",TEXT(AB14,"ss:dd")) -> 09:22 | AB14: =[4]SayfaKOC!BA90 -> 45714.391 | AC14: =(AF14-H14)*24*60 -> 1450.7 | AD14: =IF(AF14="","",INT(AF14)) -> 45714 | AE14: =IF(AF14="","",TEXT(AF14,"ss:dd")) -> 09:22 | AF14: =[4]SayfaKOC!BA90 -> 45714.391 | AG14: =[4]SayfaKOC!S90 -> (II) Aynı Araçta Tekrarlayan Arıza | AH14: =IF(P14="A(Hareket etmeyi engelleyen arıza)","Bu Arıza Aracın Servise Verilmesine Engel", IF(P14="B(Servisten çekmeye etki eden arıza)","Bu Arıza Aracın Servise Verilmesine Engel", IF(P14="C(Sisteme etki etmeyen arıza)","Bu Arıza Aracın Servise Verilmesine Engel Değil", IF(P14="D(Arıza Değil)","Bu Arıza Aracın Servise Verilmesine Engel Değil", "Bilinmeyen Durum")))) -> Bu Arıza Aracın Servise Verilmesine Engel Değil | AI14: =[4]SayfaKOC!AV90 -> KOC10-HBR-25-089 | AJ14: =IF(AL14="","",INT(AL14)) | AK14: =IF(AL14="","",TEXT(AL14,"ss:dd")) | AL14: =[4]SayfaKOC!AX90 | AM14: =IF(AND(P14<>"D(Arıza Değil)",AH14="Bu Arıza Aracın Servise Verilmesine Engel Değil"),IF(Z14-F14>0,(AB14-Y14)*24*60,IF(OR(AND(G14>$AS$1,G14<$AT$1),AND(G14>$AU$1,G14<$AV$1)),(AF14-H14)*24*60,0)),AN14) -> 7.1499999 | AN14: =IF(P14<>"D(Arıza Değil)",AC14,0) -> 1450.7 | AO14: =[4]SayfaKOC!AG90 -> ATAK ULAŞIM SAN.TİC.LTD.ŞTİ. | AP14: =[4]SayfaKOC!AI90 -> E410-7003 | AQ14: =[4]SayfaKOC!AQ90 -> - | AR14: =[4]SayfaKOC!AH90 -> STRETCH LCD EKRAN | AS14: =[4]SayfaKOC!AJ90 -> 2 | AT14: =[4]SayfaKOC!GC90 -> - | AU14: =[4]SayfaKOC!AL90 | AV14: =[4]SayfaKOC!AP90 | AW14: =[4]SayfaKOC!AT90 | AX14: =V14*AC14*BC$1 -> 15957.7 | AY14: =[4]SayfaKOC!BF90 -> 8585b05a | AZ14: =[4]SayfaKOC!BD90 -> https://www.appsheet.com/Template/gettablefileurl?appname=KOC10_Failure_List-654943&tableName=SAYFA1&filename=Sayfa1_Images%2F8585b05a.Resim.062018.jpg | BB14: =IF($AQ$1="X", IF(AND(G14>=$AS$1,G14<=$AT$1),IF(P14<>"D(Arıza Değil)",AC14,0), IF(AND(G14>=$AU$1,G14<=$AV$1),IF(P14<>"D(Arıza Değil)",AC14,0), "")), "") | BK14: =[4]SayfaKOC!U90 -> Bozankaya | BL14: =[4]SayfaKOC!V90 -> Üretim | BN14: =IF($AQ$1="X", IF(AND(G14>=$AS$1,G14<=$AT$1),IF(P14<>"D(Arıza Değil",AC14,0),IF(AND(G14>=$AU$1,G14<=$AV$1),IF(P14<>"D:Arıza Değil",AC14,0), "x var")), "x yok") -> x var | BO14: =IF(OR(AND(G14>$AS$1,G14<$AT$1),AND(G14>$AU$1,G14<$AV$1)),"aynı gün giderilen arıza") -> FALSE | BP14: =IF(Z14-F14>0,"Bir günden fazla süren arıza",IF(OR(AND(G14>$AS$1,G14<$AT$1),AND(G14>$AU$1,G14<$AV$1)),"aynı gün giderilen arıza")) -> Bir günden fazla süren arıza | BQ14: =(Y14-H14)*24*60 -> 1443.55 | BR14: =(AB14-Y14)*24*60 -> 7.1499999 | BS14: =(AF14-H14)*24*60 -> 1450.7 | BV14: =COUNTIFS(B$5:B$9999,B14,H$5:H$9999,"<="&AF14,AF$5:AF$9999,">="&H14)-1 -> 0 | BW14: =IF(COUNTIFS(B$5:B$9999,B14,H$5:H$9999,"<="&AF14,AF$5:AF$9999,">="&H14)>1,"Evet, çakışma var","Hayır, çakışma yok") -> Hayır, çakışma yok | BY14: =Y14-H14 -> 1.0024653 | BZ14: =AB14-Y14 -> 0.0049652777 | CA14: =AB14-H14 -> 1.0074306 | CE14: 89 | CF14: =H14 -> 45713.383 | CG14: =AB14 -> 45714.391 | CK14: =AB14-Y14 -> 0.0049652777 | CL14: =Y14-H14 -> 1.0024653 | CM14: =AB14-H14 -> 1.0074306 | CQ14: =G14 -> 0.38335648 | CR14: =Y14 -> 45714.386 | CS14: =AB14 -> 45714.391 | CT14: =(CR14-CQ14)*1440 -> 65828164 | CU14: =(CS14-CR14)*1440 -> 7.1499999 | CV14: =(CS14-CQ14)*1440 -> 65828171 | CW14: =CT14/CV14 -> 0.99999989
A15: =[4]SayfaKOC!C89 -> KOC10 | B15: =[4]SayfaKOC!D89 -> 4120(2) | C15: =[4]SayfaKOC!E89 -> MA | D15: =[4]SayfaKOC!F89 -> 195 | E15: =[4]SayfaKOC!G89 -> BOZ-KOC10-FF-088 | F15: =IF(H15="","",INT(H15)) -> 45681 | G15: =IF(H15="","",MOD(H15,1)) -> 0.43756944 | H15: =[4]SayfaKOC!H89 -> 45681.438 | I15: =[4]SayfaKOC!I89 -> Depo/Depot | J15: =IF([4]SayfaKOC!J89="Müşteri","Notified by Customer","Notified by Bozankaya") -> Notified by Bozankaya | K15: =VLOOKUP([4]SayfaKOC!L89,Atamalar!$A$10:$B$53,2,FALSE) -> Passenger_Information | L15: =[4]SayfaKOC!X89 -> ELTESAN ELEKTRO MEKANİK SOĞUTMA SAN | M15: =A15&"-"&E15 -> KOC10-BOZ-KOC10-FF-088 | N15: =[4]SayfaKOC!M89 -> NVR KAYIT CİHAZININ İGNATİON UCUNUN (JE1023.01) KABİN AKTİFE BAĞLI OLMASI | O15: =[4]SayfaKOC!P89 -> C-Uyarı, sürüş devamlılığı | P15: =[4]SayfaKOC!Q89 -> C(Sisteme etki etmeyen arıza) | Q15: =[4]SayfaKOC!R89 -> N.A(Yaralanma yok) | R15: {=_xlfn.IFS([4]SayfaKOC!U89="Bozankaya","Bozankaya",[4]SayfaKOC!U89="Müşteri","Customer",[4]SayfaKOC!U89="Tedarikçi","Equipment Supplier")} -> Bozankaya | S15: =[4]SayfaKOC!GB89 -> HBR OLUŞTURULARAK İGNATİON UCUNUN (JE1023.01) KABİN AKTİF KISMINDAN ALINIP SÜREKLİ ÇALIŞAN KLEMENS GRUBUNA ALINMASI. - HBR OLUŞTURULARAK İGNATİON UCUNUN (JE1023.01) KABİN AKTİF KISMINDAN ALINIP SÜREKLİ ÇALIŞAN KLEMENS GRUBUNA ALINMASI. | T15: =[4]SayfaKOC!AD89 -> Arıza çözülecek | U15: =[4]SayfaKOC!W89 -> Evet | V15: =[4]SayfaKOC!AZ89 -> 1 | W15: =IF(Y15="","",INT(Y15)) -> 45681 | X15: =IF(Y15="","",TEXT(Y15,"ss:dd")) -> 10:45 | Y15: =[4]SayfaKOC!AE89 -> 45681.448 | Z15: =IF(AB15="","",INT(AB15)) | AA15: =IF(AB15="","",TEXT(AB15,"ss:dd")) | AB15: =[4]SayfaKOC!BA89 | AC15: =(AF15-H15)*24*60 -> #VALUE! | AD15: =IF(AF15="","",INT(AF15)) | AE15: =IF(AF15="","",TEXT(AF15,"ss:dd")) | AF15: =[4]SayfaKOC!BA89 | AG15: =[4]SayfaKOC!S89 -> (I) İlk Defa Karşılaşılan Arıza | AH15: =IF(P15="A(Hareket etmeyi engelleyen arıza)","Bu Arıza Aracın Servise Verilmesine Engel", IF(P15="B(Servisten çekmeye etki eden arıza)","Bu Arıza Aracın Servise Verilmesine Engel", IF(P15="C(Sisteme etki etmeyen arıza)","Bu Arıza Aracın Servise Verilmesine Engel Değil", IF(P15="D(Arıza Değil)","Bu Arıza Aracın Servise Verilmesine Engel Değil", "Bilinmeyen Durum")))) -> Bu Arıza Aracın Servise Verilmesine Engel Değil | AI15: =[4]SayfaKOC!AV89 -> KOC10-HBR-25-088 | AJ15: =IF(AL15="","",INT(AL15)) | AK15: =IF(AL15="","",TEXT(AL15,"ss:dd")) | AL15: =[4]SayfaKOC!AX89 | AM15: =IF(AND(P15<>"D(Arıza Değil)",AH15="Bu Arıza Aracın Servise Verilmesine Engel Değil"),IF(Z15-F15>0,(AB15-Y15)*24*60,IF(OR(AND(G15>$AS$1,G15<$AT$1),AND(G15>$AU$1,G15<$AV$1)),(AF15-H15)*24*60,0)),AN15) -> #VALUE! | AN15: =IF(P15<>"D(Arıza Değil)",AC15,0) -> #VALUE! | AO15: =[4]SayfaKOC!AG89 -> ELTESAN ELEKTRO MEKANİK SOĞUTMA SAN | AP15: =[4]SayfaKOC!AI89 -> 0 | AQ15: =[4]SayfaKOC!AQ89 -> AO-3593738/2210/003 | AR15: =[4]SayfaKOC!AH89 -> 0 | AS15: =[4]SayfaKOC!AJ89 -> 1 | AT15: =[4]SayfaKOC!GC89 -> - | AU15: =[4]SayfaKOC!AL89 | AV15: =[4]SayfaKOC!AP89 | AW15: =[4]SayfaKOC!AT89 | AX15: =V15*AC15*BC$1 -> #VALUE! | AY15: =[4]SayfaKOC!BF89 -> dd5feef8 | AZ15: =[4]SayfaKOC!BD89 -> https://www.appsheet.com/Template/gettablefileurl?appname=KOC10_Failure_List-654943&tableName=SAYFA1&filename=Sayfa1_Images%2Fdd5feef8.Resim.073924.png | BB15: =IF($AQ$1="X", IF(AND(G15>=$AS$1,G15<=$AT$1),IF(P15<>"D(Arıza Değil)",AC15,0), IF(AND(G15>=$AU$1,G15<=$AV$1),IF(P15<>"D(Arıza Değil)",AC15,0), "")), "") | BK15: =[4]SayfaKOC!U89 -> Bozankaya | BL15: =[4]SayfaKOC!V89 -> Üretim | BN15: =IF($AQ$1="X", IF(AND(G15>=$AS$1,G15<=$AT$1),IF(P15<>"D(Arıza Değil",AC15,0),IF(AND(G15>=$AU$1,G15<=$AV$1),IF(P15<>"D:Arıza Değil",AC15,0), "x var")), "x yok") -> x var | BO15: =IF(OR(AND(G15>$AS$1,G15<$AT$1),AND(G15>$AU$1,G15<$AV$1)),"aynı gün giderilen arıza") -> FALSE | BP15: =IF(Z15-F15>0,"Bir günden fazla süren arıza",IF(OR(AND(G15>$AS$1,G15<$AT$1),AND(G15>$AU$1,G15<$AV$1)),"aynı gün giderilen arıza")) -> #VALUE! | BQ15: =(Y15-H15)*24*60 -> 14.933333 | BR15: =(AB15-Y15)*24*60 -> #VALUE! | BS15: =(AF15-H15)*24*60 -> #VALUE! | BV15: =COUNTIFS(B$5:B$9999,B15,H$5:H$9999,"<="&AF15,AF$5:AF$9999,">="&H15)-1 -> -1 | BW15: =IF(COUNTIFS(B$5:B$9999,B15,H$5:H$9999,"<="&AF15,AF$5:AF$9999,">="&H15)>1,"Evet, çakışma var","Hayır, çakışma yok") -> Hayır, çakışma yok | BY15: =Y15-H15 -> 0.01037037 | BZ15: =AB15-Y15 -> #VALUE! | CA15: =AB15-H15 -> #VALUE! | CE15: 88 | CF15: =H15 -> 45681.438 | CG15: =AB15 | CK15: =AB15-Y15 -> #VALUE! | CL15: =Y15-H15 -> 0.01037037 | CM15: =AB15-H15 -> #VALUE! | CQ15: =G15 -> 0.43756944 | CR15: =Y15 -> 45681.448 | CS15: =AB15 | CT15: =(CR15-CQ15)*1440 -> 65780655 | CU15: =(CS15-CR15)*1440 -> #VALUE! | CV15: =(CS15-CQ15)*1440 -> #VALUE! | CW15: =CT15/CV15 -> #VALUE!
A16: =[4]SayfaKOC!C87 -> KOC10 | B16: =[4]SayfaKOC!D87 -> 4122(4) | C16: =[4]SayfaKOC!E87 -> MA | D16: =[4]SayfaKOC!F87 -> 10002 | E16: =[4]SayfaKOC!G87 -> BOZ-KOC10-FF-086 | F16: =IF(H16="","",INT(H16)) -> 45674 | G16: =IF(H16="","",MOD(H16,1)) -> 0.33743056 | H16: =[4]SayfaKOC!H87 -> 45674.337 | I16: =[4]SayfaKOC!I87 -> Depo/Depot | J16: =IF([4]SayfaKOC!J87="Müşteri","Notified by Customer","Notified by Bozankaya") -> Notified by Bozankaya | K16: =VLOOKUP([4]SayfaKOC!L87,Atamalar!$A$10:$B$53,2,FALSE) -> Passenger_Information | L16: =[4]SayfaKOC!X87 -> ATAK ULAŞIM SAN.TİC.LTD.ŞTİ. | M16: =A16&"-"&E16 -> KOC10-BOZ-KOC10-FF-086 | N16: =[4]SayfaKOC!M87 -> 1 NUMARALI KAPI ÜSTÜ STRETCH LCD EKRAN ARIZALI. | O16: =[4]SayfaKOC!P87 -> C-Uyarı, sürüş devamlılığı | P16: =[4]SayfaKOC!Q87 -> C(Sisteme etki etmeyen arıza) | Q16: =[4]SayfaKOC!R87 -> N.A(Yaralanma yok) | R16: {=_xlfn.IFS([4]SayfaKOC!U89="Bozankaya","Bozankaya",[4]SayfaKOC!U89="Müşteri","Customer",[4]SayfaKOC!U89="Tedarikçi","Equipment Supplier")} -> Bozankaya | S16: =[4]SayfaKOC!GB87 -> KABLO ÖLÇÜMÜ YAPILDI, GÜÇ GELİYOR EKRAN ÇALIŞMIYOR. SSH YEDEK MALZEMEDEN DEĞİŞİMİ SAĞLANDI, ÇALIŞIYOR. - KABLO ÖLÇÜMÜ YAPILDI, GÜÇ GELİYOR EKRAN ÇALIŞMIYOR. SSH YEDEK MALZEMEDEN DEĞİŞİMİ SAĞLANDI, ÇALIŞIYOR. | T16: =[4]SayfaKOC!AD87 -> Ekipman değiştirilecek | U16: =[4]SayfaKOC!W87 -> Evet | V16: =[4]SayfaKOC!AZ87 -> 1 | W16: =IF(Y16="","",INT(Y16)) -> 45674 | X16: =IF(Y16="","",TEXT(Y16,"ss:dd")) -> 08:10 | Y16: =[4]SayfaKOC!AE87 -> 45674.341 | Z16: =IF(AB16="","",INT(AB16)) -> 45674 | AA16: =IF(AB16="","",TEXT(AB16,"ss:dd")) -> 08:40 | AB16: =[4]SayfaKOC!BA87 -> 45674.362 | AC16: =(AF16-H16)*24*60 -> 34.85 | AD16: =IF(AF16="","",INT(AF16)) -> 45674 | AE16: =IF(AF16="","",TEXT(AF16,"ss:dd")) -> 08:40 | AF16: =[4]SayfaKOC!BA87 -> 45674.362 | AG16: =[4]SayfaKOC!S87 -> (II) Aynı Araçta Tekrarlayan Arıza | AH16: =IF(P16="A(Hareket etmeyi engelleyen arıza)","Bu Arıza Aracın Servise Verilmesine Engel", IF(P16="B(Servisten çekmeye etki eden arıza)","Bu Arıza Aracın Servise Verilmesine Engel", IF(P16="C(Sisteme etki etmeyen arıza)","Bu Arıza Aracın Servise Verilmesine Engel Değil", IF(P16="D(Arıza Değil)","Bu Arıza Aracın Servise Verilmesine Engel Değil", "Bilinmeyen Durum")))) -> Bu Arıza Aracın Servise Verilmesine Engel Değil | AI16: =[4]SayfaKOC!AV87 | AJ16: =IF(AL16="","",INT(AL16)) | AK16: =IF(AL16="","",TEXT(AL16,"ss:dd")) | AL16: =[4]SayfaKOC!AX87 | AM16: =IF(AND(P16<>"D(Arıza Değil)",AH16="Bu Arıza Aracın Servise Verilmesine Engel Değil"),IF(Z16-F16>0,(AB16-Y16)*24*60,IF(OR(AND(G16>$AS$1,G16<$AT$1),AND(G16>$AU$1,G16<$AV$1)),(AF16-H16)*24*60,0)),AN16) -> 34.85 | AN16: =IF(P16<>"D(Arıza Değil)",AC16,0) -> 34.85 | AO16: =[4]SayfaKOC!AG87 -> ATAK ULAŞIM SAN.TİC.LTD.ŞTİ. | AP16: =[4]SayfaKOC!AI87 -> E410-7003 | AQ16: =[4]SayfaKOC!AQ87 -> 202417040160 | AR16: =[4]SayfaKOC!AH87 -> STRETCH LCD EKRAN | AS16: =[4]SayfaKOC!AJ87 -> 1 | AT16: =[4]SayfaKOC!GC87 -> - | AU16: =[4]SayfaKOC!AL87 | AV16: =[4]SayfaKOC!AP87 | AW16: =[4]SayfaKOC!AT87 | AX16: =V16*AC16*BC$1 -> 383.35 | AY16: =[4]SayfaKOC!BF87 -> 689267dhv | AZ16: =[4]SayfaKOC!BD87 -> https://www.appsheet.com/Template/gettablefileurl?appname=KOC10_Failure_List-654943&tableName=SAYFA1&filename=Sayfa1_Images%2Fe0eb8243.Resim.065505.jpg | BB16: =IF($AQ$1="X", IF(AND(G16>=$AS$1,G16<=$AT$1),IF(P16<>"D(Arıza Değil)",AC16,0), IF(AND(G16>=$AU$1,G16<=$AV$1),IF(P16<>"D(Arıza Değil)",AC16,0), "")), "") -> 34.85 | BK16: =[4]SayfaKOC!U87 -> Tedarikçi | BL16: =[4]SayfaKOC!V87 -> ATAK ULAŞIM SAN.TİC.LTD.ŞTİ. | BN16: =IF($AQ$1="X", IF(AND(G16>=$AS$1,G16<=$AT$1),IF(P16<>"D(Arıza Değil",AC16,0),IF(AND(G16>=$AU$1,G16<=$AV$1),IF(P16<>"D:Arıza Değil",AC16,0), "x var")), "x yok") -> 34.85 | BO16: =IF(OR(AND(G16>$AS$1,G16<$AT$1),AND(G16>$AU$1,G16<$AV$1)),"aynı gün giderilen arıza") -> aynı gün giderilen arıza | BP16: =IF(Z16-F16>0,"Bir günden fazla süren arıza",IF(OR(AND(G16>$AS$1,G16<$AT$1),AND(G16>$AU$1,G16<$AV$1)),"aynı gün giderilen arıza")) -> aynı gün giderilen arıza | BQ16: =(Y16-H16)*24*60 -> 4.55 | BR16: =(AB16-Y16)*24*60 -> 30.3 | BS16: =(AF16-H16)*24*60 -> 34.85 | BV16: =COUNTIFS(B$5:B$9999,B16,H$5:H$9999,"<="&AF16,AF$5:AF$9999,">="&H16)-1 -> 0 | BW16: =IF(COUNTIFS(B$5:B$9999,B16,H$5:H$9999,"<="&AF16,AF$5:AF$9999,">="&H16)>1,"Evet, çakışma var","Hayır, çakışma yok") -> Hayır, çakışma yok | BY16: =Y16-H16 -> 0.0031597222 | BZ16: =AB16-Y16 -> 0.021041667 | CA16: =AB16-H16 -> 0.024201389 | CE16: 86 | CF16: =H16 -> 45674.337 | CG16: =AB16 -> 45674.362 | CK16: =AB16-Y16 -> 0.021041667 | CL16: =Y16-H16 -> 0.0031597222 | CM16: =AB16-H16 -> 0.024201389 | CO16: =AC16 -> 34.85 | CP16: =CU16/24 -> 1.2625 | CQ16: =G16 -> 0.33743056 | CR16: =Y16 -> 45674.341 | CS16: =AB16 -> 45674.362 | CT16: =(CR16-CQ16)*1440 -> 65770565 | CU16: =(CS16-CR16)*1440 -> 30.3 | CV16: =(CS16-CQ16)*1440 -> 65770595 | CW16: =CT16/CV16 -> 0.99999954
A17: =[4]SayfaKOC!C86 -> KOC10 | B17: =[4]SayfaKOC!D86 -> 4120(2) | C17: =[4]SayfaKOC!E86 -> RB | D17: =[4]SayfaKOC!F86 -> 132 | E17: =[4]SayfaKOC!G86 -> BOZ-KOC10-FF-085 | F17: =IF(H17="","",INT(H17)) -> 45673 | G17: =IF(H17="","",MOD(H17,1)) -> 0.5871412 | H17: =[4]SayfaKOC!H86 -> 45673.587 | I17: =[4]SayfaKOC!I86 -> Depo/Depot | J17: =IF([4]SayfaKOC!J86="Müşteri","Notified by Customer","Notified by Bozankaya") -> Notified by Bozankaya | K17: =VLOOKUP([4]SayfaKOC!L86,Atamalar!$A$10:$B$53,2,FALSE) -> Passenger_Information | L17: =[4]SayfaKOC!X86 -> ATAK ULAŞIM SAN.TİC.LTD.ŞTİ. | M17: =A17&"-"&E17 -> KOC10-BOZ-KOC10-FF-085 | N17: =[4]SayfaKOC!M86 -> 10 NUMARALI KAPI ÜSTÜ STRETCH LCD EKRAN ARIZASI | O17: =[4]SayfaKOC!P86 -> C-Uyarı, sürüş devamlılığı | P17: =[4]SayfaKOC!Q86 -> C(Sisteme etki etmeyen arıza) | Q17: =[4]SayfaKOC!R86 -> N.A(Yaralanma yok) | R17: {=_xlfn.IFS([4]SayfaKOC!U86="Bozankaya","Bozankaya",[4]SayfaKOC!U86="Müşteri","Customer",[4]SayfaKOC!U86="Tedarikçi","Equipment Supplier")} -> Equipment Supplier | S17: =[4]SayfaKOC!GB86 -> KABLO ÖLÇÜMÜ YAPILDI GÜÇ GELİYOR EKRAN ÇALIŞMIYOR. SSH YEDEK MALZEMEDEN DEĞİŞİMİ SAĞLANDI ÇALIŞIYOR. - KABLO ÖLÇÜMÜ YAPILDI GÜÇ GELİYOR EKRAN ÇALIŞMIYOR. SSH YEDEK MALZEMEDEN DEĞİŞİMİ SAĞLANDI ÇALIŞIYOR. | T17: =[4]SayfaKOC!AD86 -> Ekipman değiştirilecek | U17: =[4]SayfaKOC!W86 -> Evet | V17: =[4]SayfaKOC!AZ86 -> 1 | W17: =IF(Y17="","",INT(Y17)) -> 45673 | X17: =IF(Y17="","",TEXT(Y17,"ss:dd")) -> 14:15 | Y17: =[4]SayfaKOC!AE86 -> 45673.594 | Z17: =IF(AB17="","",INT(AB17)) -> 45673 | AA17: =IF(AB17="","",TEXT(AB17,"ss:dd")) -> 14:45 | AB17: =[4]SayfaKOC!BA86 -> 45673.615 | AC17: =(AF17-H17)*24*60 -> 40.383333 | AD17: =IF(AF17="","",INT(AF17)) -> 45673 | AE17: =IF(AF17="","",TEXT(AF17,"ss:dd")) -> 14:45 | AF17: =[4]SayfaKOC!BA86 -> 45673.615 | AG17: =[4]SayfaKOC!S86 -> (II) Aynı Araçta Tekrarlayan Arıza | AH17: =IF(P17="A(Hareket etmeyi engelleyen arıza)","Bu Arıza Aracın Servise Verilmesine Engel", IF(P17="B(Servisten çekmeye etki eden arıza)","Bu Arıza Aracın Servise Verilmesine Engel", IF(P17="C(Sisteme etki etmeyen arıza)","Bu Arıza Aracın Servise Verilmesine Engel Değil", IF(P17="D(Arıza Değil)","Bu Arıza Aracın Servise Verilmesine Engel Değil", "Bilinmeyen Durum")))) -> Bu Arıza Aracın Servise Verilmesine Engel Değil | AI17: =[4]SayfaKOC!AV86 | AJ17: =IF(AL17="","",INT(AL17)) | AK17: =IF(AL17="","",TEXT(AL17,"ss:dd")) | AL17: =[4]SayfaKOC!AX86 | AM17: =IF(AND(P17<>"D(Arıza Değil)",AH17="Bu Arıza Aracın Servise Verilmesine Engel Değil"),IF(Z17-F17>0,(AB17-Y17)*24*60,IF(OR(AND(G17>$AS$1,G17<$AT$1),AND(G17>$AU$1,G17<$AV$1)),(AF17-H17)*24*60,0)),AN17) -> 0 | AN17: =IF(P17<>"D(Arıza Değil)",AC17,0) -> 40.383333 | AO17: =[4]SayfaKOC!AG86 -> ATAK ULAŞIM SAN.TİC.LTD.ŞTİ. | AP17: =[4]SayfaKOC!AI86 -> E410-7003 | AQ17: =[4]SayfaKOC!AQ86 -> 202417040175 | AR17: =[4]SayfaKOC!AH86 -> STRETCH LCD EKRAN | AS17: =[4]SayfaKOC!AJ86 -> 1 | AT17: =[4]SayfaKOC!GC86 -> - | AU17: =[4]SayfaKOC!AL86 | AV17: =[4]SayfaKOC!AP86 | AW17: =[4]SayfaKOC!AT86 | AX17: =V17*AC17*BC$1 -> 444.21667 | AY17: =[4]SayfaKOC!BF86 -> 68368gdhb | AZ17: =[4]SayfaKOC!BD86 -> https://www.appsheet.com/Template/gettablefileurl?appname=KOC10_Failure_List-654943&tableName=SAYFA1&filename=Sayfa1_Images%2F959c4dcd.Resim.064314.jpg | BB17: =IF($AQ$1="X", IF(AND(G17>=$AS$1,G17<=$AT$1),IF(P17<>"D(Arıza Değil)",AC17,0), IF(AND(G17>=$AU$1,G17<=$AV$1),IF(P17<>"D(Arıza Değil)",AC17,0), "")), "") | BK17: =[4]SayfaKOC!U86 -> Tedarikçi | BL17: =[4]SayfaKOC!V86 -> ATAK ULAŞIM SAN.TİC.LTD.ŞTİ. | BN17: =IF($AQ$1="X", IF(AND(G17>=$AS$1,G17<=$AT$1),IF(P17<>"D(Arıza Değil",AC17,0),IF(AND(G17>=$AU$1,G17<=$AV$1),IF(P17<>"D:Arıza Değil",AC17,0), "x var")), "x yok") -> x var | BO17: =IF(OR(AND(G17>$AS$1,G17<$AT$1),AND(G17>$AU$1,G17<$AV$1)),"aynı gün giderilen arıza") -> FALSE | BP17: =IF(Z17-F17>0,"Bir günden fazla süren arıza",IF(OR(AND(G17>$AS$1,G17<$AT$1),AND(G17>$AU$1,G17<$AV$1)),"aynı gün giderilen arıza")) -> FALSE | BQ17: =(Y17-H17)*24*60 -> 9.9833334 | BR17: =(AB17-Y17)*24*60 -> 30.4 | BS17: =(AF17-H17)*24*60 -> 40.383333 | BV17: =COUNTIFS(B$5:B$9999,B17,H$5:H$9999,"<="&AF17,AF$5:AF$9999,">="&H17)-1 -> 0 | BW17: =IF(COUNTIFS(B$5:B$9999,B17,H$5:H$9999,"<="&AF17,AF$5:AF$9999,">="&H17)>1,"Evet, çakışma var","Hayır, çakışma yok") -> Hayır, çakışma yok | BY17: =Y17-H17 -> 0.0069328704 | BZ17: =AB17-Y17 -> 0.021111111 | CA17: =AB17-H17 -> 0.028043981 | CE17: 85 | CF17: =H17 -> 45673.587 | CG17: =AB17 -> 45673.615 | CK17: =AB17-Y17 -> 0.021111111 | CL17: =Y17-H17 -> 0.0069328704 | CM17: =AB17-H17 -> 0.028043981 | CO17: =AC17 -> 40.383333 | CP17: =CU17/24 -> 1.2666667 | CQ17: =G17 -> 0.5871412 | CR17: =Y17 -> 45673.594 | CS17: =AB17 -> 45673.615 | CT17: =(CR17-CQ17)*1440 -> 65769130 | CU17: =(CS17-CR17)*1440 -> 30.4 | CV17: =(CS17-CQ17)*1440 -> 65769160 | CW17: =CT17/CV17 -> 0.99999954
A18: =[4]SayfaKOC!C85 -> KOC10 | B18: =[4]SayfaKOC!D85 -> 4122(4) | C18: =[4]SayfaKOC!E85 -> RB | D18: =[4]SayfaKOC!F85 -> 9820 | E18: =[4]SayfaKOC!G85 -> BOZ-KOC10-FF-084 | F18: =IF(H18="","",INT(H18)) -> 45672 | G18: =IF(H18="","",MOD(H18,1)) -> 0.47959491 | H18: =[4]SayfaKOC!H85 -> 45672.48 | I18: =[4]SayfaKOC!I85 -> Depo/Depot | J18: =IF([4]SayfaKOC!J85="Müşteri","Notified by Customer","Notified by Bozankaya") -> Notified by Bozankaya | K18: =VLOOKUP([4]SayfaKOC!L85,Atamalar!$A$10:$B$53,2,FALSE) -> Passenger_Information | L18: =[4]SayfaKOC!X85 -> ATAK ULAŞIM SAN.TİC.LTD.ŞTİ. | M18: =A18&"-"&E18 -> KOC10-BOZ-KOC10-FF-084 | N18: =[4]SayfaKOC!M85 -> RB MODÜL ORTA REKLAM EKRANI KABLOSUNA GÜÇ GELİYOR EKRAN ÇALIŞMIYOR. | O18: =[4]SayfaKOC!P85 -> C-Uyarı, sürüş devamlılığı | P18: =[4]SayfaKOC!Q85 -> C(Sisteme etki etmeyen arıza) | Q18: =[4]SayfaKOC!R85 -> N.A(Yaralanma yok) | R18: {=_xlfn.IFS([4]SayfaKOC!U85="Bozankaya","Bozankaya",[4]SayfaKOC!U85="Müşteri","Customer",[4]SayfaKOC!U85="Tedarikçi","Equipment Supplier")} -> Equipment Supplier | S18: =[4]SayfaKOC!GB85 -> SSH YEDEK MALZEMEDEN DEĞİŞİMİ SAĞLANDI,ÇALIŞIYOR. - SSH YEDEK MALZEMEDEN DEĞİŞİMİ SAĞLANDI,ÇALIŞIYOR. | T18: =[4]SayfaKOC!AD85 -> Ekipman değiştirilecek | U18: =[4]SayfaKOC!W85 -> Evet | V18: =[4]SayfaKOC!AZ85 -> 2 | W18: =IF(Y18="","",INT(Y18)) -> 45672 | X18: =IF(Y18="","",TEXT(Y18,"ss:dd")) -> 11:45 | Y18: =[4]SayfaKOC!AE85 -> 45672.49 | Z18: =IF(AB18="","",INT(AB18)) -> 45672 | AA18: =IF(AB18="","",TEXT(AB18,"ss:dd")) -> 12:45 | AB18: =[4]SayfaKOC!BA85 -> 45672.532 | AC18: =(AF18-H18)*24*60 -> 74.8 | AD18: =IF(AF18="","",INT(AF18)) -> 45672 | AE18: =IF(AF18="","",TEXT(AF18,"ss:dd")) -> 12:45 | AF18: =[4]SayfaKOC!BA85 -> 45672.532 | AG18: =[4]SayfaKOC!S85 -> (II) Aynı Araçta Tekrarlayan Arıza | AH18: =IF(P18="A(Hareket etmeyi engelleyen arıza)","Bu Arıza Aracın Servise Verilmesine Engel", IF(P18="B(Servisten çekmeye etki eden arıza)","Bu Arıza Aracın Servise Verilmesine Engel", IF(P18="C(Sisteme etki etmeyen arıza)","Bu Arıza Aracın Servise Verilmesine Engel Değil", IF(P18="D(Arıza Değil)","Bu Arıza Aracın Servise Verilmesine Engel Değil", "Bilinmeyen Durum")))) -> Bu Arıza Aracın Servise Verilmesine Engel Değil | AI18: =[4]SayfaKOC!AV85 | AJ18: =IF(AL18="","",INT(AL18)) | AK18: =IF(AL18="","",TEXT(AL18,"ss:dd")) | AL18: =[4]SayfaKOC!AX85 | AM18: =IF(AND(P18<>"D(Arıza Değil)",AH18="Bu Arıza Aracın Servise Verilmesine Engel Değil"),IF(Z18-F18>0,(AB18-Y18)*24*60,IF(OR(AND(G18>$AS$1,G18<$AT$1),AND(G18>$AU$1,G18<$AV$1)),(AF18-H18)*24*60,0)),AN18) -> 0 | AN18: =IF(P18<>"D(Arıza Değil)",AC18,0) -> 74.8 | AO18: =[4]SayfaKOC!AG85 -> ATAK ULAŞIM SAN.TİC.LTD.ŞTİ. | AP18: =[4]SayfaKOC!AI85 -> E840-7084 | AQ18: =[4]SayfaKOC!AQ85 -> 202417040159 | AR18: =[4]SayfaKOC!AH85 -> 18,5 INÇ EKRAN | AS18: =[4]SayfaKOC!AJ85 -> 1 | AT18: =[4]SayfaKOC!GC85 -> - | AU18: =[4]SayfaKOC!AL85 | AV18: =[4]SayfaKOC!AP85 | AW18: =[4]SayfaKOC!AT85 | AX18: =V18*AC18*BC$1 -> 1645.6 | AY18: =[4]SayfaKOC!BF85 -> 796gtvd | AZ18: =[4]SayfaKOC!BD85 -> https://www.appsheet.com/Template/gettablefileurl?appname=KOC10_Failure_List-654943&tableName=SAYFA1&filename=Sayfa1_Images%2Fba17a9b0.Resim.063525.jpg | BB18: =IF($AQ$1="X", IF(AND(G18>=$AS$1,G18<=$AT$1),IF(P18<>"D(Arıza Değil)",AC18,0), IF(AND(G18>=$AU$1,G18<=$AV$1),IF(P18<>"D(Arıza Değil)",AC18,0), "")), "") | BK18: =[4]SayfaKOC!U85 -> Tedarikçi | BL18: =[4]SayfaKOC!V85 -> ATAK ULAŞIM SAN.TİC.LTD.ŞTİ. | BN18: =IF($AQ$1="X", IF(AND(G18>=$AS$1,G18<=$AT$1),IF(P18<>"D(Arıza Değil",AC18,0),IF(AND(G18>=$AU$1,G18<=$AV$1),IF(P18<>"D:Arıza Değil",AC18,0), "x var")), "x yok") -> x var | BO18: =IF(OR(AND(G18>$AS$1,G18<$AT$1),AND(G18>$AU$1,G18<$AV$1)),"aynı gün giderilen arıza") -> FALSE | BP18: =IF(Z18-F18>0,"Bir günden fazla süren arıza",IF(OR(AND(G18>$AS$1,G18<$AT$1),AND(G18>$AU$1,G18<$AV$1)),"aynı gün giderilen arıza")) -> FALSE | BQ18: =(Y18-H18)*24*60 -> 15.066667 | BR18: =(AB18-Y18)*24*60 -> 59.733333 | BS18: =(AF18-H18)*24*60 -> 74.8 | BV18: =COUNTIFS(B$5:B$9999,B18,H$5:H$9999,"<="&AF18,AF$5:AF$9999,">="&H18)-1 -> 0 | BW18: =IF(COUNTIFS(B$5:B$9999,B18,H$5:H$9999,"<="&AF18,AF$5:AF$9999,">="&H18)>1,"Evet, çakışma var","Hayır, çakışma yok") -> Hayır, çakışma yok | BY18: =Y18-H18 -> 0.010462963 | BZ18: =AB18-Y18 -> 0.041481482 | CA18: =AB18-H18 -> 0.051944444 | CE18: 84 | CF18: =H18 -> 45672.48 | CG18: =AB18 -> 45672.532 | CK18: =AB18-Y18 -> 0.041481482 | CL18: =Y18-H18 -> 0.010462963 | CM18: =AB18-H18 -> 0.051944444 | CO18: =AC18 -> 74.8 | CP18: =CU18/24 -> 2.4888889 | CQ18: =G18 -> 0.47959491 | CR18: =Y18 -> 45672.49 | CS18: =AB18 -> 45672.532 | CT18: =(CR18-CQ18)*1440 -> 65767695 | CU18: =(CS18-CR18)*1440 -> 59.733333 | CV18: =(CS18-CQ18)*1440 -> 65767755 | CW18: =CT18/CV18 -> 0.99999909
A19: =[4]SayfaKOC!C82 -> KOC10 | B19: =[4]SayfaKOC!D82 -> 4122(4) | C19: =[4]SayfaKOC!E82 -> P | D19: =[4]SayfaKOC!F82 -> 11370 | E19: =[4]SayfaKOC!G82 -> BOZ-KOC10-FF-081 | F19: =IF(H19="","",INT(H19)) -> 45671 | G19: =IF(H19="","",MOD(H19,1)) -> 0.44583333 | H19: =[4]SayfaKOC!H82 -> 45671.446 | I19: =[4]SayfaKOC!I82 -> Hat/Line | J19: =IF([4]SayfaKOC!J82="Müşteri","Notified by Customer","Notified by Bozankaya") -> Notified by Customer | K19: =VLOOKUP([4]SayfaKOC!L82,Atamalar!$A$10:$B$53,2,FALSE) -> Bogie | L19: =[4]SayfaKOC!X82 | M19: =A19&"-"&E19 -> KOC10-BOZ-KOC10-FF-081 | N19: =[4]SayfaKOC!M82 -> P modül çatı tarafında RWN kutusunun altındaki kemer silikon kısmından araç içine su alma | O19: =[4]SayfaKOC!P82 -> C-Uyarı, sürüş devamlılığı | P19: =[4]SayfaKOC!Q82 -> B(Servisten çekmeye etki eden arıza) | Q19: =[4]SayfaKOC!R82 -> N.A(Yaralanma yok) | R19: {=_xlfn.IFS([4]SayfaKOC!U82="Bozankaya","Bozankaya",[4]SayfaKOC!U82="Müşteri","Customer",[4]SayfaKOC!U82="Tedarikçi","Equipment Supplier")} -> Bozankaya | S19: =[4]SayfaKOC!GB82 -> Silikon temin edilerek RWN kutusu sökülüp tekrar silikon çekilecek - | T19: =[4]SayfaKOC!AD82 -> Tamir edilecek | U19: =[4]SayfaKOC!W82 -> Hayır | V19: =[4]SayfaKOC!AZ82 -> 2 | W19: =IF(Y19="","",INT(Y19)) -> 45671 | X19: =IF(Y19="","",TEXT(Y19,"ss:dd")) -> 11:45 | Y19: =[4]SayfaKOC!AE82 -> 45671.49 | Z19: =IF(AB19="","",INT(AB19)) | AA19: =IF(AB19="","",TEXT(AB19,"ss:dd")) | AB19: =[4]SayfaKOC!BA82 | AC19: =(AF19-H19)*24*60 -> #VALUE! | AD19: =IF(AF19="","",INT(AF19)) | AE19: =IF(AF19="","",TEXT(AF19,"ss:dd")) | AF19: =[4]SayfaKOC!BA82 | AG19: =[4]SayfaKOC!S82 -> (I) İlk Defa Karşılaşılan Arıza | AH19: =IF(P19="A(Hareket etmeyi engelleyen arıza)","Bu Arıza Aracın Servise Verilmesine Engel", IF(P19="B(Servisten çekmeye etki eden arıza)","Bu Arıza Aracın Servise Verilmesine Engel", IF(P19="C(Sisteme etki etmeyen arıza)","Bu Arıza Aracın Servise Verilmesine Engel Değil", IF(P19="D(Arıza Değil)","Bu Arıza Aracın Servise Verilmesine Engel Değil", "Bilinmeyen Durum")))) -> Bu Arıza Aracın Servise Verilmesine Engel | AI19: =[4]SayfaKOC!AV82 | AJ19: =IF(AL19="","",INT(AL19)) | AK19: =IF(AL19="","",TEXT(AL19,"ss:dd")) | AL19: =[4]SayfaKOC!AX82 | AM19: =IF(AND(P19<>"D(Arıza Değil)",AH19="Bu Arıza Aracın Servise Verilmesine Engel Değil"),IF(Z19-F19>0,(AB19-Y19)*24*60,IF(OR(AND(G19>$AS$1,G19<$AT$1),AND(G19>$AU$1,G19<$AV$1)),(AF19-H19)*24*60,0)),AN19) -> #VALUE! | AN19: =IF(P19<>"D(Arıza Değil)",AC19,0) -> #VALUE! | AO19: =[4]SayfaKOC!AG82 -> Bozankaya | AP19: =[4]SayfaKOC!AI82 -> G420-0703 | AQ19: =[4]SayfaKOC!AQ82 | AR19: =[4]SayfaKOC!AH82 -> P MODÜL TAVAN KOMPLESİ | AS19: =[4]SayfaKOC!AJ82 -> 1 | AT19: =[4]SayfaKOC!GC82 -> - | AU19: =[4]SayfaKOC!AL82 | AV19: =[4]SayfaKOC!AP82 | AW19: =[4]SayfaKOC!AT82 | AX19: =V19*AC19*BC$1 -> #VALUE! | AY19: =[4]SayfaKOC!BF82 -> 692689gdyv | AZ19: =[4]SayfaKOC!BD82 -> https://www.appsheet.com/Template/gettablefileurl?appname=KOC10_Failure_List-654943&tableName=SAYFA1&filename=Sayfa1_Images%2F932e9f51.Resim.075152.jpg | BB19: =IF($AQ$1="X", IF(AND(G19>=$AS$1,G19<=$AT$1),IF(P19<>"D(Arıza Değil)",AC19,0), IF(AND(G19>=$AU$1,G19<=$AV$1),IF(P19<>"D(Arıza Değil)",AC19,0), "")), "") | BK19: =[4]SayfaKOC!U82 -> Bozankaya | BL19: =[4]SayfaKOC!V82 -> Üretim | BN19: =IF($AQ$1="X", IF(AND(G19>=$AS$1,G19<=$AT$1),IF(P19<>"D(Arıza Değil",AC19,0),IF(AND(G19>=$AU$1,G19<=$AV$1),IF(P19<>"D:Arıza Değil",AC19,0), "x var")), "x yok") -> x var | BO19: =IF(OR(AND(G19>$AS$1,G19<$AT$1),AND(G19>$AU$1,G19<$AV$1)),"aynı gün giderilen arıza") -> FALSE | BP19: =IF(Z19-F19>0,"Bir günden fazla süren arıza",IF(OR(AND(G19>$AS$1,G19<$AT$1),AND(G19>$AU$1,G19<$AV$1)),"aynı gün giderilen arıza")) -> #VALUE! | BQ19: =(Y19-H19)*24*60 -> 63 | BR19: =(AB19-Y19)*24*60 -> #VALUE! | BS19: =(AF19-H19)*24*60 -> #VALUE! | BV19: =COUNTIFS(B$5:B$9999,B19,H$5:H$9999,"<="&AF19,AF$5:AF$9999,">="&H19)-1 -> -1 | BW19: =IF(COUNTIFS(B$5:B$9999,B19,H$5:H$9999,"<="&AF19,AF$5:AF$9999,">="&H19)>1,"Evet, çakışma var","Hayır, çakışma yok") -> Hayır, çakışma yok | BY19: =Y19-H19 -> 0.04375 | BZ19: =AB19-Y19 -> #VALUE! | CA19: =AB19-H19 -> #VALUE! | CE19: 81 | CF19: =H19 -> 45671.446 | CG19: =AB19 | CK19: =AB19-Y19 -> #VALUE! | CL19: =Y19-H19 -> 0.04375 | CM19: =AB19-H19 -> #VALUE! | CO19: =AC19 -> #VALUE! | CP19: =CU19/24 -> #VALUE! | CQ19: =G19 -> 0.44583333 | CR19: =Y19 -> 45671.49 | CS19: =AB19 | CT19: =(CR19-CQ19)*1440 -> 65766303 | CU19: =(CS19-CR19)*1440 -> #VALUE! | CV19: =(CS19-CQ19)*1440 -> #VALUE! | CW19: =CT19/CV19 -> #VALUE!
A20: =[4]SayfaKOC!C83 -> KOC10 | B20: =[4]SayfaKOC!D83 -> 4122(4) | C20: =[4]SayfaKOC!E83 -> MA , MB , P | D20: =[4]SayfaKOC!F83 -> 11370 | E20: =[4]SayfaKOC!G83 -> BOZ-KOC10-FF-082 | F20: =IF(H20="","",INT(H20)) -> 45671 | G20: =IF(H20="","",MOD(H20,1)) -> 0.67957176 | H20: =[4]SayfaKOC!H83 -> 45671.68 | I20: =[4]SayfaKOC!I83 -> Depo/Depot | J20: =IF([4]SayfaKOC!J83="Müşteri","Notified by Customer","Notified by Bozankaya") -> Notified by Bozankaya | K20: =VLOOKUP([4]SayfaKOC!L83,Atamalar!$A$10:$B$53,2,FALSE) -> Emniyet Sistemi | L20: =[4]SayfaKOC!X83 | M20: =A20&"-"&E20 -> KOC10-BOZ-KOC10-FF-082 | N20: =[4]SayfaKOC!M83 -> TCMS ekranına event recorder sinyali gelmemesi | O20: =[4]SayfaKOC!P83 -> C-Uyarı, sürüş devamlılığı | P20: =[4]SayfaKOC!Q83 -> C(Sisteme etki etmeyen arıza) | Q20: =[4]SayfaKOC!R83 -> N.A(Yaralanma yok) | R20: {=_xlfn.IFS([4]SayfaKOC!U83="Bozankaya","Bozankaya",[4]SayfaKOC!U83="Müşteri","Customer",[4]SayfaKOC!U83="Tedarikçi","Equipment Supplier")} -> Bozankaya | S20: =[4]SayfaKOC!GB83 -> HBR oluşturup yayının yapılması - | T20: =[4]SayfaKOC!AD83 -> Arıza çözülecek | U20: =[4]SayfaKOC!W83 | V20: =[4]SayfaKOC!AZ83 -> 1 | W20: =IF(Y20="","",INT(Y20)) -> 45672 | X20: =IF(Y20="","",TEXT(Y20,"ss:dd")) -> 10:30 | Y20: =[4]SayfaKOC!AE83 -> 45672.438 | Z20: =IF(AB20="","",INT(AB20)) | AA20: =IF(AB20="","",TEXT(AB20,"ss:dd")) | AB20: =[4]SayfaKOC!BA83 | AC20: =(AF20-H20)*24*60 -> #VALUE! | AD20: =IF(AF20="","",INT(AF20)) | AE20: =IF(AF20="","",TEXT(AF20,"ss:dd")) | AF20: =[4]SayfaKOC!BA83 | AG20: =[4]SayfaKOC!S83 -> (I) İlk Defa Karşılaşılan Arıza | AH20: =IF(P20="A(Hareket etmeyi engelleyen arıza)","Bu Arıza Aracın Servise Verilmesine Engel", IF(P20="B(Servisten çekmeye etki eden arıza)","Bu Arıza Aracın Servise Verilmesine Engel", IF(P20="C(Sisteme etki etmeyen arıza)","Bu Arıza Aracın Servise Verilmesine Engel Değil", IF(P20="D(Arıza Değil)","Bu Arıza Aracın Servise Verilmesine Engel Değil", "Bilinmeyen Durum")))) -> Bu Arıza Aracın Servise Verilmesine Engel Değil | AI20: =[4]SayfaKOC!AV83 | AJ20: =IF(AL20="","",INT(AL20)) | AK20: =IF(AL20="","",TEXT(AL20,"ss:dd")) | AL20: =[4]SayfaKOC!AX83 | AM20: =IF(AND(P20<>"D(Arıza Değil)",AH20="Bu Arıza Aracın Servise Verilmesine Engel Değil"),IF(Z20-F20>0,(AB20-Y20)*24*60,IF(OR(AND(G20>$AS$1,G20<$AT$1),AND(G20>$AU$1,G20<$AV$1)),(AF20-H20)*24*60,0)),AN20) -> #VALUE! | AN20: =IF(P20<>"D(Arıza Değil)",AC20,0) -> #VALUE! | AO20: =[4]SayfaKOC!AG83 -> Bozankaya | AP20: =[4]SayfaKOC!AI83 -> 0 | AQ20: =[4]SayfaKOC!AQ83 | AR20: =[4]SayfaKOC!AH83 -> 0 | AS20: =[4]SayfaKOC!AJ83 -> 0 | AT20: =[4]SayfaKOC!GC83 -> - | AU20: =[4]SayfaKOC!AL83 | AV20: =[4]SayfaKOC!AP83 | AW20: =[4]SayfaKOC!AT83 | AX20: =V20*AC20*BC$1 -> #VALUE! | AY20: =[4]SayfaKOC!BF83 -> trcrw814 | AZ20: =[4]SayfaKOC!BD83 -> https://www.appsheet.com/Template/gettablefileurl?appname=KOC10_Failure_List-654943&tableName=SAYFA1&filename=Sayfa1_Images%2F3e6d5270.Resim.133335.jpg | BB20: =IF($AQ$1="X", IF(AND(G20>=$AS$1,G20<=$AT$1),IF(P20<>"D(Arıza Değil)",AC20,0), IF(AND(G20>=$AU$1,G20<=$AV$1),IF(P20<>"D(Arıza Değil)",AC20,0), "")), "") | BK20: =[4]SayfaKOC!U83 -> Bozankaya | BL20: =[4]SayfaKOC!V83 -> Fabrika Test | BN20: =IF($AQ$1="X", IF(AND(G20>=$AS$1,G20<=$AT$1),IF(P20<>"D(Arıza Değil",AC20,0),IF(AND(G20>=$AU$1,G20<=$AV$1),IF(P20<>"D:Arıza Değil",AC20,0), "x var")), "x yok") -> x var | BO20: =IF(OR(AND(G20>$AS$1,G20<$AT$1),AND(G20>$AU$1,G20<$AV$1)),"aynı gün giderilen arıza") -> FALSE | BP20: =IF(Z20-F20>0,"Bir günden fazla süren arıza",IF(OR(AND(G20>$AS$1,G20<$AT$1),AND(G20>$AU$1,G20<$AV$1)),"aynı gün giderilen arıza")) -> #VALUE! | BQ20: =(Y20-H20)*24*60 -> 1092.3167 | BR20: =(AB20-Y20)*24*60 -> #VALUE! | BS20: =(AF20-H20)*24*60 -> #VALUE! | BV20: =COUNTIFS(B$5:B$9999,B20,H$5:H$9999,"<="&AF20,AF$5:AF$9999,">="&H20)-1 -> -1 | BW20: =IF(COUNTIFS(B$5:B$9999,B20,H$5:H$9999,"<="&AF20,AF$5:AF$9999,">="&H20)>1,"Evet, çakışma var","Hayır, çakışma yok") -> Hayır, çakışma yok | BY20: =Y20-H20 -> 0.75855324 | BZ20: =AB20-Y20 -> #VALUE! | CA20: =AB20-H20 -> #VALUE! | CE20: 82 | CF20: =H20 -> 45671.68 | CG20: =AB20 | CK20: =AB20-Y20 -> #VALUE! | CL20: =Y20-H20 -> 0.75855324 | CM20: =AB20-H20 -> #VALUE! | CO20: =AC20 -> #VALUE! | CP20: =CU20/24 -> #VALUE! | CQ20: =G20 -> 0.67957176 | CR20: =Y20 -> 45672.438 | CS20: =AB20 | CT20: =(CR20-CQ20)*1440 -> 65767332 | CU20: =(CS20-CR20)*1440 -> #VALUE! | CV20: =(CS20-CQ20)*1440 -> #VALUE! | CW20: =CT20/CV20 -> #VALUE!
A21: =[4]SayfaKOC!C84 -> KOC10 | B21: =[4]SayfaKOC!D84 -> 4123(5) | C21: =[4]SayfaKOC!E84 -> RA | D21: =[4]SayfaKOC!F84 -> 8223 | E21: =[4]SayfaKOC!G84 -> BOZ-KOC10-FF-083 | F21: =IF(H21="","",INT(H21)) -> 45664 | G21: =IF(H21="","",MOD(H21,1)) -> 0.42711806 | H21: =[4]SayfaKOC!H84 -> 45664.427 | I21: =[4]SayfaKOC!I84 -> Depo/Depot | J21: =IF([4]SayfaKOC!J84="Müşteri","Notified by Customer","Notified by Bozankaya") -> Notified by Customer | K21: =VLOOKUP([4]SayfaKOC!L84,Atamalar!$A$10:$B$53,2,FALSE) -> Passenger_Information | L21: =[4]SayfaKOC!X84 -> ATAK ULAŞIM SAN.TİC.LTD.ŞTİ. | M21: =A21&"-"&E21 -> KOC10-BOZ-KOC10-FF-083 | N21: =[4]SayfaKOC!M84 -> 4123(5) NUMARALI TRAMVAYIN RA SALON KAMERANIN CCTV EKRANINDAKİ GÖRÜNTÜDE RENKLER GİTMİŞ. | O21: =[4]SayfaKOC!P84 -> C-Uyarı, sürüş devamlılığı | P21: =[4]SayfaKOC!Q84 -> C(Sisteme etki etmeyen arıza) | Q21: =[4]SayfaKOC!R84 -> N.A(Yaralanma yok) | R21: {=_xlfn.IFS([4]SayfaKOC!U84="Bozankaya","Bozankaya",[4]SayfaKOC!U84="Müşteri","Customer",[4]SayfaKOC!U84="Tedarikçi","Equipment Supplier")} -> Equipment Supplier | S21: =[4]SayfaKOC!GB84 -> SSH YEDEK MALZEMEDEN DEĞİŞİMİ SAĞLANDI. - SSH YEDEK MALZEMEDEN DEĞİŞİMİ SAĞLANDI,ÇALIŞIYOR. | T21: =[4]SayfaKOC!AD84 -> Ekipman değiştirilecek | U21: =[4]SayfaKOC!W84 -> Evet | V21: =[4]SayfaKOC!AZ84 -> 1 | W21: =IF(Y21="","",INT(Y21)) -> 45664 | X21: =IF(Y21="","",TEXT(Y21,"ss:dd")) -> 10:25 | Y21: =[4]SayfaKOC!AE84 -> 45664.434 | Z21: =IF(AB21="","",INT(AB21)) -> 45664 | AA21: =IF(AB21="","",TEXT(AB21,"ss:dd")) -> 10:55 | AB21: =[4]SayfaKOC!BA84 -> 45664.455 | AC21: =(AF21-H21)*24*60 -> 40.75 | AD21: =IF(AF21="","",INT(AF21)) -> 45664 | AE21: =IF(AF21="","",TEXT(AF21,"ss:dd")) -> 10:55 | AF21: =[4]SayfaKOC!BA84 -> 45664.455 | AG21: =[4]SayfaKOC!S84 -> (II) Aynı Araçta Tekrarlayan Arıza | AH21: =IF(P21="A(Hareket etmeyi engelleyen arıza)","Bu Arıza Aracın Servise Verilmesine Engel", IF(P21="B(Servisten çekmeye etki eden arıza)","Bu Arıza Aracın Servise Verilmesine Engel", IF(P21="C(Sisteme etki etmeyen arıza)","Bu Arıza Aracın Servise Verilmesine Engel Değil", IF(P21="D(Arıza Değil)","Bu Arıza Aracın Servise Verilmesine Engel Değil", "Bilinmeyen Durum")))) -> Bu Arıza Aracın Servise Verilmesine Engel Değil | AI21: =[4]SayfaKOC!AV84 | AJ21: =IF(AL21="","",INT(AL21)) | AK21: =IF(AL21="","",TEXT(AL21,"ss:dd")) | AL21: =[4]SayfaKOC!AX84 | AM21: =IF(AND(P21<>"D(Arıza Değil)",AH21="Bu Arıza Aracın Servise Verilmesine Engel Değil"),IF(Z21-F21>0,(AB21-Y21)*24*60,IF(OR(AND(G21>$AS$1,G21<$AT$1),AND(G21>$AU$1,G21<$AV$1)),(AF21-H21)*24*60,0)),AN21) -> 0 | AN21: =IF(P21<>"D(Arıza Değil)",AC21,0) -> 40.75 | AO21: =[4]SayfaKOC!AG84 -> ATAK ULAŞIM SAN.TİC.LTD.ŞTİ. | AP21: =[4]SayfaKOC!AI84 -> E810-7096 | AQ21: =[4]SayfaKOC!AQ84 -> 7H037EBPAG00096 | AR21: =[4]SayfaKOC!AH84 -> ARAÇ İÇİ KAMERA | AS21: =[4]SayfaKOC!AJ84 -> 1 | AT21: =[4]SayfaKOC!GC84 -> - | AU21: =[4]SayfaKOC!AL84 | AV21: =[4]SayfaKOC!AP84 | AW21: =[4]SayfaKOC!AT84 | AX21: =V21*AC21*BC$1 -> 448.25 | AY21: =[4]SayfaKOC!BF84 -> 22hdfyg766 | AZ21: =[4]SayfaKOC!BD84 -> https://www.appsheet.com/Template/gettablefileurl?appname=KOC10_Failure_List-654943&tableName=SAYFA1&filename=Sayfa1_Images%2Fd233b74f.Resim.062101.jpg | BB21: =IF($AQ$1="X", IF(AND(G21>=$AS$1,G21<=$AT$1),IF(P21<>"D(Arıza Değil)",AC21,0), IF(AND(G21>=$AU$1,G21<=$AV$1),IF(P21<>"D(Arıza Değil)",AC21,0), "")), "") | BK21: =[4]SayfaKOC!U84 -> Tedarikçi | BL21: =[4]SayfaKOC!V84 -> ATAK ULAŞIM SAN.TİC.LTD.ŞTİ. | BN21: =IF($AQ$1="X", IF(AND(G21>=$AS$1,G21<=$AT$1),IF(P21<>"D(Arıza Değil",AC21,0),IF(AND(G21>=$AU$1,G21<=$AV$1),IF(P21<>"D:Arıza Değil",AC21,0), "x var")), "x yok") -> x var | BO21: =IF(OR(AND(G21>$AS$1,G21<$AT$1),AND(G21>$AU$1,G21<$AV$1)),"aynı gün giderilen arıza") -> FALSE | BP21: =IF(Z21-F21>0,"Bir günden fazla süren arıza",IF(OR(AND(G21>$AS$1,G21<$AT$1),AND(G21>$AU$1,G21<$AV$1)),"aynı gün giderilen arıza")) -> FALSE | BQ21: =(Y21-H21)*24*60 -> 10.133333 | BR21: =(AB21-Y21)*24*60 -> 30.616667 | BS21: =(AF21-H21)*24*60 -> 40.75 | BV21: =COUNTIFS(B$5:B$9999,B21,H$5:H$9999,"<="&AF21,AF$5:AF$9999,">="&H21)-1 -> 0 | BW21: =IF(COUNTIFS(B$5:B$9999,B21,H$5:H$9999,"<="&AF21,AF$5:AF$9999,">="&H21)>1,"Evet, çakışma var","Hayır, çakışma yok") -> Hayır, çakışma yok | BY21: =Y21-H21 -> 0.007037037 | BZ21: =AB21-Y21 -> 0.021261574 | CA21: =AB21-H21 -> 0.028298611 | CE21: 83 | CF21: =H21 -> 45664.427 | CG21: =AB21 -> 45664.455 | CK21: =AB21-Y21 -> 0.021261574 | CL21: =Y21-H21 -> 0.007037037 | CM21: =AB21-H21 -> 0.028298611 | CO21: =AC21 -> 40.75 | CP21: =CU21/24 -> 1.2756944 | CQ21: =G21 -> 0.42711806 | CR21: =Y21 -> 45664.434 | CS21: =AB21 -> 45664.455 | CT21: =(CR21-CQ21)*1440 -> 65756170 | CU21: =(CS21-CR21)*1440 -> 30.616667 | CV21: =(CS21-CQ21)*1440 -> 65756201 | CW21: =CT21/CV21 -> 0.99999953
A22: =[4]SayfaKOC!C88 -> KOC10 | B22: =[4]SayfaKOC!D88 -> 4120(2) | C22: =[4]SayfaKOC!E88 -> MA | D22: =[4]SayfaKOC!F88 -> 132 | E22: =[4]SayfaKOC!G88 -> BOZ-KOC10-FF-087 | F22: =IF(H22="","",INT(H22)) -> 45659 | G22: =IF(H22="","",MOD(H22,1)) -> 0.39608796 | H22: =[4]SayfaKOC!H88 -> 45659.396 | I22: =[4]SayfaKOC!I88 -> Depo/Depot | J22: =IF([4]SayfaKOC!J88="Müşteri","Notified by Customer","Notified by Bozankaya") -> Notified by Bozankaya | K22: =VLOOKUP([4]SayfaKOC!L88,Atamalar!$A$10:$B$53,2,FALSE) -> Passenger_Information | L22: =[4]SayfaKOC!X88 -> ATAK ULAŞIM SAN.TİC.LTD.ŞTİ. | M22: =A22&"-"&E22 -> KOC10-BOZ-KOC10-FF-087 | N22: =[4]SayfaKOC!M88 -> NVR KAYIT CİHAZININ RJ45 GİRİŞİ ARIZALI | O22: =[4]SayfaKOC!P88 -> C-Uyarı, sürüş devamlılığı | P22: =[4]SayfaKOC!Q88 -> B(Servisten çekmeye etki eden arıza) | Q22: =[4]SayfaKOC!R88 -> N.A(Yaralanma yok) | R22: {=_xlfn.IFS([4]SayfaKOC!U90="Bozankaya","Bozankaya",[4]SayfaKOC!U90="Müşteri","Customer",[4]SayfaKOC!U90="Tedarikçi","Equipment Supplier")} -> Bozankaya | S22: =[4]SayfaKOC!GB88 -> SSH YEDEK MALZEMDEN DEĞİŞİMİ SAĞLANDI. - SSH YEDEK MALZEMDEN DEĞİŞİMİ SAĞLANDI,ÇALIŞIYOR. | T22: =[4]SayfaKOC!AD88 -> Ekipman değiştirilecek | U22: =[4]SayfaKOC!W88 -> Evet | V22: =[4]SayfaKOC!AZ88 -> 2 | W22: =IF(Y22="","",INT(Y22)) -> 45659 | X22: =IF(Y22="","",TEXT(Y22,"ss:dd")) -> 09:45 | Y22: =[4]SayfaKOC!AE88 -> 45659.407 | Z22: =IF(AB22="","",INT(AB22)) -> 45659 | AA22: =IF(AB22="","",TEXT(AB22,"ss:dd")) -> 10:45 | AB22: =[4]SayfaKOC!BA88 -> 45659.448 | AC22: =(AF22-H22)*24*60 -> 75.333333 | AD22: =IF(AF22="","",INT(AF22)) -> 45659 | AE22: =IF(AF22="","",TEXT(AF22,"ss:dd")) -> 10:45 | AF22: =[4]SayfaKOC!BA88 -> 45659.448 | AG22: =[4]SayfaKOC!S88 -> (II) Aynı Araçta Tekrarlayan Arıza | AH22: =IF(P22="A(Hareket etmeyi engelleyen arıza)","Bu Arıza Aracın Servise Verilmesine Engel", IF(P22="B(Servisten çekmeye etki eden arıza)","Bu Arıza Aracın Servise Verilmesine Engel", IF(P22="C(Sisteme etki etmeyen arıza)","Bu Arıza Aracın Servise Verilmesine Engel Değil", IF(P22="D(Arıza Değil)","Bu Arıza Aracın Servise Verilmesine Engel Değil", "Bilinmeyen Durum")))) -> Bu Arıza Aracın Servise Verilmesine Engel | AI22: =[4]SayfaKOC!AV88 -> KOC10-HBR-25-087 | AJ22: =IF(AL22="","",INT(AL22)) | AK22: =IF(AL22="","",TEXT(AL22,"ss:dd")) | AL22: =[4]SayfaKOC!AX88 | AM22: =IF(AND(P22<>"D(Arıza Değil)",AH22="Bu Arıza Aracın Servise Verilmesine Engel Değil"),IF(Z22-F22>0,(AB22-Y22)*24*60,IF(OR(AND(G22>$AS$1,G22<$AT$1),AND(G22>$AU$1,G22<$AV$1)),(AF22-H22)*24*60,0)),AN22) -> 75.333333 | AN22: =IF(P22<>"D(Arıza Değil)",AC22,0) -> 75.333333 | AO22: =[4]SayfaKOC!AG88 -> ATAK ULAŞIM SAN.TİC.LTD.ŞTİ. | AP22: =[4]SayfaKOC!AI88 -> E810-7098 | AQ22: =[4]SayfaKOC!AQ88 -> 9J0A58EPAJ00003 | AR22: =[4]SayfaKOC!AH88 -> MNVR (VİDEO KAYIT CİHAZI) | AS22: =[4]SayfaKOC!AJ88 -> 1 | AT22: =[4]SayfaKOC!GC88 -> - | AU22: =[4]SayfaKOC!AL88 | AV22: =[4]SayfaKOC!AP88 | AW22: =[4]SayfaKOC!AT88 | AX22: =V22*AC22*BC$1 -> 1657.3333 | AY22: =[4]SayfaKOC!BF88 -> 22yhhhw4 | AZ22: =[4]SayfaKOC!BD88 -> https://www.appsheet.com/Template/gettablefileurl?appname=KOC10_Failure_List-654943&tableName=SAYFA1&filename=Sayfa1_Images%2Ff3d86ca8.Resim.070212.jpg | BB22: =IF($AQ$1="X", IF(AND(G22>=$AS$1,G22<=$AT$1),IF(P22<>"D(Arıza Değil)",AC22,0), IF(AND(G22>=$AU$1,G22<=$AV$1),IF(P22<>"D(Arıza Değil)",AC22,0), "")), "") | BK22: =[4]SayfaKOC!U88 -> Tedarikçi | BL22: =[4]SayfaKOC!V88 -> ATAK ULAŞIM SAN.TİC.LTD.ŞTİ. | BN22: =IF($AQ$1="X", IF(AND(G22>=$AS$1,G22<=$AT$1),IF(P22<>"D(Arıza Değil",AC22,0),IF(AND(G22>=$AU$1,G22<=$AV$1),IF(P22<>"D:Arıza Değil",AC22,0), "x var")), "x yok") -> x var | BO22: =IF(OR(AND(G22>$AS$1,G22<$AT$1),AND(G22>$AU$1,G22<$AV$1)),"aynı gün giderilen arıza") -> FALSE | BP22: =IF(Z22-F22>0,"Bir günden fazla süren arıza",IF(OR(AND(G22>$AS$1,G22<$AT$1),AND(G22>$AU$1,G22<$AV$1)),"aynı gün giderilen arıza")) -> FALSE | BQ22: =(Y22-H22)*24*60 -> 15.383333 | BR22: =(AB22-Y22)*24*60 -> 59.95 | BS22: =(AF22-H22)*24*60 -> 75.333333 | BV22: =COUNTIFS(B$5:B$9999,B22,H$5:H$9999,"<="&AF22,AF$5:AF$9999,">="&H22)-1 -> 0 | BW22: =IF(COUNTIFS(B$5:B$9999,B22,H$5:H$9999,"<="&AF22,AF$5:AF$9999,">="&H22)>1,"Evet, çakışma var","Hayır, çakışma yok") -> Hayır, çakışma yok | BY22: =Y22-H22 -> 0.01068287 | BZ22: =AB22-Y22 -> 0.041631944 | CA22: =AB22-H22 -> 0.052314815 | CE22: 87 | CF22: =H22 -> 45659.396 | CG22: =AB22 -> 45659.448 | CK22: =AB22-Y22 -> 0.041631944 | CL22: =Y22-H22 -> 0.01068287 | CM22: =AB22-H22 -> 0.052314815 | CO22: =AC22 -> 75.333333 | CP22: =CU22/24 -> 2.4979167 | CQ22: =G22 -> 0.39608796 | CR22: =Y22 -> 45659.407 | CS22: =AB22 -> 45659.448 | CT22: =(CR22-CQ22)*1440 -> 65748975 | CU22: =(CS22-CR22)*1440 -> 59.95 | CV22: =(CS22-CQ22)*1440 -> 65749035 | CW22: =CT22/CV22 -> 0.99999909
A23: =[4]SayfaKOC!C79 -> KOC10 | B23: =[4]SayfaKOC!D79 -> 4121(3) | C23: =[4]SayfaKOC!E79 -> MB | D23: =[4]SayfaKOC!F79 -> 16976 | E23: =[4]SayfaKOC!G79 -> BOZ-KOC10-FF-078 | F23: =IF(H23="","",INT(H23)) -> 45645 | G23: =IF(H23="","",MOD(H23,1)) -> 0.47916667 | H23: =[4]SayfaKOC!H79 -> 45645.479 | I23: =[4]SayfaKOC!I79 -> Depo/Depot | J23: =IF([4]SayfaKOC!J79="Müşteri","Notified by Customer","Notified by Bozankaya") -> Notified by Customer | K23: =VLOOKUP([4]SayfaKOC!L79,Atamalar!$A$10:$B$53,2,FALSE) -> Brake_System | L23: =[4]SayfaKOC!X79 -> KNORR-BREMSE, SYSTEME FÜR | M23: =A23&"-"&E23 -> KOC10-BOZ-KOC10-FF-078 | N23: =[4]SayfaKOC!M79 -> MB MODÜL YARDIMCI HİDROLİK ÜNİTESİ SÜREKLİ DEVREDE. | O23: =[4]SayfaKOC!P79 -> C-Uyarı, sürüş devamlılığı | P23: =[4]SayfaKOC!Q79 -> B(Servisten çekmeye etki eden arıza) | Q23: =[4]SayfaKOC!R79 -> N.A(Yaralanma yok) | R23: {=_xlfn.IFS([4]SayfaKOC!U79="Bozankaya","Bozankaya",[4]SayfaKOC!U79="Müşteri","Customer",[4]SayfaKOC!U79="Tedarikçi","Equipment Supplier")} -> Equipment Supplier | S23: =[4]SayfaKOC!GB79 -> PROJEDEN KABLO TAKİBİ YAPILDI, FREN PANOSUNDAN YARDIMCI HİDROLİK ÜNİTESİNİN KONNEKTÖRÜNE BUZZER ATILDI. 4120(2) NUMARALI TRAMVAYDAKİ HİDROLİK ÜNİTE İLE DEĞİŞİMİNİ SAĞLADIK FAKAT EKİPMAN TEKRAR SÜREKLİ ÇALIŞMAYA DEVAM ETTİ. KONNEKTÖRDE ÖLÇÜM YAPTIĞIMIZDA ÇOK FAZLA EKSİ GELDİĞİNİ TESPİT ETTİK, ÇALIŞMALARIMIZ DEVAM EDİYOR - Yaptığımız kontroller sonucu spralin yanal stoperin arasında sıkıştığından yardımcı hidrolik besleme kablosu görevini görmemekteydi. Belediyeden tedarik edilen izoleli muf ile kablo sağlamlaştırıldı. Spralin geçmesi gereken güzergah düzeltildi. Sistem şuan aktif bir şekilde çalışıyor. | T23: =[4]SayfaKOC!AD79 -> Arıza çözülecek | U23: =[4]SayfaKOC!W79 -> Evet | V23: =[4]SayfaKOC!AZ79 -> 1 | W23: =IF(Y23="","",INT(Y23)) -> 45647 | X23: =IF(Y23="","",TEXT(Y23,"ss:dd")) -> 11:30 | Y23: =[4]SayfaKOC!AE79 -> 45647.48 | Z23: =IF(AB23="","",INT(AB23)) -> 45651 | AA23: =IF(AB23="","",TEXT(AB23,"ss:dd")) -> 16:30 | AB23: =[4]SayfaKOC!BA79 -> 45651.688 | AC23: =(AF23-H23)*24*60 -> 8940.75 | AD23: =IF(AF23="","",INT(AF23)) -> 45651 | AE23: =IF(AF23="","",TEXT(AF23,"ss:dd")) -> 16:30 | AF23: =[4]SayfaKOC!BA79 -> 45651.688 | AG23: =[4]SayfaKOC!S79 -> (I) İlk Defa Karşılaşılan Arıza | AH23: =IF(P23="A(Hareket etmeyi engelleyen arıza)","Bu Arıza Aracın Servise Verilmesine Engel", IF(P23="B(Servisten çekmeye etki eden arıza)","Bu Arıza Aracın Servise Verilmesine Engel", IF(P23="C(Sisteme etki etmeyen arıza)","Bu Arıza Aracın Servise Verilmesine Engel Değil", IF(P23="D(Arıza Değil)","Bu Arıza Aracın Servise Verilmesine Engel Değil", "Bilinmeyen Durum")))) -> Bu Arıza Aracın Servise Verilmesine Engel | AI23: =[4]SayfaKOC!AV79 | AJ23: =IF(AL23="","",INT(AL23)) | AK23: =IF(AL23="","",TEXT(AL23,"ss:dd")) | AL23: =[4]SayfaKOC!AX79 | AM23: =IF(AND(P23<>"D(Arıza Değil)",AH23="Bu Arıza Aracın Servise Verilmesine Engel Değil"),IF(Z23-F23>0,(AB23-Y23)*24*60,IF(OR(AND(G23>$AS$1,G23<$AT$1),AND(G23>$AU$1,G23<$AV$1)),(AF23-H23)*24*60,0)),AN23) -> 8940.75 | AN23: =IF(P23<>"D(Arıza Değil)",AC23,0) -> 8940.75 | AO23: =[4]SayfaKOC!AG79 -> KNORR-BREMSE, SYSTEME FÜR | AP23: =[4]SayfaKOC!AI79 -> B140-7050 | AQ23: =[4]SayfaKOC!AQ79 | AR23: =[4]SayfaKOC!AH79 -> YARDIMCI HIDROLIK UNITE | AS23: =[4]SayfaKOC!AJ79 -> 1 | AT23: =[4]SayfaKOC!GC79 -> - | AU23: =[4]SayfaKOC!AL79 | AV23: =[4]SayfaKOC!AP79 | AW23: =[4]SayfaKOC!AT79 | AX23: =V23*AC23*BC$1 -> 98348.25 | AY23: =[4]SayfaKOC!BF79 -> 5296dff | AZ23: =[4]SayfaKOC!BD79 -> https://www.appsheet.com/Template/gettablefileurl?appname=KOC10_Failure_List-654943&tableName=SAYFA1&filename=Sayfa1_Images%2F16c955ad.Resim.114455.jpg | BB23: =IF($AQ$1="X", IF(AND(G23>=$AS$1,G23<=$AT$1),IF(P23<>"D(Arıza Değil)",AC23,0), IF(AND(G23>=$AU$1,G23<=$AV$1),IF(P23<>"D(Arıza Değil)",AC23,0), "")), "") | BK23: =[4]SayfaKOC!U79 -> Tedarikçi | BL23: =[4]SayfaKOC!V79 -> KNORR-BREMSE, SYSTEME FÜR | BN23: =IF($AQ$1="X", IF(AND(G23>=$AS$1,G23<=$AT$1),IF(P23<>"D(Arıza Değil",AC23,0),IF(AND(G23>=$AU$1,G23<=$AV$1),IF(P23<>"D:Arıza Değil",AC23,0), "x var")), "x yok") -> x var | BO23: =IF(OR(AND(G23>$AS$1,G23<$AT$1),AND(G23>$AU$1,G23<$AV$1)),"aynı gün giderilen arıza") -> FALSE | BP23: =IF(Z23-F23>0,"Bir günden fazla süren arıza",IF(OR(AND(G23>$AS$1,G23<$AT$1),AND(G23>$AU$1,G23<$AV$1)),"aynı gün giderilen arıza")) -> Bir günden fazla süren arıza | BQ23: =(Y23-H23)*24*60 -> 2880.6333 | BR23: =(AB23-Y23)*24*60 -> 6060.1167 | BS23: =(AF23-H23)*24*60 -> 8940.75 | BV23: =COUNTIFS(B$5:B$9999,B23,H$5:H$9999,"<="&AF23,AF$5:AF$9999,">="&H23)-1 -> 1 | BW23: =IF(COUNTIFS(B$5:B$9999,B23,H$5:H$9999,"<="&AF23,AF$5:AF$9999,">="&H23)>1,"Evet, çakışma var","Hayır, çakışma yok") -> Evet, çakışma var | BY23: =Y23-H23 -> 2.0004398 | BZ23: =AB23-Y23 -> 4.2084144 | CA23: =AB23-H23 -> 6.2088542 | CE23: 78 | CF23: =H23 -> 45645.479 | CG23: =AB23 -> 45651.688 | CK23: =AB23-Y23 -> 4.2084144 | CL23: =Y23-H23 -> 2.0004398 | CM23: =AB23-H23 -> 6.2088542 | CO23: =AC23 -> 8940.75 | CP23: =CU23/24 -> 252.50486 | CQ23: =G23 -> 0.47916667 | CR23: =Y23 -> 45647.48 | CS23: =AB23 -> 45651.688 | CT23: =(CR23-CQ23)*1440 -> 65731681 | CU23: =(CS23-CR23)*1440 -> 6060.1167 | CV23: =(CS23-CQ23)*1440 -> 65737741 | CW23: =CT23/CV23 -> 0.99990781
A24: =[4]SayfaKOC!C81 -> KOC10 | B24: =[4]SayfaKOC!D81 -> 4122(4) | C24: =[4]SayfaKOC!E81 -> MA | D24: =[4]SayfaKOC!F81 -> 9402 | E24: =[4]SayfaKOC!G81 -> BOZ-KOC10-FF-080 | F24: =IF(H24="","",INT(H24)) -> 45645 | G24: =IF(H24="","",MOD(H24,1)) -> 0.43773148 | H24: =[4]SayfaKOC!H81 -> 45645.438 | I24: =[4]SayfaKOC!I81 -> Hat/Line | J24: =IF([4]SayfaKOC!J81="Müşteri","Notified by Customer","Notified by Bozankaya") -> Notified by Customer | K24: =VLOOKUP([4]SayfaKOC!L81,Atamalar!$A$10:$B$53,2,FALSE) -> Traction_Converter | L24: =[4]SayfaKOC!X81 -> MEDCOM SP. Z O.O. | M24: =A24&"-"&E24 -> KOC10-BOZ-KOC10-FF-080 | N24: =[4]SayfaKOC!M81 -> 4122(4) NUMARALI TRAMVAYIN MA MODÜL YARDIMCI GÜÇ(APU) DEVRE DIŞI KALIYOR. | O24: =[4]SayfaKOC!P81 -> B-Hız veya güç azalması | P24: =[4]SayfaKOC!Q81 -> B(Servisten çekmeye etki eden arıza) | Q24: =[4]SayfaKOC!R81 -> N.A(Yaralanma yok) | R24: {=_xlfn.IFS([4]SayfaKOC!U83="Bozankaya","Bozankaya",[4]SayfaKOC!U83="Müşteri","Customer",[4]SayfaKOC!U83="Tedarikçi","Equipment Supplier")} -> Bozankaya | S24: =[4]SayfaKOC!GB81 -> DURUM MİCHAEL A BİLDİRİLDİ YENİ YARDIMCI ÜNİTELERİN(APU) GÖNDERİMİ SAĞLANACAK. - | T24: =[4]SayfaKOC!AD81 -> Ekipman değiştirilecek | U24: =[4]SayfaKOC!W81 -> Evet | V24: =[4]SayfaKOC!AZ81 -> 2 | W24: =IF(Y24="","",INT(Y24)) -> 45646 | X24: =IF(Y24="","",TEXT(Y24,"ss:dd")) -> 11:33 | Y24: =[4]SayfaKOC!AE81 -> 45646.482 | Z24: =IF(AB24="","",INT(AB24)) -> 45659 | AA24: =IF(AB24="","",TEXT(AB24,"ss:dd")) -> 09:17 | AB24: =[4]SayfaKOC!BA81 -> 45659.387 | AC24: =(AF24-H24)*24*60 -> 20087.283 | AD24: =IF(AF24="","",INT(AF24)) -> 45659 | AE24: =IF(AF24="","",TEXT(AF24,"ss:dd")) -> 09:17 | AF24: =[4]SayfaKOC!BA81 -> 45659.387 | AG24: =[4]SayfaKOC!S81 -> (II) Aynı Araçta Tekrarlayan Arıza | AH24: =IF(P24="A(Hareket etmeyi engelleyen arıza)","Bu Arıza Aracın Servise Verilmesine Engel", IF(P24="B(Servisten çekmeye etki eden arıza)","Bu Arıza Aracın Servise Verilmesine Engel", IF(P24="C(Sisteme etki etmeyen arıza)","Bu Arıza Aracın Servise Verilmesine Engel Değil", IF(P24="D(Arıza Değil)","Bu Arıza Aracın Servise Verilmesine Engel Değil", "Bilinmeyen Durum")))) -> Bu Arıza Aracın Servise Verilmesine Engel | AI24: =[4]SayfaKOC!AV81 | AJ24: =IF(AL24="","",INT(AL24)) | AK24: =IF(AL24="","",TEXT(AL24,"ss:dd")) | AL24: =[4]SayfaKOC!AX81 | AM24: =IF(AND(P24<>"D(Arıza Değil)",AH24="Bu Arıza Aracın Servise Verilmesine Engel Değil"),IF(Z24-F24>0,(AB24-Y24)*24*60,IF(OR(AND(G24>$AS$1,G24<$AT$1),AND(G24>$AU$1,G24<$AV$1)),(AF24-H24)*24*60,0)),AN24) -> 20087.283 | AN24: =IF(P24<>"D(Arıza Değil)",AC24,0) -> 20087.283 | AO24: =[4]SayfaKOC!AG81 -> MEDCOM SP. Z O.O. | AP24: =[4]SayfaKOC!AI81 -> P620-7010 | AQ24: =[4]SayfaKOC!AQ81 | AR24: =[4]SayfaKOC!AH81 -> COMBO KUTUSU | AS24: =[4]SayfaKOC!AJ81 -> 1 | AT24: =[4]SayfaKOC!GC81 -> - | AU24: =[4]SayfaKOC!AL81 | AV24: =[4]SayfaKOC!AP81 | AW24: =[4]SayfaKOC!AT81 | AX24: =V24*AC24*BC$1 -> 441920.23 | AY24: =[4]SayfaKOC!BF81 -> 793699hcyg | AZ24: =[4]SayfaKOC!BD81 -> https://www.appsheet.com/Template/gettablefileurl?appname=KOC10_Failure_List-654943&tableName=SAYFA1&filename=Sayfa1_Images%2F4c3e4f07.Resim.123628.jpg | BB24: =IF($AQ$1="X", IF(AND(G24>=$AS$1,G24<=$AT$1),IF(P24<>"D(Arıza Değil)",AC24,0), IF(AND(G24>=$AU$1,G24<=$AV$1),IF(P24<>"D(Arıza Değil)",AC24,0), "")), "") | BK24: =[4]SayfaKOC!U81 -> Tedarikçi | BL24: =[4]SayfaKOC!V81 -> MEDCOM SP. Z O.O. | BN24: =IF($AQ$1="X", IF(AND(G24>=$AS$1,G24<=$AT$1),IF(P24<>"D(Arıza Değil",AC24,0),IF(AND(G24>=$AU$1,G24<=$AV$1),IF(P24<>"D:Arıza Değil",AC24,0), "x var")), "x yok") -> x var | BO24: =IF(OR(AND(G24>$AS$1,G24<$AT$1),AND(G24>$AU$1,G24<$AV$1)),"aynı gün giderilen arıza") -> FALSE | BP24: =IF(Z24-F24>0,"Bir günden fazla süren arıza",IF(OR(AND(G24>$AS$1,G24<$AT$1),AND(G24>$AU$1,G24<$AV$1)),"aynı gün giderilen arıza")) -> Bir günden fazla süren arıza | BQ24: =(Y24-H24)*24*60 -> 1503.25 | BR24: =(AB24-Y24)*24*60 -> 18584.033 | BS24: =(AF24-H24)*24*60 -> 20087.283 | BV24: =COUNTIFS(B$5:B$9999,B24,H$5:H$9999,"<="&AF24,AF$5:AF$9999,">="&H24)-1 -> 0 | BW24: =IF(COUNTIFS(B$5:B$9999,B24,H$5:H$9999,"<="&AF24,AF$5:AF$9999,">="&H24)>1,"Evet, çakışma var","Hayır, çakışma yok") -> Hayır, çakışma yok | BY24: =Y24-H24 -> 1.0439236 | BZ24: =AB24-Y24 -> 12.905579 | CA24: =AB24-H24 -> 13.949502 | CE24: 80 | CF24: =H24 -> 45645.438 | CG24: =AB24 -> 45659.387 | CK24: =AB24-Y24 -> 12.905579 | CL24: =Y24-H24 -> 1.0439236 | CM24: =AB24-H24 -> 13.949502 | CO24: =AC24 -> 20087.283 | CP24: =CU24/24 -> 774.33472 | CQ24: =G24 -> 0.43773148 | CR24: =Y24 -> 45646.482 | CS24: =AB24 -> 45659.387 | CT24: =(CR24-CQ24)*1440 -> 65730303 | CU24: =(CS24-CR24)*1440 -> 18584.033 | CV24: =(CS24-CQ24)*1440 -> 65748887 | CW24: =CT24/CV24 -> 0.99971735
A25: =[4]SayfaKOC!C80 -> KOC10 | B25: =[4]SayfaKOC!D80 -> 4121(3) | C25: =[4]SayfaKOC!E80 -> MA | D25: =[4]SayfaKOC!F80 -> 16976 | E25: =[4]SayfaKOC!G80 -> BOZ-KOC10-FF-079 | F25: =IF(H25="","",INT(H25)) -> 45644 | G25: =IF(H25="","",MOD(H25,1)) -> 0.6671412 | H25: =[4]SayfaKOC!H80 -> 45644.667 | I25: =[4]SayfaKOC!I80 -> Depo/Depot | J25: =IF([4]SayfaKOC!J80="Müşteri","Notified by Customer","Notified by Bozankaya") -> Notified by Customer | K25: =VLOOKUP([4]SayfaKOC!L80,Atamalar!$A$10:$B$53,2,FALSE) -> Traction_Converter | L25: =[4]SayfaKOC!X80 -> MEDCOM SP. Z O.O. | M25: =A25&"-"&E25 -> KOC10-BOZ-KOC10-FF-079 | N25: =[4]SayfaKOC!M80 -> MA COMBO KUTUSU İÇERİSİNDEKİ X302-X301 KLEMENS GRUBU YANMIŞ. | O25: =[4]SayfaKOC!P80 -> B-Hız veya güç azalması | P25: =[4]SayfaKOC!Q80 -> B(Servisten çekmeye etki eden arıza) | Q25: =[4]SayfaKOC!R80 -> N.A(Yaralanma yok) | R25: {=_xlfn.IFS([4]SayfaKOC!U82="Bozankaya","Bozankaya",[4]SayfaKOC!U82="Müşteri","Customer",[4]SayfaKOC!U82="Tedarikçi","Equipment Supplier")} -> Bozankaya | S25: =[4]SayfaKOC!GB80 -> MİCHAEL A BİLDİRİLEREK X302 VE X301 KLEMENSLERİ DEĞİŞTİRİLMİŞTİR. - X302 VE X301 KLEMENS GRUBU MİCHAEL A BİLDİRİLEREK DEĞİŞİMİ SAĞLANMIŞTIR. | T25: =[4]SayfaKOC!AD80 -> Ekipman değiştirilecek | U25: =[4]SayfaKOC!W80 -> Evet | V25: =[4]SayfaKOC!AZ80 -> 2 | W25: =IF(Y25="","",INT(Y25)) -> 45647 | X25: =IF(Y25="","",TEXT(Y25,"ss:dd")) -> 12:00 | Y25: =[4]SayfaKOC!AE80 -> 45647.5 | Z25: =IF(AB25="","",INT(AB25)) -> 45654 | AA25: =IF(AB25="","",TEXT(AB25,"ss:dd")) -> 09:18 | AB25: =[4]SayfaKOC!BA80 -> 45654.388 | AC25: =(AF25-H25)*24*60 -> 13997.633 | AD25: =IF(AF25="","",INT(AF25)) -> 45654 | AE25: =IF(AF25="","",TEXT(AF25,"ss:dd")) -> 09:18 | AF25: =[4]SayfaKOC!BA80 -> 45654.388 | AG25: =[4]SayfaKOC!S80 -> (I) İlk Defa Karşılaşılan Arıza | AH25: =IF(P25="A(Hareket etmeyi engelleyen arıza)","Bu Arıza Aracın Servise Verilmesine Engel", IF(P25="B(Servisten çekmeye etki eden arıza)","Bu Arıza Aracın Servise Verilmesine Engel", IF(P25="C(Sisteme etki etmeyen arıza)","Bu Arıza Aracın Servise Verilmesine Engel Değil", IF(P25="D(Arıza Değil)","Bu Arıza Aracın Servise Verilmesine Engel Değil", "Bilinmeyen Durum")))) -> Bu Arıza Aracın Servise Verilmesine Engel | AI25: =[4]SayfaKOC!AV80 | AJ25: =IF(AL25="","",INT(AL25)) | AK25: =IF(AL25="","",TEXT(AL25,"ss:dd")) | AL25: =[4]SayfaKOC!AX80 | AM25: =IF(AND(P25<>"D(Arıza Değil)",AH25="Bu Arıza Aracın Servise Verilmesine Engel Değil"),IF(Z25-F25>0,(AB25-Y25)*24*60,IF(OR(AND(G25>$AS$1,G25<$AT$1),AND(G25>$AU$1,G25<$AV$1)),(AF25-H25)*24*60,0)),AN25) -> 13997.633 | AN25: =IF(P25<>"D(Arıza Değil)",AC25,0) -> 13997.633 | AO25: =[4]SayfaKOC!AG80 -> MEDCOM SP. Z O.O. | AP25: =[4]SayfaKOC!AI80 -> P620-7010 | AQ25: =[4]SayfaKOC!AQ80 | AR25: =[4]SayfaKOC!AH80 -> COMBO KUTUSU | AS25: =[4]SayfaKOC!AJ80 -> 2 | AT25: =[4]SayfaKOC!GC80 -> - | AU25: =[4]SayfaKOC!AL80 | AV25: =[4]SayfaKOC!AP80 | AW25: =[4]SayfaKOC!AT80 | AX25: =V25*AC25*BC$1 -> 307947.93 | AY25: =[4]SayfaKOC!BF80 -> 68952htdg | AZ25: =[4]SayfaKOC!BD80 -> https://www.appsheet.com/Template/gettablefileurl?appname=KOC10_Failure_List-654943&tableName=SAYFA1&filename=Sayfa1_Images%2F9674a262.Resim.115601.jpg | BB25: =IF($AQ$1="X", IF(AND(G25>=$AS$1,G25<=$AT$1),IF(P25<>"D(Arıza Değil)",AC25,0), IF(AND(G25>=$AU$1,G25<=$AV$1),IF(P25<>"D(Arıza Değil)",AC25,0), "")), "") | BK25: =[4]SayfaKOC!U80 -> Tedarikçi | BL25: =[4]SayfaKOC!V80 -> MEDCOM SP. Z O.O. | BN25: =IF($AQ$1="X", IF(AND(G25>=$AS$1,G25<=$AT$1),IF(P25<>"D(Arıza Değil",AC25,0),IF(AND(G25>=$AU$1,G25<=$AV$1),IF(P25<>"D:Arıza Değil",AC25,0), "x var")), "x yok") -> x var | BO25: =IF(OR(AND(G25>$AS$1,G25<$AT$1),AND(G25>$AU$1,G25<$AV$1)),"aynı gün giderilen arıza") -> FALSE | BP25: =IF(Z25-F25>0,"Bir günden fazla süren arıza",IF(OR(AND(G25>$AS$1,G25<$AT$1),AND(G25>$AU$1,G25<$AV$1)),"aynı gün giderilen arıza")) -> Bir günden fazla süren arıza | BQ25: =(Y25-H25)*24*60 -> 4079.4833 | BR25: =(AB25-Y25)*24*60 -> 9918.15 | BS25: =(AF25-H25)*24*60 -> 13997.633 | BV25: =COUNTIFS(B$5:B$9999,B25,H$5:H$9999,"<="&AF25,AF$5:AF$9999,">="&H25)-1 -> 1 | BW25: =IF(COUNTIFS(B$5:B$9999,B25,H$5:H$9999,"<="&AF25,AF$5:AF$9999,">="&H25)>1,"Evet, çakışma var","Hayır, çakışma yok") -> Evet, çakışma var | BY25: =Y25-H25 -> 2.8329745 | BZ25: =AB25-Y25 -> 6.8876042 | CA25: =AB25-H25 -> 9.7205787 | CE25: 79 | CF25: =H25 -> 45644.667 | CG25: =AB25 -> 45654.388 | CK25: =AB25-Y25 -> 6.8876042 | CL25: =Y25-H25 -> 2.8329745 | CM25: =AB25-H25 -> 9.7205787 | CO25: =AC25 -> 13997.633 | CP25: =CU25/24 -> 413.25625 | CQ25: =G25 -> 0.6671412 | CR25: =Y25 -> 45647.5 | CS25: =AB25 -> 45654.388 | CT25: =(CR25-CQ25)*1440 -> 65731439 | CU25: =(CS25-CR25)*1440 -> 9918.15 | CV25: =(CS25-CQ25)*1440 -> 65741358 | CW25: =CT25/CV25 -> 0.99984913
A26: =[4]SayfaKOC!C78 -> KOC10 | B26: =[4]SayfaKOC!D78 -> 4122(4) | C26: =[4]SayfaKOC!E78 -> MB | D26: =[4]SayfaKOC!F78 -> 9594 | E26: =[4]SayfaKOC!G78 -> BOZ-KOC10-FF-077 | F26: =IF(H26="","",INT(H26)) -> 45641 | G26: =IF(H26="","",MOD(H26,1)) -> 0.47259259 | H26: =[4]SayfaKOC!H78 -> 45641.473 | I26: =[4]SayfaKOC!I78 -> Depo/Depot | J26: =IF([4]SayfaKOC!J78="Müşteri","Notified by Customer","Notified by Bozankaya") -> Notified by Customer | K26: =VLOOKUP([4]SayfaKOC!L78,Atamalar!$A$10:$B$53,2,FALSE) -> Radio | L26: =[4]SayfaKOC!X78 | M26: =A26&"-"&E26 -> KOC10-BOZ-KOC10-FF-077 | N26: =[4]SayfaKOC!M78 -> Aselsan telsiz arızalı | O26: =[4]SayfaKOC!P78 -> C-Uyarı, sürüş devamlılığı | P26: =[4]SayfaKOC!Q78 -> B(Servisten çekmeye etki eden arıza) | Q26: =[4]SayfaKOC!R78 -> N.A(Yaralanma yok) | R26: {=_xlfn.IFS([4]SayfaKOC!U78="Bozankaya","Bozankaya",[4]SayfaKOC!U78="Müşteri","Customer",[4]SayfaKOC!U78="Tedarikçi","Equipment Supplier")} -> Equipment Supplier | S26: =[4]SayfaKOC!GB78 -> Güç kablosu söküldü voltaj ölçümü yapıldı 12,7V olduğu görüldü elimizde yedek olarak kalmadığından 4120(2) numaralı tramvaydan alıp takıldı. - Ekipman 4120(2) numaralı tramvaydan alınıp takılmıştır. | T26: =[4]SayfaKOC!AD78 -> Ekipman değiştirilecek | U26: =[4]SayfaKOC!W78 -> Evet | V26: =[4]SayfaKOC!AZ78 -> 1 | W26: =IF(Y26="","",INT(Y26)) -> 45641 | X26: =IF(Y26="","",TEXT(Y26,"ss:dd")) -> 11:30 | Y26: =[4]SayfaKOC!AE78 -> 45641.479 | Z26: =IF(AB26="","",INT(AB26)) -> 45641 | AA26: =IF(AB26="","",TEXT(AB26,"ss:dd")) -> 12:00 | AB26: =[4]SayfaKOC!BA78 -> 45641.5 | AC26: =(AF26-H26)*24*60 -> 39.466667 | AD26: =IF(AF26="","",INT(AF26)) -> 45641 | AE26: =IF(AF26="","",TEXT(AF26,"ss:dd")) -> 12:00 | AF26: =[4]SayfaKOC!BA78 -> 45641.5 | AG26: =[4]SayfaKOC!S78 -> (III) Farklı Araçlarda Tekrarlayan Arıza | AH26: =IF(P26="A(Hareket etmeyi engelleyen arıza)","Bu Arıza Aracın Servise Verilmesine Engel", IF(P26="B(Servisten çekmeye etki eden arıza)","Bu Arıza Aracın Servise Verilmesine Engel", IF(P26="C(Sisteme etki etmeyen arıza)","Bu Arıza Aracın Servise Verilmesine Engel Değil", IF(P26="D(Arıza Değil)","Bu Arıza Aracın Servise Verilmesine Engel Değil", "Bilinmeyen Durum")))) -> Bu Arıza Aracın Servise Verilmesine Engel | AI26: =[4]SayfaKOC!AV78 | AJ26: =IF(AL26="","",INT(AL26)) | AK26: =IF(AL26="","",TEXT(AL26,"ss:dd")) | AL26: =[4]SayfaKOC!AX78 | AM26: =IF(AND(P26<>"D(Arıza Değil)",AH26="Bu Arıza Aracın Servise Verilmesine Engel Değil"),IF(Z26-F26>0,(AB26-Y26)*24*60,IF(OR(AND(G26>$AS$1,G26<$AT$1),AND(G26>$AU$1,G26<$AV$1)),(AF26-H26)*24*60,0)),AN26) -> 39.466667 | AN26: =IF(P26<>"D(Arıza Değil)",AC26,0) -> 39.466667 | AO26: =[4]SayfaKOC!AG78 -> Bozankaya | AP26: =[4]SayfaKOC!AI78 -> 0 | AQ26: =[4]SayfaKOC!AQ78 | AR26: =[4]SayfaKOC!AH78 -> 0 | AS26: =[4]SayfaKOC!AJ78 -> 1 | AT26: =[4]SayfaKOC!GC78 -> - | AU26: =[4]SayfaKOC!AL78 | AV26: =[4]SayfaKOC!AP78 | AW26: =[4]SayfaKOC!AT78 | AX26: =V26*AC26*BC$1 -> 434.13333 | AY26: =[4]SayfaKOC!BF78 -> 79368vedtyv | AZ26: =[4]SayfaKOC!BD78 -> https://www.appsheet.com/Template/gettablefileurl?appname=KOC10_Failure_List-654943&tableName=SAYFA1&filename=Sayfa1_Images%2F2219d4b6.Resim.121305.jpg | BB26: =IF($AQ$1="X", IF(AND(G26>=$AS$1,G26<=$AT$1),IF(P26<>"D(Arıza Değil)",AC26,0), IF(AND(G26>=$AU$1,G26<=$AV$1),IF(P26<>"D(Arıza Değil)",AC26,0), "")), "") | BK26: =[4]SayfaKOC!U78 -> Tedarikçi | BL26: =[4]SayfaKOC!V78 -> ASELSAN | BN26: =IF($AQ$1="X", IF(AND(G26>=$AS$1,G26<=$AT$1),IF(P26<>"D(Arıza Değil",AC26,0),IF(AND(G26>=$AU$1,G26<=$AV$1),IF(P26<>"D:Arıza Değil",AC26,0), "x var")), "x yok") -> x var | BO26: =IF(OR(AND(G26>$AS$1,G26<$AT$1),AND(G26>$AU$1,G26<$AV$1)),"aynı gün giderilen arıza") -> FALSE | BP26: =IF(Z26-F26>0,"Bir günden fazla süren arıza",IF(OR(AND(G26>$AS$1,G26<$AT$1),AND(G26>$AU$1,G26<$AV$1)),"aynı gün giderilen arıza")) -> FALSE | BQ26: =(Y26-H26)*24*60 -> 9.5166667 | BR26: =(AB26-Y26)*24*60 -> 29.95 | BS26: =(AF26-H26)*24*60 -> 39.466667 | BV26: =COUNTIFS(B$5:B$9999,B26,H$5:H$9999,"<="&AF26,AF$5:AF$9999,">="&H26)-1 -> 0 | BW26: =IF(COUNTIFS(B$5:B$9999,B26,H$5:H$9999,"<="&AF26,AF$5:AF$9999,">="&H26)>1,"Evet, çakışma var","Hayır, çakışma yok") -> Hayır, çakışma yok | BY26: =Y26-H26 -> 0.0066087963 | BZ26: =AB26-Y26 -> 0.020798611 | CA26: =AB26-H26 -> 0.027407407 | CE26: 77 | CF26: =H26 -> 45641.473 | CG26: =AB26 -> 45641.5 | CK26: =AB26-Y26 -> 0.020798611 | CL26: =Y26-H26 -> 0.0066087963 | CM26: =AB26-H26 -> 0.027407407 | CO26: =AC26 -> 39.466667 | CP26: =CU26/24 -> 1.2479167 | CQ26: =G26 -> 0.47259259 | CR26: =Y26 -> 45641.479 | CS26: =AB26 -> 45641.5 | CT26: =(CR26-CQ26)*1440 -> 65723050 | CU26: =(CS26-CR26)*1440 -> 29.95 | CV26: =(CS26-CQ26)*1440 -> 65723079 | CW26: =CT26/CV26 -> 0.99999954
A27: =[4]SayfaKOC!C77 -> KOC10 | B27: =[4]SayfaKOC!D77 -> 4122(4) | C27: =[4]SayfaKOC!E77 -> MA | D27: =[4]SayfaKOC!F77 -> 9594 | E27: =[4]SayfaKOC!G77 -> BOZ-KOC10-FF-076 | F27: =IF(H27="","",INT(H27)) -> 45639 | G27: =IF(H27="","",MOD(H27,1)) -> 0.5708912 | H27: =[4]SayfaKOC!H77 -> 45639.571 | I27: =[4]SayfaKOC!I77 -> Depo/Depot | J27: =IF([4]SayfaKOC!J77="Müşteri","Notified by Customer","Notified by Bozankaya") -> Notified by Bozankaya | K27: =VLOOKUP([4]SayfaKOC!L77,Atamalar!$A$10:$B$53,2,FALSE) -> Passenger_Information | L27: =[4]SayfaKOC!X77 -> ATAK ULAŞIM SAN.TİC.LTD.ŞTİ. | M27: =A27&"-"&E27 -> KOC10-BOZ-KOC10-FF-076 | N27: =[4]SayfaKOC!M77 -> 3 Numaralı kapı üstü stretch lcd ekran arızalı | O27: =[4]SayfaKOC!P77 -> C-Uyarı, sürüş devamlılığı | P27: =[4]SayfaKOC!Q77 -> C(Sisteme etki etmeyen arıza) | Q27: =[4]SayfaKOC!R77 -> N.A(Yaralanma yok) | R27: {=_xlfn.IFS([4]SayfaKOC!U77="Bozankaya","Bozankaya",[4]SayfaKOC!U77="Müşteri","Customer",[4]SayfaKOC!U77="Tedarikçi","Equipment Supplier")} -> Equipment Supplier | S27: =[4]SayfaKOC!GB77 -> SSH yedek malzemesinden değişimi sağlandı, çalışıyor. - Ekipman SSH yedek malzemesinden değiştirildi. | T27: =[4]SayfaKOC!AD77 -> Ekipman değiştirilecek | U27: =[4]SayfaKOC!W77 -> Evet | V27: =[4]SayfaKOC!AZ77 -> 1 | W27: =IF(Y27="","",INT(Y27)) -> 45639 | X27: =IF(Y27="","",TEXT(Y27,"ss:dd")) -> 13:50 | Y27: =[4]SayfaKOC!AE77 -> 45639.577 | Z27: =IF(AB27="","",INT(AB27)) -> 45639 | AA27: =IF(AB27="","",TEXT(AB27,"ss:dd")) -> 14:00 | AB27: =[4]SayfaKOC!BA77 -> 45639.584 | AC27: =(AF27-H27)*24*60 -> 18.683333 | AD27: =IF(AF27="","",INT(AF27)) -> 45639 | AE27: =IF(AF27="","",TEXT(AF27,"ss:dd")) -> 14:00 | AF27: =[4]SayfaKOC!BA77 -> 45639.584 | AG27: =[4]SayfaKOC!S77 -> (II) Aynı Araçta Tekrarlayan Arıza | AH27: =IF(P27="A(Hareket etmeyi engelleyen arıza)","Bu Arıza Aracın Servise Verilmesine Engel", IF(P27="B(Servisten çekmeye etki eden arıza)","Bu Arıza Aracın Servise Verilmesine Engel", IF(P27="C(Sisteme etki etmeyen arıza)","Bu Arıza Aracın Servise Verilmesine Engel Değil", IF(P27="D(Arıza Değil)","Bu Arıza Aracın Servise Verilmesine Engel Değil", "Bilinmeyen Durum")))) -> Bu Arıza Aracın Servise Verilmesine Engel Değil | AI27: =[4]SayfaKOC!AV77 | AJ27: =IF(AL27="","",INT(AL27)) | AK27: =IF(AL27="","",TEXT(AL27,"ss:dd")) | AL27: =[4]SayfaKOC!AX77 | AM27: =IF(AND(P27<>"D(Arıza Değil)",AH27="Bu Arıza Aracın Servise Verilmesine Engel Değil"),IF(Z27-F27>0,(AB27-Y27)*24*60,IF(OR(AND(G27>$AS$1,G27<$AT$1),AND(G27>$AU$1,G27<$AV$1)),(AF27-H27)*24*60,0)),AN27) -> 0 | AN27: =IF(P27<>"D(Arıza Değil)",AC27,0) -> 18.683333 | AO27: =[4]SayfaKOC!AG77 -> ATAK ULAŞIM SAN.TİC.LTD.ŞTİ. | AP27: =[4]SayfaKOC!AI77 -> E410-7003 | AQ27: =[4]SayfaKOC!AQ77 -> 202313020044 | AR27: =[4]SayfaKOC!AH77 -> STRETCH LCD EKRAN | AS27: =[4]SayfaKOC!AJ77 -> 1 | AT27: =[4]SayfaKOC!GC77 -> - | AU27: =[4]SayfaKOC!AL77 | AV27: =[4]SayfaKOC!AP77 | AW27: =[4]SayfaKOC!AT77 | AX27: =V27*AC27*BC$1 -> 205.51667 | AY27: =[4]SayfaKOC!BF77 -> 830ydh4 | AZ27: =[4]SayfaKOC!BD77 -> https://www.appsheet.com/Template/gettablefileurl?appname=KOC10_Failure_List-654943&tableName=SAYFA1&filename=Sayfa1_Images%2F5b3a950b.Resim.121426.jpg | BB27: =IF($AQ$1="X", IF(AND(G27>=$AS$1,G27<=$AT$1),IF(P27<>"D(Arıza Değil)",AC27,0), IF(AND(G27>=$AU$1,G27<=$AV$1),IF(P27<>"D(Arıza Değil)",AC27,0), "")), "") | BK27: =[4]SayfaKOC!U77 -> Tedarikçi | BL27: =[4]SayfaKOC!V77 -> ATAK ULAŞIM SAN.TİC.LTD.ŞTİ. | BN27: =IF($AQ$1="X", IF(AND(G27>=$AS$1,G27<=$AT$1),IF(P27<>"D(Arıza Değil",AC27,0),IF(AND(G27>=$AU$1,G27<=$AV$1),IF(P27<>"D:Arıza Değil",AC27,0), "x var")), "x yok") -> x var | BO27: =IF(OR(AND(G27>$AS$1,G27<$AT$1),AND(G27>$AU$1,G27<$AV$1)),"aynı gün giderilen arıza") -> FALSE | BP27: =IF(Z27-F27>0,"Bir günden fazla süren arıza",IF(OR(AND(G27>$AS$1,G27<$AT$1),AND(G27>$AU$1,G27<$AV$1)),"aynı gün giderilen arıza")) -> FALSE | BQ27: =(Y27-H27)*24*60 -> 8.4500001 | BR27: =(AB27-Y27)*24*60 -> 10.233333 | BS27: =(AF27-H27)*24*60 -> 18.683333 | BV27: =COUNTIFS(B$5:B$9999,B27,H$5:H$9999,"<="&AF27,AF$5:AF$9999,">="&H27)-1 -> 0 | BW27: =IF(COUNTIFS(B$5:B$9999,B27,H$5:H$9999,"<="&AF27,AF$5:AF$9999,">="&H27)>1,"Evet, çakışma var","Hayır, çakışma yok") -> Hayır, çakışma yok | BY27: =Y27-H27 -> 0.0058680556 | BZ27: =AB27-Y27 -> 0.0071064814 | CA27: =AB27-H27 -> 0.012974537 | CE27: 76 | CF27: =H27 -> 45639.571 | CG27: =AB27 -> 45639.584 | CK27: =AB27-Y27 -> 0.0071064814 | CL27: =Y27-H27 -> 0.0058680556 | CM27: =AB27-H27 -> 0.012974537 | CO27: =AC27 -> 18.683333 | CP27: =CU27/24 -> 0.42638888 | CQ27: =G27 -> 0.5708912 | CR27: =Y27 -> 45639.577 | CS27: =AB27 -> 45639.584 | CT27: =(CR27-CQ27)*1440 -> 65720168 | CU27: =(CS27-CR27)*1440 -> 10.233333 | CV27: =(CS27-CQ27)*1440 -> 65720179 | CW27: =CT27/CV27 -> 0.99999984
A28: =[4]SayfaKOC!C76 -> KOC10 | B28: =[4]SayfaKOC!D76 -> 4122(4) | C28: =[4]SayfaKOC!E76 -> MA | D28: =[4]SayfaKOC!F76 -> 6950 | E28: =[4]SayfaKOC!G76 -> BOZ-KOC10-FF-075 | F28: =IF(H28="","",INT(H28)) -> 45636 | G28: =IF(H28="","",MOD(H28,1)) -> 0.40277778 | H28: =[4]SayfaKOC!H76 -> 45636.403 | I28: =[4]SayfaKOC!I76 -> Depo/Depot | J28: =IF([4]SayfaKOC!J76="Müşteri","Notified by Customer","Notified by Bozankaya") -> Notified by Bozankaya | K28: =VLOOKUP([4]SayfaKOC!L76,Atamalar!$A$10:$B$53,2,FALSE) -> Radio | L28: =[4]SayfaKOC!X76 | M28: =A28&"-"&E28 -> KOC10-BOZ-KOC10-FF-075 | N28: =[4]SayfaKOC!M76 -> 4122(4) Ma kabin telsiz çalışmıyor | O28: =[4]SayfaKOC!P76 -> C-Uyarı, sürüş devamlılığı | P28: =[4]SayfaKOC!Q76 -> B(Servisten çekmeye etki eden arıza) | Q28: =[4]SayfaKOC!R76 -> N.A(Yaralanma yok) | R28: {=_xlfn.IFS([4]SayfaKOC!U76="Bozankaya","Bozankaya",[4]SayfaKOC!U76="Müşteri","Customer",[4]SayfaKOC!U76="Tedarikçi","Equipment Supplier")} -> Equipment Supplier | S28: =[4]SayfaKOC!GB76 -> Telsizin güç kablosu söküldü ölçüm yapıldı 24V görüldü ekipman ssh yedek malzemeden değiştirildi çalışıyor - | T28: =[4]SayfaKOC!AD76 -> Ekipman değiştirilecek | U28: =[4]SayfaKOC!W76 -> Evet | V28: =[4]SayfaKOC!AZ76 -> 1 | W28: =IF(Y28="","",INT(Y28)) -> 45636 | X28: =IF(Y28="","",TEXT(Y28,"ss:dd")) -> 09:46 | Y28: =[4]SayfaKOC!AE76 -> 45636.407 | Z28: =IF(AB28="","",INT(AB28)) -> 45636 | AA28: =IF(AB28="","",TEXT(AB28,"ss:dd")) -> 09:50 | AB28: =[4]SayfaKOC!BA76 -> 45636.41 | AC28: =(AF28-H28)*24*60 -> 9.9999999 | AD28: =IF(AF28="","",INT(AF28)) -> 45636 | AE28: =IF(AF28="","",TEXT(AF28,"ss:dd")) -> 09:50 | AF28: =[4]SayfaKOC!BA76 -> 45636.41 | AG28: =[4]SayfaKOC!S76 -> (II) Aynı Araçta Tekrarlayan Arıza | AH28: =IF(P28="A(Hareket etmeyi engelleyen arıza)","Bu Arıza Aracın Servise Verilmesine Engel", IF(P28="B(Servisten çekmeye etki eden arıza)","Bu Arıza Aracın Servise Verilmesine Engel", IF(P28="C(Sisteme etki etmeyen arıza)","Bu Arıza Aracın Servise Verilmesine Engel Değil", IF(P28="D(Arıza Değil)","Bu Arıza Aracın Servise Verilmesine Engel Değil", "Bilinmeyen Durum")))) -> Bu Arıza Aracın Servise Verilmesine Engel | AI28: =[4]SayfaKOC!AV76 | AJ28: =IF(AL28="","",INT(AL28)) | AK28: =IF(AL28="","",TEXT(AL28,"ss:dd")) | AL28: =[4]SayfaKOC!AX76 | AM28: =IF(AND(P28<>"D(Arıza Değil)",AH28="Bu Arıza Aracın Servise Verilmesine Engel Değil"),IF(Z28-F28>0,(AB28-Y28)*24*60,IF(OR(AND(G28>$AS$1,G28<$AT$1),AND(G28>$AU$1,G28<$AV$1)),(AF28-H28)*24*60,0)),AN28) -> 9.9999999 | AN28: =IF(P28<>"D(Arıza Değil)",AC28,0) -> 9.9999999 | AO28: =[4]SayfaKOC!AG76 -> Bozankaya | AP28: =[4]SayfaKOC!AI76 -> 0 | AQ28: =[4]SayfaKOC!AQ76 -> 227928 | AR28: =[4]SayfaKOC!AH76 -> 0 | AS28: =[4]SayfaKOC!AJ76 -> 1 | AT28: =[4]SayfaKOC!GC76 -> - | AU28: =[4]SayfaKOC!AL76 | AV28: =[4]SayfaKOC!AP76 | AW28: =[4]SayfaKOC!AT76 | AX28: =V28*AC28*BC$1 -> 110 | AY28: =[4]SayfaKOC!BF76 -> 523hbdy | AZ28: =[4]SayfaKOC!BD76 -> https://www.appsheet.com/Template/gettablefileurl?appname=KOC10_Failure_List-654943&tableName=SAYFA1&filename=Sayfa1_Images%2Ff1d99284.Resim.065153.jpg | BB28: =IF($AQ$1="X", IF(AND(G28>=$AS$1,G28<=$AT$1),IF(P28<>"D(Arıza Değil)",AC28,0), IF(AND(G28>=$AU$1,G28<=$AV$1),IF(P28<>"D(Arıza Değil)",AC28,0), "")), "") | BK28: =[4]SayfaKOC!U76 -> Tedarikçi | BL28: =[4]SayfaKOC!V76 -> Bozankaya | BN28: =IF($AQ$1="X", IF(AND(G28>=$AS$1,G28<=$AT$1),IF(P28<>"D(Arıza Değil",AC28,0),IF(AND(G28>=$AU$1,G28<=$AV$1),IF(P28<>"D:Arıza Değil",AC28,0), "x var")), "x yok") -> x var | BO28: =IF(OR(AND(G28>$AS$1,G28<$AT$1),AND(G28>$AU$1,G28<$AV$1)),"aynı gün giderilen arıza") -> FALSE | BP28: =IF(Z28-F28>0,"Bir günden fazla süren arıza",IF(OR(AND(G28>$AS$1,G28<$AT$1),AND(G28>$AU$1,G28<$AV$1)),"aynı gün giderilen arıza")) -> FALSE | BQ28: =(Y28-H28)*24*60 -> 6.6666666 | BR28: =(AB28-Y28)*24*60 -> 3.3333333 | BS28: =(AF28-H28)*24*60 -> 9.9999999 | BV28: =COUNTIFS(B$5:B$9999,B28,H$5:H$9999,"<="&AF28,AF$5:AF$9999,">="&H28)-1 -> 0 | BW28: =IF(COUNTIFS(B$5:B$9999,B28,H$5:H$9999,"<="&AF28,AF$5:AF$9999,">="&H28)>1,"Evet, çakışma var","Hayır, çakışma yok") -> Hayır, çakışma yok | BY28: =Y28-H28 -> 0.0046296296 | BZ28: =AB28-Y28 -> 0.0023148148 | CA28: =AB28-H28 -> 0.0069444444 | CE28: 75 | CF28: =H28 -> 45636.403 | CG28: =AB28 -> 45636.41 | CK28: =AB28-Y28 -> 0.0023148148 | CL28: =Y28-H28 -> 0.0046296296 | CM28: =AB28-H28 -> 0.0069444444 | CO28: =AC28 -> 9.9999999 | CP28: =CU28/24 -> 0.13888889 | CQ28: =G28 -> 0.40277778 | CR28: =Y28 -> 45636.407 | CS28: =AB28 -> 45636.41 | CT28: =(CR28-CQ28)*1440 -> 65715847 | CU28: =(CS28-CR28)*1440 -> 3.3333333 | CV28: =(CS28-CQ28)*1440 -> 65715850 | CW28: =CT28/CV28 -> 0.99999995
A29: =[4]SayfaKOC!C75 -> KOC10 | B29: =[4]SayfaKOC!D75 -> 4119(1) | C29: =[4]SayfaKOC!E75 -> MA , MB | D29: =[4]SayfaKOC!F75 -> 12490 | E29: =[4]SayfaKOC!G75 -> BOZ-KOC10-FF-074 | F29: =IF(H29="","",INT(H29)) -> 45635 | G29: =IF(H29="","",MOD(H29,1)) -> 0.58616898 | H29: =[4]SayfaKOC!H75 -> 45635.586 | I29: =[4]SayfaKOC!I75 -> Depo/Depot | J29: =IF([4]SayfaKOC!J75="Müşteri","Notified by Customer","Notified by Bozankaya") -> Notified by Bozankaya | K29: =VLOOKUP([4]SayfaKOC!L75,Atamalar!$A$10:$B$53,2,FALSE) -> Couplers | L29: =[4]SayfaKOC!X75 | M29: =A29&"-"&E29 -> KOC10-BOZ-KOC10-FF-074 | N29: =[4]SayfaKOC!M75 -> Tramvayların komple kapalı olması durumunda Kuplör ıstıcılarının fazla akım çekmesinden kaynaklı akü bitmesi. | O29: =[4]SayfaKOC!P75 -> C-Uyarı, sürüş devamlılığı | P29: =[4]SayfaKOC!Q75 -> C(Sisteme etki etmeyen arıza) | Q29: =[4]SayfaKOC!R75 -> N.A(Yaralanma yok) | R29: {=_xlfn.IFS([4]SayfaKOC!U75="Bozankaya","Bozankaya",[4]SayfaKOC!U75="Müşteri","Customer",[4]SayfaKOC!U75="Tedarikçi","Equipment Supplier")} -> Bozankaya | S29: =[4]SayfaKOC!GB75 -> HBR oluşturup revizyon yapılması. - Revizyon talimatını beklemek. | T29: =[4]SayfaKOC!AD75 -> Arıza çözülecek | U29: =[4]SayfaKOC!W75 -> Evet | V29: =[4]SayfaKOC!AZ75 -> 1 | W29: =IF(Y29="","",INT(Y29)) -> 45635 | X29: =IF(Y29="","",TEXT(Y29,"ss:dd")) -> 14:15 | Y29: =[4]SayfaKOC!AE75 -> 45635.594 | Z29: =IF(AB29="","",INT(AB29)) | AA29: =IF(AB29="","",TEXT(AB29,"ss:dd")) | AB29: =[4]SayfaKOC!BA75 | AC29: =(AF29-H29)*24*60 -> #VALUE! | AD29: =IF(AF29="","",INT(AF29)) | AE29: =IF(AF29="","",TEXT(AF29,"ss:dd")) | AF29: =[4]SayfaKOC!BA75 | AG29: =[4]SayfaKOC!S75 -> (I) İlk Defa Karşılaşılan Arıza | AH29: =IF(P29="A(Hareket etmeyi engelleyen arıza)","Bu Arıza Aracın Servise Verilmesine Engel", IF(P29="B(Servisten çekmeye etki eden arıza)","Bu Arıza Aracın Servise Verilmesine Engel", IF(P29="C(Sisteme etki etmeyen arıza)","Bu Arıza Aracın Servise Verilmesine Engel Değil", IF(P29="D(Arıza Değil)","Bu Arıza Aracın Servise Verilmesine Engel Değil", "Bilinmeyen Durum")))) -> Bu Arıza Aracın Servise Verilmesine Engel Değil | AI29: =[4]SayfaKOC!AV75 | AJ29: =IF(AL29="","",INT(AL29)) | AK29: =IF(AL29="","",TEXT(AL29,"ss:dd")) | AL29: =[4]SayfaKOC!AX75 | AM29: =IF(AND(P29<>"D(Arıza Değil)",AH29="Bu Arıza Aracın Servise Verilmesine Engel Değil"),IF(Z29-F29>0,(AB29-Y29)*24*60,IF(OR(AND(G29>$AS$1,G29<$AT$1),AND(G29>$AU$1,G29<$AV$1)),(AF29-H29)*24*60,0)),AN29) -> #VALUE! | AN29: =IF(P29<>"D(Arıza Değil)",AC29,0) -> #VALUE! | AO29: =[4]SayfaKOC!AG75 -> Bozankaya | AP29: =[4]SayfaKOC!AI75 -> 0 | AQ29: =[4]SayfaKOC!AQ75 | AR29: =[4]SayfaKOC!AH75 -> 0 | AS29: =[4]SayfaKOC!AJ75 -> 2 | AT29: =[4]SayfaKOC!GC75 -> - | AU29: =[4]SayfaKOC!AL75 | AV29: =[4]SayfaKOC!AP75 | AW29: =[4]SayfaKOC!AT75 | AX29: =V29*AC29*BC$1 -> #VALUE! | AY29: =[4]SayfaKOC!BF75 -> 870sfs | AZ29: =[4]SayfaKOC!BD75 -> https://www.appsheet.com/Template/gettablefileurl?appname=KOC10_Failure_List-654943&tableName=SAYFA1&filename=Sayfa1_Images%2F43500271.Resim.112650.jpg | BB29: =IF($AQ$1="X", IF(AND(G29>=$AS$1,G29<=$AT$1),IF(P29<>"D(Arıza Değil)",AC29,0), IF(AND(G29>=$AU$1,G29<=$AV$1),IF(P29<>"D(Arıza Değil)",AC29,0), "")), "") | BK29: =[4]SayfaKOC!U75 -> Bozankaya | BL29: =[4]SayfaKOC!V75 -> Üretim | BN29: =IF($AQ$1="X", IF(AND(G29>=$AS$1,G29<=$AT$1),IF(P29<>"D(Arıza Değil",AC29,0),IF(AND(G29>=$AU$1,G29<=$AV$1),IF(P29<>"D:Arıza Değil",AC29,0), "x var")), "x yok") -> x var | BO29: =IF(OR(AND(G29>$AS$1,G29<$AT$1),AND(G29>$AU$1,G29<$AV$1)),"aynı gün giderilen arıza") -> FALSE | BP29: =IF(Z29-F29>0,"Bir günden fazla süren arıza",IF(OR(AND(G29>$AS$1,G29<$AT$1),AND(G29>$AU$1,G29<$AV$1)),"aynı gün giderilen arıza")) -> #VALUE! | BQ29: =(Y29-H29)*24*60 -> 11.466667 | BR29: =(AB29-Y29)*24*60 -> #VALUE! | BS29: =(AF29-H29)*24*60 -> #VALUE! | BV29: =COUNTIFS(B$5:B$9999,B29,H$5:H$9999,"<="&AF29,AF$5:AF$9999,">="&H29)-1 -> -1 | BW29: =IF(COUNTIFS(B$5:B$9999,B29,H$5:H$9999,"<="&AF29,AF$5:AF$9999,">="&H29)>1,"Evet, çakışma var","Hayır, çakışma yok") -> Hayır, çakışma yok | BY29: =Y29-H29 -> 0.0079629629 | BZ29: =AB29-Y29 -> #VALUE! | CA29: =AB29-H29 -> #VALUE! | CE29: 74 | CF29: =H29 -> 45635.586 | CG29: =AB29 | CK29: =AB29-Y29 -> #VALUE! | CL29: =Y29-H29 -> 0.0079629629 | CM29: =AB29-H29 -> #VALUE! | CO29: =AC29 -> #VALUE! | CP29: =CU29/24 -> #VALUE! | CQ29: =G29 -> 0.58616898 | CR29: =Y29 -> 45635.594 | CS29: =AB29 | CT29: =(CR29-CQ29)*1440 -> 65714411 | CU29: =(CS29-CR29)*1440 -> #VALUE! | CV29: =(CS29-CQ29)*1440 -> #VALUE! | CW29: =CT29/CV29 -> #VALUE!
A30: =[4]SayfaKOC!C69 -> KOC10 | B30: =[4]SayfaKOC!D69 -> 4120(2) | C30: =[4]SayfaKOC!E69 -> MB | D30: =[4]SayfaKOC!F69 -> 95 | E30: =[4]SayfaKOC!G69 -> BOZ-KOC10-FF-068 | F30: =IF(H30="","",INT(H30)) -> 45625 | G30: =IF(H30="","",MOD(H30,1)) -> 0.46592593 | H30: =[4]SayfaKOC!H69 -> 45625.466 | I30: =[4]SayfaKOC!I69 -> Depo/Depot | J30: =IF([4]SayfaKOC!J69="Müşteri","Notified by Customer","Notified by Bozankaya") -> Notified by Bozankaya | K30: =VLOOKUP([4]SayfaKOC!L69,Atamalar!$A$10:$B$53,2,FALSE) -> Passenger_Information | L30: =[4]SayfaKOC!X69 -> ATAK ULAŞIM SAN.TİC.LTD.ŞTİ. | M30: =A30&"-"&E30 -> KOC10-BOZ-KOC10-FF-068 | N30: =[4]SayfaKOC!M69 -> 4120(2) Numaralı tramvayın sürücü kabin B araç üstü iş istasyonu arızalanmış. | O30: =[4]SayfaKOC!P69 -> C-Uyarı, sürüş devamlılığı | P30: =[4]SayfaKOC!Q69 -> C(Sisteme etki etmeyen arıza) | Q30: =[4]SayfaKOC!R69 -> N.A(Yaralanma yok) | R30: {=_xlfn.IFS([4]SayfaKOC!U71="Bozankaya","Bozankaya",[4]SayfaKOC!U71="Müşteri","Customer",[4]SayfaKOC!U71="Tedarikçi","Equipment Supplier")} -> Bozankaya | S30: =[4]SayfaKOC!GB69 -> Araç üstü iş istasyonu söküldü, güç kablosundan ölçüm yapıldı kablosal bir sıkıntı olmadığı görülerek ekipman ssh yedek malzemeden değiştirildi. - Araç üstü iş istasyonu söküldü, güç kablosundan ölçüm yapıldı kablosal bir sıkıntı olmadığı görülerek ekipman ssh yedek malzemeden değiştirildi. | T30: =[4]SayfaKOC!AD69 -> Ekipman değiştirilecek | U30: =[4]SayfaKOC!W69 -> Evet | V30: =[4]SayfaKOC!AZ69 -> 2 | W30: =IF(Y30="","",INT(Y30)) -> 45625 | X30: =IF(Y30="","",TEXT(Y30,"ss:dd")) -> 11:15 | Y30: =[4]SayfaKOC!AE69 -> 45625.469 | Z30: =IF(AB30="","",INT(AB30)) -> 45625 | AA30: =IF(AB30="","",TEXT(AB30,"ss:dd")) -> 11:40 | AB30: =[4]SayfaKOC!BA69 -> 45625.486 | AC30: =(AF30-H30)*24*60 -> 29.233333 | AD30: =IF(AF30="","",INT(AF30)) -> 45625 | AE30: =IF(AF30="","",TEXT(AF30,"ss:dd")) -> 11:40 | AF30: =[4]SayfaKOC!BA69 -> 45625.486 | AG30: =[4]SayfaKOC!S69 -> (II) Aynı Araçta Tekrarlayan Arıza | AH30: =IF(P30="A(Hareket etmeyi engelleyen arıza)","Bu Arıza Aracın Servise Verilmesine Engel", IF(P30="B(Servisten çekmeye etki eden arıza)","Bu Arıza Aracın Servise Verilmesine Engel", IF(P30="C(Sisteme etki etmeyen arıza)","Bu Arıza Aracın Servise Verilmesine Engel Değil", IF(P30="D(Arıza Değil)","Bu Arıza Aracın Servise Verilmesine Engel Değil", "Bilinmeyen Durum")))) -> Bu Arıza Aracın Servise Verilmesine Engel Değil | AI30: =[4]SayfaKOC!AV69 | AJ30: =IF(AL30="","",INT(AL30)) | AK30: =IF(AL30="","",TEXT(AL30,"ss:dd")) | AL30: =[4]SayfaKOC!AX69 | AM30: =IF(AND(P30<>"D(Arıza Değil)",AH30="Bu Arıza Aracın Servise Verilmesine Engel Değil"),IF(Z30-F30>0,(AB30-Y30)*24*60,IF(OR(AND(G30>$AS$1,G30<$AT$1),AND(G30>$AU$1,G30<$AV$1)),(AF30-H30)*24*60,0)),AN30) -> 0 | AN30: =IF(P30<>"D(Arıza Değil)",AC30,0) -> 29.233333 | AO30: =[4]SayfaKOC!AG69 -> ATAK ULAŞIM SAN.TİC.LTD.ŞTİ. | AP30: =[4]SayfaKOC!AI69 -> E865-7036 | AQ30: =[4]SayfaKOC!AQ69 | AR30: =[4]SayfaKOC!AH69 -> Araç üstü iş istasyonu | AS30: =[4]SayfaKOC!AJ69 -> 1 | AT30: =[4]SayfaKOC!GC69 -> - | AU30: =[4]SayfaKOC!AL69 | AV30: =[4]SayfaKOC!AP69 | AW30: =[4]SayfaKOC!AT69 | AX30: =V30*AC30*BC$1 -> 643.13334 | AY30: =[4]SayfaKOC!BF69 -> 92f88173 | AZ30: =[4]SayfaKOC!BD69 -> https://www.appsheet.com/Template/gettablefileurl?appname=KOC10_Failure_List-654943&tableName=SAYFA1&filename=Sayfa1_Images%2F92f88173.Resim.081514.jpg | BB30: =IF($AQ$1="X", IF(AND(G30>=$AS$1,G30<=$AT$1),IF(P30<>"D(Arıza Değil)",AC30,0), IF(AND(G30>=$AU$1,G30<=$AV$1),IF(P30<>"D(Arıza Değil)",AC30,0), "")), "") | BK30: =[4]SayfaKOC!U69 -> Tedarikçi | BL30: =[4]SayfaKOC!V69 -> ATAK ULAŞIM SAN.TİC.LTD.ŞTİ. | BN30: =IF($AQ$1="X", IF(AND(G30>=$AS$1,G30<=$AT$1),IF(P30<>"D(Arıza Değil",AC30,0),IF(AND(G30>=$AU$1,G30<=$AV$1),IF(P30<>"D:Arıza Değil",AC30,0), "x var")), "x yok") -> x var | BO30: =IF(OR(AND(G30>$AS$1,G30<$AT$1),AND(G30>$AU$1,G30<$AV$1)),"aynı gün giderilen arıza") -> FALSE | BP30: =IF(Z30-F30>0,"Bir günden fazla süren arıza",IF(OR(AND(G30>$AS$1,G30<$AT$1),AND(G30>$AU$1,G30<$AV$1)),"aynı gün giderilen arıza")) -> FALSE | BQ30: =(Y30-H30)*24*60 -> 4.7333334 | BR30: =(AB30-Y30)*24*60 -> 24.5 | BS30: =(AF30-H30)*24*60 -> 29.233333 | BV30: =COUNTIFS(B$5:B$9999,B30,H$5:H$9999,"<="&AF30,AF$5:AF$9999,">="&H30)-1 -> 0 | BW30: =IF(COUNTIFS(B$5:B$9999,B30,H$5:H$9999,"<="&AF30,AF$5:AF$9999,">="&H30)>1,"Evet, çakışma var","Hayır, çakışma yok") -> Hayır, çakışma yok | BY30: =Y30-H30 -> 0.0032870371 | BZ30: =AB30-Y30 -> 0.017013889 | CA30: =AB30-H30 -> 0.020300926 | CE30: 68 | CF30: =H30 -> 45625.466 | CG30: =AB30 -> 45625.486 | CK30: =AB30-Y30 -> 0.017013889 | CL30: =Y30-H30 -> 0.0032870371 | CM30: =AB30-H30 -> 0.020300926 | CO30: =AC30 -> 29.233333 | CP30: =CU30/24 -> 1.0208333 | CQ30: =G30 -> 0.46592593 | CR30: =Y30 -> 45625.469 | CS30: =AB30 -> 45625.486 | CT30: =(CR30-CQ30)*1440 -> 65700005 | CU30: =(CS30-CR30)*1440 -> 24.5 | CV30: =(CS30-CQ30)*1440 -> 65700029 | CW30: =CT30/CV30 -> 0.99999963
A31: =[4]SayfaKOC!C66 -> KOC10 | B31: =[4]SayfaKOC!D66 -> 4119(1) | C31: =[4]SayfaKOC!E66 -> MA , P , MB | D31: =[4]SayfaKOC!F66 -> 1 | E31: =[4]SayfaKOC!G66 -> BOZ-KOC10-FF-065 | F31: =IF(H31="","",INT(H31)) -> 45624 | G31: =IF(H31="","",MOD(H31,1)) -> 0.36199074 | H31: =[4]SayfaKOC!H66 -> 45624.362 | I31: =[4]SayfaKOC!I66 -> Depo/Depot | J31: =IF([4]SayfaKOC!J66="Müşteri","Notified by Customer","Notified by Bozankaya") -> Notified by Bozankaya | K31: =VLOOKUP([4]SayfaKOC!L66,Atamalar!$A$10:$B$53,2,FALSE) -> Brake_System | L31: =[4]SayfaKOC!X66 -> C.V.T. CİVATA-VİDA SANAYİ VE TİC.LT | M31: =A31&"-"&E31 -> KOC10-BOZ-KOC10-FF-065 | N31: =[4]SayfaKOC!M66 -> Fren panosunda -RA-1V17 diyotuna bağlı RA3042.02 numaralı kablo zaman zaman ısınma yapıyor. | O31: =[4]SayfaKOC!P66 -> C-Uyarı, sürüş devamlılığı | P31: =[4]SayfaKOC!Q66 -> C(Sisteme etki etmeyen arıza) | Q31: =[4]SayfaKOC!R66 -> N.A(Yaralanma yok) | R31: {=_xlfn.IFS([4]SayfaKOC!U66="Bozankaya","Bozankaya",[4]SayfaKOC!U66="Müşteri","Customer",[4]SayfaKOC!U66="Tedarikçi","Equipment Supplier")} -> Bozankaya | S31: =[4]SayfaKOC!GB66 -> NCR açılarak kablo - Tasarım tarafından revizyon yapılacaktır. | T31: =[4]SayfaKOC!AD66 -> Ekipman değiştirilecek | U31: =[4]SayfaKOC!W66 -> Hayır | V31: =[4]SayfaKOC!AZ66 -> 2 | W31: =IF(Y31="","",INT(Y31)) -> 45624 | X31: =IF(Y31="","",TEXT(Y31,"ss:dd")) -> 10:00 | Y31: =[4]SayfaKOC!AE66 -> 45624.417 | Z31: =IF(AB31="","",INT(AB31)) | AA31: =IF(AB31="","",TEXT(AB31,"ss:dd")) | AB31: =[4]SayfaKOC!BA66 | AC31: =(AF31-H31)*24*60 -> #VALUE! | AD31: =IF(AF31="","",INT(AF31)) | AE31: =IF(AF31="","",TEXT(AF31,"ss:dd")) | AF31: =[4]SayfaKOC!BA66 | AG31: =[4]SayfaKOC!S66 -> (I) İlk Defa Karşılaşılan Arıza | AH31: =IF(P31="A(Hareket etmeyi engelleyen arıza)","Bu Arıza Aracın Servise Verilmesine Engel", IF(P31="B(Servisten çekmeye etki eden arıza)","Bu Arıza Aracın Servise Verilmesine Engel", IF(P31="C(Sisteme etki etmeyen arıza)","Bu Arıza Aracın Servise Verilmesine Engel Değil", IF(P31="D(Arıza Değil)","Bu Arıza Aracın Servise Verilmesine Engel Değil", "Bilinmeyen Durum")))) -> Bu Arıza Aracın Servise Verilmesine Engel Değil | AI31: =[4]SayfaKOC!AV66 | AJ31: =IF(AL31="","",INT(AL31)) | AK31: =IF(AL31="","",TEXT(AL31,"ss:dd")) | AL31: =[4]SayfaKOC!AX66 | AM31: =IF(AND(P31<>"D(Arıza Değil)",AH31="Bu Arıza Aracın Servise Verilmesine Engel Değil"),IF(Z31-F31>0,(AB31-Y31)*24*60,IF(OR(AND(G31>$AS$1,G31<$AT$1),AND(G31>$AU$1,G31<$AV$1)),(AF31-H31)*24*60,0)),AN31) -> #VALUE! | AN31: =IF(P31<>"D(Arıza Değil)",AC31,0) -> #VALUE! | AO31: =[4]SayfaKOC!AG66 -> Bozankaya | AP31: =[4]SayfaKOC!AI66 -> SMND04070042080 | AQ31: =[4]SayfaKOC!AQ66 | AR31: =[4]SayfaKOC!AH66 -> KAYNAK SOMUNU M4 DIN 928-8K | AS31: =[4]SayfaKOC!AJ66 -> 3 | AT31: =[4]SayfaKOC!GC66 -> - | AU31: =[4]SayfaKOC!AL66 | AV31: =[4]SayfaKOC!AP66 | AW31: =[4]SayfaKOC!AT66 | AX31: =V31*AC31*BC$1 -> #VALUE! | AY31: =[4]SayfaKOC!BF66 -> fe65abfc | AZ31: =[4]SayfaKOC!BD66 -> https://www.appsheet.com/Template/gettablefileurl?appname=KOC10_Failure_List-654943&tableName=SAYFA1&filename=Sayfa1_Images%2Ffe65abfc.Resim.065929.png | BB31: =IF($AQ$1="X", IF(AND(G31>=$AS$1,G31<=$AT$1),IF(P31<>"D(Arıza Değil)",AC31,0), IF(AND(G31>=$AU$1,G31<=$AV$1),IF(P31<>"D(Arıza Değil)",AC31,0), "")), "") -> #VALUE! | BK31: =[4]SayfaKOC!U66 -> Bozankaya | BL31: =[4]SayfaKOC!V66 -> Tasarım | BN31: =IF($AQ$1="X", IF(AND(G31>=$AS$1,G31<=$AT$1),IF(P31<>"D(Arıza Değil",AC31,0),IF(AND(G31>=$AU$1,G31<=$AV$1),IF(P31<>"D:Arıza Değil",AC31,0), "x var")), "x yok") -> #VALUE! | BO31: =IF(OR(AND(G31>$AS$1,G31<$AT$1),AND(G31>$AU$1,G31<$AV$1)),"aynı gün giderilen arıza") -> aynı gün giderilen arıza | BP31: =IF(Z31-F31>0,"Bir günden fazla süren arıza",IF(OR(AND(G31>$AS$1,G31<$AT$1),AND(G31>$AU$1,G31<$AV$1)),"aynı gün giderilen arıza")) -> #VALUE! | BQ31: =(Y31-H31)*24*60 -> 79.5 | BR31: =(AB31-Y31)*24*60 -> #VALUE! | BS31: =(AF31-H31)*24*60 -> #VALUE! | BV31: =COUNTIFS(B$5:B$9999,B31,H$5:H$9999,"<="&AF31,AF$5:AF$9999,">="&H31)-1 -> -1 | BW31: =IF(COUNTIFS(B$5:B$9999,B31,H$5:H$9999,"<="&AF31,AF$5:AF$9999,">="&H31)>1,"Evet, çakışma var","Hayır, çakışma yok") -> Hayır, çakışma yok | BY31: =Y31-H31 -> 0.055208333 | BZ31: =AB31-Y31 -> #VALUE! | CA31: =AB31-H31 -> #VALUE! | CE31: 65 | CF31: =H31 -> 45624.362 | CG31: =AB31 | CK31: =AB31-Y31 -> #VALUE! | CL31: =Y31-H31 -> 0.055208333 | CM31: =AB31-H31 -> #VALUE! | CO31: =AC31 -> #VALUE! | CP31: =CU31/24 -> #VALUE! | CQ31: =G31 -> 0.36199074 | CR31: =Y31 -> 45624.417 | CS31: =AB31 | CT31: =(CR31-CQ31)*1440 -> 65698640 | CU31: =(CS31-CR31)*1440 -> #VALUE! | CV31: =(CS31-CQ31)*1440 -> #VALUE! | CW31: =CT31/CV31 -> #VALUE!
A32: =[4]SayfaKOC!C70 -> KOC10 | B32: =[4]SayfaKOC!D70 -> 4119(1) | C32: =[4]SayfaKOC!E70 -> MA , P , MB | D32: =[4]SayfaKOC!F70 -> 12490 | E32: =[4]SayfaKOC!G70 -> BOZ-KOC10-FF-069 | F32: =IF(H32="","",INT(H32)) -> 45624 | G32: =IF(H32="","",MOD(H32,1)) -> 0.36199074 | H32: =[4]SayfaKOC!H70 -> 45624.362 | I32: =[4]SayfaKOC!I70 -> Depo/Depot | J32: =IF([4]SayfaKOC!J70="Müşteri","Notified by Customer","Notified by Bozankaya") -> Notified by Bozankaya | K32: =VLOOKUP([4]SayfaKOC!L70,Atamalar!$A$10:$B$53,2,FALSE) -> Brake_System | L32: =[4]SayfaKOC!X70 -> C.V.T. CİVATA-VİDA SANAYİ VE TİC.LT | M32: =A32&"-"&E32 -> KOC10-BOZ-KOC10-FF-069 | N32: =[4]SayfaKOC!M70 -> Fren panosunda -RA-1V17 diyotuna bağlı RA3042.02 numaralı kablo zaman zaman ısınma yapıyor. | O32: =[4]SayfaKOC!P70 -> C-Uyarı, sürüş devamlılığı | P32: =[4]SayfaKOC!Q70 -> C(Sisteme etki etmeyen arıza) | Q32: =[4]SayfaKOC!R70 -> N.A(Yaralanma yok) | R32: {=_xlfn.IFS([4]SayfaKOC!U72="Bozankaya","Bozankaya",[4]SayfaKOC!U72="Müşteri","Customer",[4]SayfaKOC!U72="Tedarikçi","Equipment Supplier")} -> Bozankaya | S32: =[4]SayfaKOC!GB70 -> NCR açılarak gönderilmiştir. - Tasarım tarafından revizyon yapılacaktır. | T32: =[4]SayfaKOC!AD70 -> Ekipman değiştirilecek | U32: =[4]SayfaKOC!W70 -> Hayır | V32: =[4]SayfaKOC!AZ70 -> 2 | W32: =IF(Y32="","",INT(Y32)) -> 45624 | X32: =IF(Y32="","",TEXT(Y32,"ss:dd")) -> 10:00 | Y32: =[4]SayfaKOC!AE70 -> 45624.417 | Z32: =IF(AB32="","",INT(AB32)) | AA32: =IF(AB32="","",TEXT(AB32,"ss:dd")) | AB32: =[4]SayfaKOC!BA70 | AC32: =(AF32-H32)*24*60 -> #VALUE! | AD32: =IF(AF32="","",INT(AF32)) | AE32: =IF(AF32="","",TEXT(AF32,"ss:dd")) | AF32: =[4]SayfaKOC!BA70 | AG32: =[4]SayfaKOC!S70 -> (I) İlk Defa Karşılaşılan Arıza | AH32: =IF(P32="A(Hareket etmeyi engelleyen arıza)","Bu Arıza Aracın Servise Verilmesine Engel", IF(P32="B(Servisten çekmeye etki eden arıza)","Bu Arıza Aracın Servise Verilmesine Engel", IF(P32="C(Sisteme etki etmeyen arıza)","Bu Arıza Aracın Servise Verilmesine Engel Değil", IF(P32="D(Arıza Değil)","Bu Arıza Aracın Servise Verilmesine Engel Değil", "Bilinmeyen Durum")))) -> Bu Arıza Aracın Servise Verilmesine Engel Değil | AI32: =[4]SayfaKOC!AV70 | AJ32: =IF(AL32="","",INT(AL32)) | AK32: =IF(AL32="","",TEXT(AL32,"ss:dd")) | AL32: =[4]SayfaKOC!AX70 | AM32: =IF(AND(P32<>"D(Arıza Değil)",AH32="Bu Arıza Aracın Servise Verilmesine Engel Değil"),IF(Z32-F32>0,(AB32-Y32)*24*60,IF(OR(AND(G32>$AS$1,G32<$AT$1),AND(G32>$AU$1,G32<$AV$1)),(AF32-H32)*24*60,0)),AN32) -> #VALUE! | AN32: =IF(P32<>"D(Arıza Değil)",AC32,0) -> #VALUE! | AO32: =[4]SayfaKOC!AG70 -> Bozankaya | AP32: =[4]SayfaKOC!AI70 -> SMND04070042080 | AQ32: =[4]SayfaKOC!AQ70 | AR32: =[4]SayfaKOC!AH70 -> KAYNAK SOMUNU M4 DIN 928-8K | AS32: =[4]SayfaKOC!AJ70 -> 3 | AT32: =[4]SayfaKOC!GC70 -> - | AU32: =[4]SayfaKOC!AL70 | AV32: =[4]SayfaKOC!AP70 | AW32: =[4]SayfaKOC!AT70 | AX32: =V32*AC32*BC$1 -> #VALUE! | AY32: =[4]SayfaKOC!BF70 -> fe65abfc | AZ32: =[4]SayfaKOC!BD70 -> https://www.appsheet.com/Template/gettablefileurl?appname=KOC10_Failure_List-654943&tableName=SAYFA1&filename=Sayfa1_Images%2Ffe65abfc.Resim.065929.png | BB32: =IF($AQ$1="X", IF(AND(G32>=$AS$1,G32<=$AT$1),IF(P32<>"D(Arıza Değil)",AC32,0), IF(AND(G32>=$AU$1,G32<=$AV$1),IF(P32<>"D(Arıza Değil)",AC32,0), "")), "") -> #VALUE! | BK32: =[4]SayfaKOC!U70 -> Bozankaya | BL32: =[4]SayfaKOC!V70 -> Tasarım | BN32: =IF($AQ$1="X", IF(AND(G32>=$AS$1,G32<=$AT$1),IF(P32<>"D(Arıza Değil",AC32,0),IF(AND(G32>=$AU$1,G32<=$AV$1),IF(P32<>"D:Arıza Değil",AC32,0), "x var")), "x yok") -> #VALUE! | BO32: =IF(OR(AND(G32>$AS$1,G32<$AT$1),AND(G32>$AU$1,G32<$AV$1)),"aynı gün giderilen arıza") -> aynı gün giderilen arıza | BP32: =IF(Z32-F32>0,"Bir günden fazla süren arıza",IF(OR(AND(G32>$AS$1,G32<$AT$1),AND(G32>$AU$1,G32<$AV$1)),"aynı gün giderilen arıza")) -> #VALUE! | BQ32: =(Y32-H32)*24*60 -> 79.5 | BR32: =(AB32-Y32)*24*60 -> #VALUE! | BS32: =(AF32-H32)*24*60 -> #VALUE! | BV32: =COUNTIFS(B$5:B$9999,B32,H$5:H$9999,"<="&AF32,AF$5:AF$9999,">="&H32)-1 -> -1 | BW32: =IF(COUNTIFS(B$5:B$9999,B32,H$5:H$9999,"<="&AF32,AF$5:AF$9999,">="&H32)>1,"Evet, çakışma var","Hayır, çakışma yok") -> Hayır, çakışma yok | BY32: =Y32-H32 -> 0.055208333 | BZ32: =AB32-Y32 -> #VALUE! | CA32: =AB32-H32 -> #VALUE! | CE32: 69 | CF32: =H32 -> 45624.362 | CG32: =AB32 | CK32: =AB32-Y32 -> #VALUE! | CL32: =Y32-H32 -> 0.055208333 | CM32: =AB32-H32 -> #VALUE! | CO32: =AC32 -> #VALUE! | CP32: =CU32/24 -> #VALUE! | CQ32: =G32 -> 0.36199074 | CR32: =Y32 -> 45624.417 | CS32: =AB32 | CT32: =(CR32-CQ32)*1440 -> 65698640 | CU32: =(CS32-CR32)*1440 -> #VALUE! | CV32: =(CS32-CQ32)*1440 -> #VALUE! | CW32: =CT32/CV32 -> #VALUE!
A33: =[4]SayfaKOC!C71 -> KOC10 | B33: =[4]SayfaKOC!D71 -> 4120(2) | C33: =[4]SayfaKOC!E71 -> MA , P , MB | D33: =[4]SayfaKOC!F71 -> 104 | E33: =[4]SayfaKOC!G71 -> BOZ-KOC10-FF-070 | F33: =IF(H33="","",INT(H33)) -> 45624 | G33: =IF(H33="","",MOD(H33,1)) -> 0.36199074 | H33: =[4]SayfaKOC!H71 -> 45624.362 | I33: =[4]SayfaKOC!I71 -> Depo/Depot | J33: =IF([4]SayfaKOC!J71="Müşteri","Notified by Customer","Notified by Bozankaya") -> Notified by Bozankaya | K33: =VLOOKUP([4]SayfaKOC!L71,Atamalar!$A$10:$B$53,2,FALSE) -> Brake_System | L33: =[4]SayfaKOC!X71 -> C.V.T. CİVATA-VİDA SANAYİ VE TİC.LT | M33: =A33&"-"&E33 -> KOC10-BOZ-KOC10-FF-070 | N33: =[4]SayfaKOC!M71 -> Fren panosunda -RA-1V17 diyotuna bağlı RA3042.02 numaralı kablo zaman zaman ısınma yapıyor. | O33: =[4]SayfaKOC!P71 -> C-Uyarı, sürüş devamlılığı | P33: =[4]SayfaKOC!Q71 -> C(Sisteme etki etmeyen arıza) | Q33: =[4]SayfaKOC!R71 -> N.A(Yaralanma yok) | R33: {=_xlfn.IFS([4]SayfaKOC!U73="Bozankaya","Bozankaya",[4]SayfaKOC!U73="Müşteri","Customer",[4]SayfaKOC!U73="Tedarikçi","Equipment Supplier")} -> Bozankaya | S33: =[4]SayfaKOC!GB71 -> NCR açılarak kablo - Tasarım tarafından revizyon yapılacaktır. | T33: =[4]SayfaKOC!AD71 -> Ekipman değiştirilecek | U33: =[4]SayfaKOC!W71 -> Hayır | V33: =[4]SayfaKOC!AZ71 -> 2 | W33: =IF(Y33="","",INT(Y33)) -> 45624 | X33: =IF(Y33="","",TEXT(Y33,"ss:dd")) -> 10:00 | Y33: =[4]SayfaKOC!AE71 -> 45624.417 | Z33: =IF(AB33="","",INT(AB33)) | AA33: =IF(AB33="","",TEXT(AB33,"ss:dd")) | AB33: =[4]SayfaKOC!BA71 | AC33: =(AF33-H33)*24*60 -> #VALUE! | AD33: =IF(AF33="","",INT(AF33)) | AE33: =IF(AF33="","",TEXT(AF33,"ss:dd")) | AF33: =[4]SayfaKOC!BA71 | AG33: =[4]SayfaKOC!S71 -> (I) İlk Defa Karşılaşılan Arıza | AH33: =IF(P33="A(Hareket etmeyi engelleyen arıza)","Bu Arıza Aracın Servise Verilmesine Engel", IF(P33="B(Servisten çekmeye etki eden arıza)","Bu Arıza Aracın Servise Verilmesine Engel", IF(P33="C(Sisteme etki etmeyen arıza)","Bu Arıza Aracın Servise Verilmesine Engel Değil", IF(P33="D(Arıza Değil)","Bu Arıza Aracın Servise Verilmesine Engel Değil", "Bilinmeyen Durum")))) -> Bu Arıza Aracın Servise Verilmesine Engel Değil | AI33: =[4]SayfaKOC!AV71 | AJ33: =IF(AL33="","",INT(AL33)) | AK33: =IF(AL33="","",TEXT(AL33,"ss:dd")) | AL33: =[4]SayfaKOC!AX71 | AM33: =IF(AND(P33<>"D(Arıza Değil)",AH33="Bu Arıza Aracın Servise Verilmesine Engel Değil"),IF(Z33-F33>0,(AB33-Y33)*24*60,IF(OR(AND(G33>$AS$1,G33<$AT$1),AND(G33>$AU$1,G33<$AV$1)),(AF33-H33)*24*60,0)),AN33) -> #VALUE! | AN33: =IF(P33<>"D(Arıza Değil)",AC33,0) -> #VALUE! | AO33: =[4]SayfaKOC!AG71 -> Bozankaya | AP33: =[4]SayfaKOC!AI71 -> SMND04070042080 | AQ33: =[4]SayfaKOC!AQ71 | AR33: =[4]SayfaKOC!AH71 -> KAYNAK SOMUNU M4 DIN 928-8K | AS33: =[4]SayfaKOC!AJ71 -> 3 | AT33: =[4]SayfaKOC!GC71 -> - | AU33: =[4]SayfaKOC!AL71 | AV33: =[4]SayfaKOC!AP71 | AW33: =[4]SayfaKOC!AT71 | AX33: =V33*AC33*BC$1 -> #VALUE! | AY33: =[4]SayfaKOC!BF71 -> fe65abfc | AZ33: =[4]SayfaKOC!BD71 -> https://www.appsheet.com/Template/gettablefileurl?appname=KOC10_Failure_List-654943&tableName=SAYFA1&filename=Sayfa1_Images%2Ffe65abfc.Resim.065929.png | BB33: =IF($AQ$1="X", IF(AND(G33>=$AS$1,G33<=$AT$1),IF(P33<>"D(Arıza Değil)",AC33,0), IF(AND(G33>=$AU$1,G33<=$AV$1),IF(P33<>"D(Arıza Değil)",AC33,0), "")), "") -> #VALUE! | BK33: =[4]SayfaKOC!U71 -> Bozankaya | BL33: =[4]SayfaKOC!V71 -> Tasarım | BN33: =IF($AQ$1="X", IF(AND(G33>=$AS$1,G33<=$AT$1),IF(P33<>"D(Arıza Değil",AC33,0),IF(AND(G33>=$AU$1,G33<=$AV$1),IF(P33<>"D:Arıza Değil",AC33,0), "x var")), "x yok") -> #VALUE! | BO33: =IF(OR(AND(G33>$AS$1,G33<$AT$1),AND(G33>$AU$1,G33<$AV$1)),"aynı gün giderilen arıza") -> aynı gün giderilen arıza | BP33: =IF(Z33-F33>0,"Bir günden fazla süren arıza",IF(OR(AND(G33>$AS$1,G33<$AT$1),AND(G33>$AU$1,G33<$AV$1)),"aynı gün giderilen arıza")) -> #VALUE! | BQ33: =(Y33-H33)*24*60 -> 79.5 | BR33: =(AB33-Y33)*24*60 -> #VALUE! | BS33: =(AF33-H33)*24*60 -> #VALUE! | BV33: =COUNTIFS(B$5:B$9999,B33,H$5:H$9999,"<="&AF33,AF$5:AF$9999,">="&H33)-1 -> -1 | BW33: =IF(COUNTIFS(B$5:B$9999,B33,H$5:H$9999,"<="&AF33,AF$5:AF$9999,">="&H33)>1,"Evet, çakışma var","Hayır, çakışma yok") -> Hayır, çakışma yok | BY33: =Y33-H33 -> 0.055208333 | BZ33: =AB33-Y33 -> #VALUE! | CA33: =AB33-H33 -> #VALUE! | CE33: 70 | CF33: =H33 -> 45624.362 | CG33: =AB33 | CK33: =AB33-Y33 -> #VALUE! | CL33: =Y33-H33 -> 0.055208333 | CM33: =AB33-H33 -> #VALUE! | CO33: =AC33 -> #VALUE! | CP33: =CU33/24 -> #VALUE! | CQ33: =G33 -> 0.36199074 | CR33: =Y33 -> 45624.417 | CS33: =AB33 | CT33: =(CR33-CQ33)*1440 -> 65698640 | CU33: =(CS33-CR33)*1440 -> #VALUE! | CV33: =(CS33-CQ33)*1440 -> #VALUE! | CW33: =CT33/CV33 -> #VALUE!
A34: =[4]SayfaKOC!C72 -> KOC10 | B34: =[4]SayfaKOC!D72 -> 4121(3) | C34: =[4]SayfaKOC!E72 -> MA , P , MB | D34: =[4]SayfaKOC!F72 -> 15473 | E34: =[4]SayfaKOC!G72 -> BOZ-KOC10-FF-071 | F34: =IF(H34="","",INT(H34)) -> 45624 | G34: =IF(H34="","",MOD(H34,1)) -> 0.36199074 | H34: =[4]SayfaKOC!H72 -> 45624.362 | I34: =[4]SayfaKOC!I72 -> Depo/Depot | J34: =IF([4]SayfaKOC!J72="Müşteri","Notified by Customer","Notified by Bozankaya") -> Notified by Bozankaya | K34: =VLOOKUP([4]SayfaKOC!L72,Atamalar!$A$10:$B$53,2,FALSE) -> Brake_System | L34: =[4]SayfaKOC!X72 -> C.V.T. CİVATA-VİDA SANAYİ VE TİC.LT | M34: =A34&"-"&E34 -> KOC10-BOZ-KOC10-FF-071 | N34: =[4]SayfaKOC!M72 -> Fren panosunda -RA-1V17 diyotuna bağlı RA3042.02 numaralı kablo zaman zaman ısınma yapıyor. | O34: =[4]SayfaKOC!P72 -> C-Uyarı, sürüş devamlılığı | P34: =[4]SayfaKOC!Q72 -> C(Sisteme etki etmeyen arıza) | Q34: =[4]SayfaKOC!R72 -> N.A(Yaralanma yok) | R34: {=_xlfn.IFS([4]SayfaKOC!U74="Bozankaya","Bozankaya",[4]SayfaKOC!U74="Müşteri","Customer",[4]SayfaKOC!U74="Tedarikçi","Equipment Supplier")} -> Bozankaya | S34: =[4]SayfaKOC!GB72 -> NCR açılarak kablo - Tasarım tarafından revizyon yapılacaktır. | T34: =[4]SayfaKOC!AD72 -> Ekipman değiştirilecek | U34: =[4]SayfaKOC!W72 -> Hayır | V34: =[4]SayfaKOC!AZ72 -> 2 | W34: =IF(Y34="","",INT(Y34)) -> 45624 | X34: =IF(Y34="","",TEXT(Y34,"ss:dd")) -> 10:00 | Y34: =[4]SayfaKOC!AE72 -> 45624.417 | Z34: =IF(AB34="","",INT(AB34)) | AA34: =IF(AB34="","",TEXT(AB34,"ss:dd")) | AB34: =[4]SayfaKOC!BA72 | AC34: =(AF34-H34)*24*60 -> #VALUE! | AD34: =IF(AF34="","",INT(AF34)) | AE34: =IF(AF34="","",TEXT(AF34,"ss:dd")) | AF34: =[4]SayfaKOC!BA72 | AG34: =[4]SayfaKOC!S72 -> (I) İlk Defa Karşılaşılan Arıza | AH34: =IF(P34="A(Hareket etmeyi engelleyen arıza)","Bu Arıza Aracın Servise Verilmesine Engel", IF(P34="B(Servisten çekmeye etki eden arıza)","Bu Arıza Aracın Servise Verilmesine Engel", IF(P34="C(Sisteme etki etmeyen arıza)","Bu Arıza Aracın Servise Verilmesine Engel Değil", IF(P34="D(Arıza Değil)","Bu Arıza Aracın Servise Verilmesine Engel Değil", "Bilinmeyen Durum")))) -> Bu Arıza Aracın Servise Verilmesine Engel Değil | AI34: =[4]SayfaKOC!AV72 | AJ34: =IF(AL34="","",INT(AL34)) | AK34: =IF(AL34="","",TEXT(AL34,"ss:dd")) | AL34: =[4]SayfaKOC!AX72 | AM34: =IF(AND(P34<>"D(Arıza Değil)",AH34="Bu Arıza Aracın Servise Verilmesine Engel Değil"),IF(Z34-F34>0,(AB34-Y34)*24*60,IF(OR(AND(G34>$AS$1,G34<$AT$1),AND(G34>$AU$1,G34<$AV$1)),(AF34-H34)*24*60,0)),AN34) -> #VALUE! | AN34: =IF(P34<>"D(Arıza Değil)",AC34,0) -> #VALUE! | AO34: =[4]SayfaKOC!AG72 -> Bozankaya | AP34: =[4]SayfaKOC!AI72 -> SMND04070042080 | AQ34: =[4]SayfaKOC!AQ72 | AR34: =[4]SayfaKOC!AH72 -> KAYNAK SOMUNU M4 DIN 928-8K | AS34: =[4]SayfaKOC!AJ72 -> 3 | AT34: =[4]SayfaKOC!GC72 -> - | AU34: =[4]SayfaKOC!AL72 | AV34: =[4]SayfaKOC!AP72 | AW34: =[4]SayfaKOC!AT72 | AX34: =V34*AC34*BC$1 -> #VALUE! | AY34: =[4]SayfaKOC!BF72 -> fe65abfc | AZ34: =[4]SayfaKOC!BD72 -> https://www.appsheet.com/Template/gettablefileurl?appname=KOC10_Failure_List-654943&tableName=SAYFA1&filename=Sayfa1_Images%2Ffe65abfc.Resim.065929.png | BB34: =IF($AQ$1="X", IF(AND(G34>=$AS$1,G34<=$AT$1),IF(P34<>"D(Arıza Değil)",AC34,0), IF(AND(G34>=$AU$1,G34<=$AV$1),IF(P34<>"D(Arıza Değil)",AC34,0), "")), "") -> #VALUE! | BK34: =[4]SayfaKOC!U72 -> Bozankaya | BL34: =[4]SayfaKOC!V72 -> Tasarım | BN34: =IF($AQ$1="X", IF(AND(G34>=$AS$1,G34<=$AT$1),IF(P34<>"D(Arıza Değil",AC34,0),IF(AND(G34>=$AU$1,G34<=$AV$1),IF(P34<>"D:Arıza Değil",AC34,0), "x var")), "x yok") -> #VALUE! | BO34: =IF(OR(AND(G34>$AS$1,G34<$AT$1),AND(G34>$AU$1,G34<$AV$1)),"aynı gün giderilen arıza") -> aynı gün giderilen arıza | BP34: =IF(Z34-F34>0,"Bir günden fazla süren arıza",IF(OR(AND(G34>$AS$1,G34<$AT$1),AND(G34>$AU$1,G34<$AV$1)),"aynı gün giderilen arıza")) -> #VALUE! | BQ34: =(Y34-H34)*24*60 -> 79.5 | BR34: =(AB34-Y34)*24*60 -> #VALUE! | BS34: =(AF34-H34)*24*60 -> #VALUE! | BV34: =COUNTIFS(B$5:B$9999,B34,H$5:H$9999,"<="&AF34,AF$5:AF$9999,">="&H34)-1 -> -1 | BW34: =IF(COUNTIFS(B$5:B$9999,B34,H$5:H$9999,"<="&AF34,AF$5:AF$9999,">="&H34)>1,"Evet, çakışma var","Hayır, çakışma yok") -> Hayır, çakışma yok | BY34: =Y34-H34 -> 0.055208333 | BZ34: =AB34-Y34 -> #VALUE! | CA34: =AB34-H34 -> #VALUE! | CE34: 71 | CF34: =H34 -> 45624.362 | CG34: =AB34 | CK34: =AB34-Y34 -> #VALUE! | CL34: =Y34-H34 -> 0.055208333 | CM34: =AB34-H34 -> #VALUE! | CO34: =AC34 -> #VALUE! | CP34: =CU34/24 -> #VALUE! | CQ34: =G34 -> 0.36199074 | CR34: =Y34 -> 45624.417 | CS34: =AB34 | CT34: =(CR34-CQ34)*1440 -> 65698640 | CU34: =(CS34-CR34)*1440 -> #VALUE! | CV34: =(CS34-CQ34)*1440 -> #VALUE! | CW34: =CT34/CV34 -> #VALUE!
A35: =[4]SayfaKOC!C73 -> KOC10 | B35: =[4]SayfaKOC!D73 -> 4122(4) | C35: =[4]SayfaKOC!E73 -> MA , P , MB | D35: =[4]SayfaKOC!F73 -> ? | E35: =[4]SayfaKOC!G73 -> BOZ-KOC10-FF-072 | F35: =IF(H35="","",INT(H35)) -> 45624 | G35: =IF(H35="","",MOD(H35,1)) -> 0.36199074 | H35: =[4]SayfaKOC!H73 -> 45624.362 | I35: =[4]SayfaKOC!I73 -> Depo/Depot | J35: =IF([4]SayfaKOC!J73="Müşteri","Notified by Customer","Notified by Bozankaya") -> Notified by Bozankaya | K35: =VLOOKUP([4]SayfaKOC!L73,Atamalar!$A$10:$B$53,2,FALSE) -> Brake_System | L35: =[4]SayfaKOC!X73 -> C.V.T. CİVATA-VİDA SANAYİ VE TİC.LT | M35: =A35&"-"&E35 -> KOC10-BOZ-KOC10-FF-072 | N35: =[4]SayfaKOC!M73 -> Fren panosunda -RA-1V17 diyotuna bağlı RA3042.02 numaralı kablo zaman zaman ısınma yapıyor. | O35: =[4]SayfaKOC!P73 -> C-Uyarı, sürüş devamlılığı | P35: =[4]SayfaKOC!Q73 -> C(Sisteme etki etmeyen arıza) | Q35: =[4]SayfaKOC!R73 -> N.A(Yaralanma yok) | R35: {=_xlfn.IFS([4]SayfaKOC!U75="Bozankaya","Bozankaya",[4]SayfaKOC!U75="Müşteri","Customer",[4]SayfaKOC!U75="Tedarikçi","Equipment Supplier")} -> Bozankaya | S35: =[4]SayfaKOC!GB73 -> NCR açılarak kablo - Tasarım tarafından revizyon yapılacaktır. | T35: =[4]SayfaKOC!AD73 -> Ekipman değiştirilecek | U35: =[4]SayfaKOC!W73 -> Hayır | V35: =[4]SayfaKOC!AZ73 -> 2 | W35: =IF(Y35="","",INT(Y35)) -> 45624 | X35: =IF(Y35="","",TEXT(Y35,"ss:dd")) -> 10:00 | Y35: =[4]SayfaKOC!AE73 -> 45624.417 | Z35: =IF(AB35="","",INT(AB35)) | AA35: =IF(AB35="","",TEXT(AB35,"ss:dd")) | AB35: =[4]SayfaKOC!BA73 | AC35: =(AF35-H35)*24*60 -> #VALUE! | AD35: =IF(AF35="","",INT(AF35)) | AE35: =IF(AF35="","",TEXT(AF35,"ss:dd")) | AF35: =[4]SayfaKOC!BA73 | AG35: =[4]SayfaKOC!S73 -> (I) İlk Defa Karşılaşılan Arıza | AH35: =IF(P35="A(Hareket etmeyi engelleyen arıza)","Bu Arıza Aracın Servise Verilmesine Engel", IF(P35="B(Servisten çekmeye etki eden arıza)","Bu Arıza Aracın Servise Verilmesine Engel", IF(P35="C(Sisteme etki etmeyen arıza)","Bu Arıza Aracın Servise Verilmesine Engel Değil", IF(P35="D(Arıza Değil)","Bu Arıza Aracın Servise Verilmesine Engel Değil", "Bilinmeyen Durum")))) -> Bu Arıza Aracın Servise Verilmesine Engel Değil | AI35: =[4]SayfaKOC!AV73 | AJ35: =IF(AL35="","",INT(AL35)) | AK35: =IF(AL35="","",TEXT(AL35,"ss:dd")) | AL35: =[4]SayfaKOC!AX73 | AM35: =IF(AND(P35<>"D(Arıza Değil)",AH35="Bu Arıza Aracın Servise Verilmesine Engel Değil"),IF(Z35-F35>0,(AB35-Y35)*24*60,IF(OR(AND(G35>$AS$1,G35<$AT$1),AND(G35>$AU$1,G35<$AV$1)),(AF35-H35)*24*60,0)),AN35) -> #VALUE! | AN35: =IF(P35<>"D(Arıza Değil)",AC35,0) -> #VALUE! | AO35: =[4]SayfaKOC!AG73 -> Bozankaya | AP35: =[4]SayfaKOC!AI73 -> SMND04070042080 | AQ35: =[4]SayfaKOC!AQ73 | AR35: =[4]SayfaKOC!AH73 -> KAYNAK SOMUNU M4 DIN 928-8K | AS35: =[4]SayfaKOC!AJ73 -> 3 | AT35: =[4]SayfaKOC!GC73 -> - | AU35: =[4]SayfaKOC!AL73 | AV35: =[4]SayfaKOC!AP73 | AW35: =[4]SayfaKOC!AT73 | AX35: =V35*AC35*BC$1 -> #VALUE! | AY35: =[4]SayfaKOC!BF73 -> 2342dgd | AZ35: =[4]SayfaKOC!BD73 -> https://www.appsheet.com/Template/gettablefileurl?appname=KOC10_Failure_List-654943&tableName=SAYFA1&filename=Sayfa1_Images%2Ffe65abfc.Resim.065929.png | BB35: =IF($AQ$1="X", IF(AND(G35>=$AS$1,G35<=$AT$1),IF(P35<>"D(Arıza Değil)",AC35,0), IF(AND(G35>=$AU$1,G35<=$AV$1),IF(P35<>"D(Arıza Değil)",AC35,0), "")), "") -> #VALUE! | BK35: =[4]SayfaKOC!U73 -> Bozankaya | BL35: =[4]SayfaKOC!V73 -> Tasarım | BN35: =IF($AQ$1="X", IF(AND(G35>=$AS$1,G35<=$AT$1),IF(P35<>"D(Arıza Değil",AC35,0),IF(AND(G35>=$AU$1,G35<=$AV$1),IF(P35<>"D:Arıza Değil",AC35,0), "x var")), "x yok") -> #VALUE! | BO35: =IF(OR(AND(G35>$AS$1,G35<$AT$1),AND(G35>$AU$1,G35<$AV$1)),"aynı gün giderilen arıza") -> aynı gün giderilen arıza | BP35: =IF(Z35-F35>0,"Bir günden fazla süren arıza",IF(OR(AND(G35>$AS$1,G35<$AT$1),AND(G35>$AU$1,G35<$AV$1)),"aynı gün giderilen arıza")) -> #VALUE! | BQ35: =(Y35-H35)*24*60 -> 79.5 | BR35: =(AB35-Y35)*24*60 -> #VALUE! | BS35: =(AF35-H35)*24*60 -> #VALUE! | BV35: =COUNTIFS(B$5:B$9999,B35,H$5:H$9999,"<="&AF35,AF$5:AF$9999,">="&H35)-1 -> -1 | BW35: =IF(COUNTIFS(B$5:B$9999,B35,H$5:H$9999,"<="&AF35,AF$5:AF$9999,">="&H35)>1,"Evet, çakışma var","Hayır, çakışma yok") -> Hayır, çakışma yok | BY35: =Y35-H35 -> 0.055208333 | BZ35: =AB35-Y35 -> #VALUE! | CA35: =AB35-H35 -> #VALUE! | CE35: 72 | CF35: =H35 -> 45624.362 | CG35: =AB35 | CK35: =AB35-Y35 -> #VALUE! | CL35: =Y35-H35 -> 0.055208333 | CM35: =AB35-H35 -> #VALUE! | CO35: =AC35 -> #VALUE! | CP35: =CU35/24 -> #VALUE! | CQ35: =G35 -> 0.36199074 | CR35: =Y35 -> 45624.417 | CS35: =AB35 | CT35: =(CR35-CQ35)*1440 -> 65698640 | CU35: =(CS35-CR35)*1440 -> #VALUE! | CV35: =(CS35-CQ35)*1440 -> #VALUE! | CW35: =CT35/CV35 -> #VALUE!
A36: =[4]SayfaKOC!C74 -> KOC10 | B36: =[4]SayfaKOC!D74 -> 4123(5) | C36: =[4]SayfaKOC!E74 -> MA , P , MB | D36: =[4]SayfaKOC!F74 -> 4263 | E36: =[4]SayfaKOC!G74 -> BOZ-KOC10-FF-073 | F36: =IF(H36="","",INT(H36)) -> 45624 | G36: =IF(H36="","",MOD(H36,1)) -> 0.36199074 | H36: =[4]SayfaKOC!H74 -> 45624.362 | I36: =[4]SayfaKOC!I74 -> Depo/Depot | J36: =IF([4]SayfaKOC!J74="Müşteri","Notified by Customer","Notified by Bozankaya") -> Notified by Bozankaya | K36: =VLOOKUP([4]SayfaKOC!L74,Atamalar!$A$10:$B$53,2,FALSE) -> Brake_System | L36: =[4]SayfaKOC!X74 -> C.V.T. CİVATA-VİDA SANAYİ VE TİC.LT | M36: =A36&"-"&E36 -> KOC10-BOZ-KOC10-FF-073 | N36: =[4]SayfaKOC!M74 -> Fren panosunda -RA-1V17 diyotuna bağlı RA3042.02 numaralı kablo zaman zaman ısınma yapıyor. | O36: =[4]SayfaKOC!P74 -> C-Uyarı, sürüş devamlılığı | P36: =[4]SayfaKOC!Q74 -> C(Sisteme etki etmeyen arıza) | Q36: =[4]SayfaKOC!R74 -> N.A(Yaralanma yok) | R36: {=_xlfn.IFS([4]SayfaKOC!U74="Bozankaya","Bozankaya",[4]SayfaKOC!U74="Müşteri","Customer",[4]SayfaKOC!U74="Tedarikçi","Equipment Supplier")} -> Bozankaya | S36: =[4]SayfaKOC!GB74 -> NCR açılarak kablo - Tasarım tarafından revizyon yapılacaktır. | T36: =[4]SayfaKOC!AD74 -> Ekipman değiştirilecek | U36: =[4]SayfaKOC!W74 -> Hayır | V36: =[4]SayfaKOC!AZ74 -> 2 | W36: =IF(Y36="","",INT(Y36)) -> 45624 | X36: =IF(Y36="","",TEXT(Y36,"ss:dd")) -> 10:00 | Y36: =[4]SayfaKOC!AE74 -> 45624.417 | Z36: =IF(AB36="","",INT(AB36)) | AA36: =IF(AB36="","",TEXT(AB36,"ss:dd")) | AB36: =[4]SayfaKOC!BA74 | AC36: =(AF36-H36)*24*60 -> #VALUE! | AD36: =IF(AF36="","",INT(AF36)) | AE36: =IF(AF36="","",TEXT(AF36,"ss:dd")) | AF36: =[4]SayfaKOC!BA74 | AG36: =[4]SayfaKOC!S74 -> (I) İlk Defa Karşılaşılan Arıza | AH36: =IF(P36="A(Hareket etmeyi engelleyen arıza)","Bu Arıza Aracın Servise Verilmesine Engel", IF(P36="B(Servisten çekmeye etki eden arıza)","Bu Arıza Aracın Servise Verilmesine Engel", IF(P36="C(Sisteme etki etmeyen arıza)","Bu Arıza Aracın Servise Verilmesine Engel Değil", IF(P36="D(Arıza Değil)","Bu Arıza Aracın Servise Verilmesine Engel Değil", "Bilinmeyen Durum")))) -> Bu Arıza Aracın Servise Verilmesine Engel Değil | AI36: =[4]SayfaKOC!AV74 | AJ36: =IF(AL36="","",INT(AL36)) | AK36: =IF(AL36="","",TEXT(AL36,"ss:dd")) | AL36: =[4]SayfaKOC!AX74 | AM36: =IF(AND(P36<>"D(Arıza Değil)",AH36="Bu Arıza Aracın Servise Verilmesine Engel Değil"),IF(Z36-F36>0,(AB36-Y36)*24*60,IF(OR(AND(G36>$AS$1,G36<$AT$1),AND(G36>$AU$1,G36<$AV$1)),(AF36-H36)*24*60,0)),AN36) -> #VALUE! | AN36: =IF(P36<>"D(Arıza Değil)",AC36,0) -> #VALUE! | AO36: =[4]SayfaKOC!AG74 -> Bozankaya | AP36: =[4]SayfaKOC!AI74 -> SMND04070042080 | AQ36: =[4]SayfaKOC!AQ74 | AR36: =[4]SayfaKOC!AH74 -> KAYNAK SOMUNU M4 DIN 928-8K | AS36: =[4]SayfaKOC!AJ74 -> 3 | AT36: =[4]SayfaKOC!GC74 -> - | AU36: =[4]SayfaKOC!AL74 | AV36: =[4]SayfaKOC!AP74 | AW36: =[4]SayfaKOC!AT74 | AX36: =V36*AC36*BC$1 -> #VALUE! | AY36: =[4]SayfaKOC!BF74 -> 54234ubdg | AZ36: =[4]SayfaKOC!BD74 -> https://www.appsheet.com/Template/gettablefileurl?appname=KOC10_Failure_List-654943&tableName=SAYFA1&filename=Sayfa1_Images%2Ffe65abfc.Resim.065929.png | BB36: =IF($AQ$1="X", IF(AND(G36>=$AS$1,G36<=$AT$1),IF(P36<>"D(Arıza Değil)",AC36,0), IF(AND(G36>=$AU$1,G36<=$AV$1),IF(P36<>"D(Arıza Değil)",AC36,0), "")), "") -> #VALUE! | BK36: =[4]SayfaKOC!U74 -> Bozankaya | BL36: =[4]SayfaKOC!V74 -> Tasarım | BN36: =IF($AQ$1="X", IF(AND(G36>=$AS$1,G36<=$AT$1),IF(P36<>"D(Arıza Değil",AC36,0),IF(AND(G36>=$AU$1,G36<=$AV$1),IF(P36<>"D:Arıza Değil",AC36,0), "x var")), "x yok") -> #VALUE! | BO36: =IF(OR(AND(G36>$AS$1,G36<$AT$1),AND(G36>$AU$1,G36<$AV$1)),"aynı gün giderilen arıza") -> aynı gün giderilen arıza | BP36: =IF(Z36-F36>0,"Bir günden fazla süren arıza",IF(OR(AND(G36>$AS$1,G36<$AT$1),AND(G36>$AU$1,G36<$AV$1)),"aynı gün giderilen arıza")) -> #VALUE! | BQ36: =(Y36-H36)*24*60 -> 79.5 | BR36: =(AB36-Y36)*24*60 -> #VALUE! | BS36: =(AF36-H36)*24*60 -> #VALUE! | BV36: =COUNTIFS(B$5:B$9999,B36,H$5:H$9999,"<="&AF36,AF$5:AF$9999,">="&H36)-1 -> -1 | BW36: =IF(COUNTIFS(B$5:B$9999,B36,H$5:H$9999,"<="&AF36,AF$5:AF$9999,">="&H36)>1,"Evet, çakışma var","Hayır, çakışma yok") -> Hayır, çakışma yok | BY36: =Y36-H36 -> 0.055208333 | BZ36: =AB36-Y36 -> #VALUE! | CA36: =AB36-H36 -> #VALUE! | CE36: 73 | CF36: =H36 -> 45624.362 | CG36: =AB36 | CK36: =AB36-Y36 -> #VALUE! | CL36: =Y36-H36 -> 0.055208333 | CM36: =AB36-H36 -> #VALUE! | CO36: =AC36 -> #VALUE! | CP36: =CU36/24 -> #VALUE! | CQ36: =G36 -> 0.36199074 | CR36: =Y36 -> 45624.417 | CS36: =AB36 | CT36: =(CR36-CQ36)*1440 -> 65698640 | CU36: =(CS36-CR36)*1440 -> #VALUE! | CV36: =(CS36-CQ36)*1440 -> #VALUE! | CW36: =CT36/CV36 -> #VALUE!
A37: =[4]SayfaKOC!C68 -> KOC10 | B37: =[4]SayfaKOC!D68 -> 4120(2) | C37: =[4]SayfaKOC!E68 -> P | D37: =[4]SayfaKOC!F68 -> 87 | E37: =[4]SayfaKOC!G68 -> BOZ-KOC10-FF-067 | F37: =IF(H37="","",INT(H37)) -> 45623 | G37: =IF(H37="","",MOD(H37,1)) -> 0.44469907 | H37: =[4]SayfaKOC!H68 -> 45623.445 | I37: =[4]SayfaKOC!I68 -> Depo/Depot | J37: =IF([4]SayfaKOC!J68="Müşteri","Notified by Customer","Notified by Bozankaya") -> Notified by Bozankaya | K37: =VLOOKUP([4]SayfaKOC!L68,Atamalar!$A$10:$B$53,2,FALSE) -> Passenger_Information | L37: =[4]SayfaKOC!X68 -> ATAK ULAŞIM SAN.TİC.LTD.ŞTİ. | M37: =A37&"-"&E37 -> KOC10-BOZ-KOC10-FF-067 | N37: =[4]SayfaKOC!M68 -> Poe switch arızası | O37: =[4]SayfaKOC!P68 -> C-Uyarı, sürüş devamlılığı | P37: =[4]SayfaKOC!Q68 -> C(Sisteme etki etmeyen arıza) | Q37: =[4]SayfaKOC!R68 -> N.A(Yaralanma yok) | R37: {=_xlfn.IFS([4]SayfaKOC!U70="Bozankaya","Bozankaya",[4]SayfaKOC!U70="Müşteri","Customer",[4]SayfaKOC!U70="Tedarikçi","Equipment Supplier")} -> Bozankaya | S37: =[4]SayfaKOC!GB68 -> Atak ulaşımla beraber 4120(2) numaralı tramvayın kamera sistemini devreye alırken Poe switch üzerindeki kabloların yerini değiştirirken elektrik çarptı ve 3 Portu arızalandı. - Açılan sipariş sonrası gelen ekipmanla değiştirildi. | T37: =[4]SayfaKOC!AD68 -> Ekipman değiştirilecek | U37: =[4]SayfaKOC!W68 -> Evet | V37: =[4]SayfaKOC!AZ68 -> 1 | W37: =IF(Y37="","",INT(Y37)) -> 45625 | X37: =IF(Y37="","",TEXT(Y37,"ss:dd")) -> 10:45 | Y37: =[4]SayfaKOC!AE68 -> 45625.448 | Z37: =IF(AB37="","",INT(AB37)) -> 45625 | AA37: =IF(AB37="","",TEXT(AB37,"ss:dd")) -> 11:05 | AB37: =[4]SayfaKOC!BA68 -> 45625.462 | AC37: =(AF37-H37)*24*60 -> 2904.6333 | AD37: =IF(AF37="","",INT(AF37)) -> 45625 | AE37: =IF(AF37="","",TEXT(AF37,"ss:dd")) -> 11:05 | AF37: =[4]SayfaKOC!BA68 -> 45625.462 | AG37: =[4]SayfaKOC!S68 -> (I) İlk Defa Karşılaşılan Arıza | AH37: =IF(P37="A(Hareket etmeyi engelleyen arıza)","Bu Arıza Aracın Servise Verilmesine Engel", IF(P37="B(Servisten çekmeye etki eden arıza)","Bu Arıza Aracın Servise Verilmesine Engel", IF(P37="C(Sisteme etki etmeyen arıza)","Bu Arıza Aracın Servise Verilmesine Engel Değil", IF(P37="D(Arıza Değil)","Bu Arıza Aracın Servise Verilmesine Engel Değil", "Bilinmeyen Durum")))) -> Bu Arıza Aracın Servise Verilmesine Engel Değil | AI37: =[4]SayfaKOC!AV68 | AJ37: =IF(AL37="","",INT(AL37)) | AK37: =IF(AL37="","",TEXT(AL37,"ss:dd")) | AL37: =[4]SayfaKOC!AX68 | AM37: =IF(AND(P37<>"D(Arıza Değil)",AH37="Bu Arıza Aracın Servise Verilmesine Engel Değil"),IF(Z37-F37>0,(AB37-Y37)*24*60,IF(OR(AND(G37>$AS$1,G37<$AT$1),AND(G37>$AU$1,G37<$AV$1)),(AF37-H37)*24*60,0)),AN37) -> 19.166667 | AN37: =IF(P37<>"D(Arıza Değil)",AC37,0) -> 2904.6333 | AO37: =[4]SayfaKOC!AG68 -> ATAK ULAŞIM SAN.TİC.LTD.ŞTİ. | AP37: =[4]SayfaKOC!AI68 -> E110-7475 | AQ37: =[4]SayfaKOC!AQ68 -> L8609V0000110249G0013 | AR37: =[4]SayfaKOC!AH68 -> POE SWITCH | AS37: =[4]SayfaKOC!AJ68 -> 1 | AT37: =[4]SayfaKOC!GC68 -> - | AU37: =[4]SayfaKOC!AL68 | AV37: =[4]SayfaKOC!AP68 | AW37: =[4]SayfaKOC!AT68 | AX37: =V37*AC37*BC$1 -> 31950.967 | AY37: =[4]SayfaKOC!BF68 -> 6276a805 | AZ37: =[4]SayfaKOC!BD68 -> https://www.appsheet.com/Template/gettablefileurl?appname=KOC10_Failure_List-654943&tableName=SAYFA1&filename=Sayfa1_Images%2F6276a805.Resim.074909.jpg | BB37: =IF($AQ$1="X", IF(AND(G37>=$AS$1,G37<=$AT$1),IF(P37<>"D(Arıza Değil)",AC37,0), IF(AND(G37>=$AU$1,G37<=$AV$1),IF(P37<>"D(Arıza Değil)",AC37,0), "")), "") | BK37: =[4]SayfaKOC!U68 -> Tedarikçi | BL37: =[4]SayfaKOC!V68 -> ATAK ULAŞIM SAN.TİC.LTD.ŞTİ. | BN37: =IF($AQ$1="X", IF(AND(G37>=$AS$1,G37<=$AT$1),IF(P37<>"D(Arıza Değil",AC37,0),IF(AND(G37>=$AU$1,G37<=$AV$1),IF(P37<>"D:Arıza Değil",AC37,0), "x var")), "x yok") -> x var | BO37: =IF(OR(AND(G37>$AS$1,G37<$AT$1),AND(G37>$AU$1,G37<$AV$1)),"aynı gün giderilen arıza") -> FALSE | BP37: =IF(Z37-F37>0,"Bir günden fazla süren arıza",IF(OR(AND(G37>$AS$1,G37<$AT$1),AND(G37>$AU$1,G37<$AV$1)),"aynı gün giderilen arıza")) -> Bir günden fazla süren arıza | BQ37: =(Y37-H37)*24*60 -> 2885.4667 | BR37: =(AB37-Y37)*24*60 -> 19.166667 | BS37: =(AF37-H37)*24*60 -> 2904.6333 | BV37: =COUNTIFS(B$5:B$9999,B37,H$5:H$9999,"<="&AF37,AF$5:AF$9999,">="&H37)-1 -> 0 | BW37: =IF(COUNTIFS(B$5:B$9999,B37,H$5:H$9999,"<="&AF37,AF$5:AF$9999,">="&H37)>1,"Evet, çakışma var","Hayır, çakışma yok") -> Hayır, çakışma yok | BY37: =Y37-H37 -> 2.0037963 | BZ37: =AB37-Y37 -> 0.013310185 | CA37: =AB37-H37 -> 2.0171065 | CE37: 67 | CF37: =H37 -> 45623.445 | CG37: =AB37 -> 45625.462 | CK37: =AB37-Y37 -> 0.013310185 | CL37: =Y37-H37 -> 2.0037963 | CM37: =AB37-H37 -> 2.0171065 | CO37: =AC37 -> 2904.6333 | CP37: =CU37/24 -> 0.79861111 | CQ37: =G37 -> 0.44469907 | CR37: =Y37 -> 45625.448 | CS37: =AB37 -> 45625.462 | CT37: =(CR37-CQ37)*1440 -> 65700005 | CU37: =(CS37-CR37)*1440 -> 19.166667 | CV37: =(CS37-CQ37)*1440 -> 65700025 | CW37: =CT37/CV37 -> 0.99999971
A38: =[4]SayfaKOC!C65 -> KOC10 | B38: =[4]SayfaKOC!D65 -> 4123(5) | C38: =[4]SayfaKOC!E65 -> MA , MB | D38: =[4]SayfaKOC!F65 -> 4174 | E38: =[4]SayfaKOC!G65 -> BOZ-KOC10-FF-064 | F38: =IF(H38="","",INT(H38)) -> 45622 | G38: =IF(H38="","",MOD(H38,1)) -> 0.81783565 | H38: =[4]SayfaKOC!H65 -> 45622.818 | I38: =[4]SayfaKOC!I65 -> Hat/Line | J38: =IF([4]SayfaKOC!J65="Müşteri","Notified by Customer","Notified by Bozankaya") -> Notified by Customer | K38: =VLOOKUP([4]SayfaKOC!L65,Atamalar!$A$10:$B$53,2,FALSE) -> Traction_Converter | L38: =[4]SayfaKOC!X65 -> MEDCOM SP. Z O.O. | M38: =A38&"-"&E38 -> KOC10-BOZ-KOC10-FF-064 | N38: =[4]SayfaKOC!M65 -> 4123(5) numaralı tramvay seferdeyken olaylar ekranında Alarm:invertör no 1,2,3,4 MA,MB modülü arızası | O38: =[4]SayfaKOC!P65 -> B-Hız veya güç azalması | P38: =[4]SayfaKOC!Q65 -> B(Servisten çekmeye etki eden arıza) | Q38: =[4]SayfaKOC!R65 -> N.A(Yaralanma yok) | R38: {=_xlfn.IFS([4]SayfaKOC!U65="Bozankaya","Bozankaya",[4]SayfaKOC!U65="Müşteri","Customer",[4]SayfaKOC!U65="Tedarikçi","Equipment Supplier")} -> Equipment Supplier | S38: =[4]SayfaKOC!GB65 -> Çok kez olay kaydediciden log kayıtları alındı ve Michael a iletildi, geri dönüş olarak hiç problem yok oldu. Arıza çok kez gelip anlık çözülüyor bugün tekrar kayıtlar alındı ve Medcomdan Michael a iletildi. - Çok kez olay kaydediciden log kayıtları alındı ve Michael a iletildi, geri dönüş olarak hiç problem yok oldu. Arıza çok kez gelip anlık çözülüyor bugün tekrar kayıtlar alındı ve Medcomdan Michael a iletildi. 4123(5) numaralı tramvayın invertör sorunu FD-K01 rölesinde bulunan FD1147.01 numaralı kablonun yüzüksüz takılmasından kaynaklı olmuştur. Yüzük takılarak arıza çözülmüştür. | T38: =[4]SayfaKOC!AD65 -> Arıza çözülecek | U38: =[4]SayfaKOC!W65 -> Evet | V38: =[4]SayfaKOC!AZ65 -> 2 | W38: =IF(Y38="","",INT(Y38)) -> 45623 | X38: =IF(Y38="","",TEXT(Y38,"ss:dd")) -> 10:00 | Y38: =[4]SayfaKOC!AE65 -> 45623.417 | Z38: =IF(AB38="","",INT(AB38)) -> 45632 | AA38: =IF(AB38="","",TEXT(AB38,"ss:dd")) -> 14:12 | AB38: =[4]SayfaKOC!BA65 -> 45632.592 | AC38: =(AF38-H38)*24*60 -> 14074.817 | AD38: =IF(AF38="","",INT(AF38)) -> 45632 | AE38: =IF(AF38="","",TEXT(AF38,"ss:dd")) -> 14:12 | AF38: =[4]SayfaKOC!BA65 -> 45632.592 | AG38: =[4]SayfaKOC!S65 -> (I) İlk Defa Karşılaşılan Arıza | AH38: =IF(P38="A(Hareket etmeyi engelleyen arıza)","Bu Arıza Aracın Servise Verilmesine Engel", IF(P38="B(Servisten çekmeye etki eden arıza)","Bu Arıza Aracın Servise Verilmesine Engel", IF(P38="C(Sisteme etki etmeyen arıza)","Bu Arıza Aracın Servise Verilmesine Engel Değil", IF(P38="D(Arıza Değil)","Bu Arıza Aracın Servise Verilmesine Engel Değil", "Bilinmeyen Durum")))) -> Bu Arıza Aracın Servise Verilmesine Engel | AI38: =[4]SayfaKOC!AV65 | AJ38: =IF(AL38="","",INT(AL38)) | AK38: =IF(AL38="","",TEXT(AL38,"ss:dd")) | AL38: =[4]SayfaKOC!AX65 | AM38: =IF(AND(P38<>"D(Arıza Değil)",AH38="Bu Arıza Aracın Servise Verilmesine Engel Değil"),IF(Z38-F38>0,(AB38-Y38)*24*60,IF(OR(AND(G38>$AS$1,G38<$AT$1),AND(G38>$AU$1,G38<$AV$1)),(AF38-H38)*24*60,0)),AN38) -> 14074.817 | AN38: =IF(P38<>"D(Arıza Değil)",AC38,0) -> 14074.817 | AO38: =[4]SayfaKOC!AG65 -> MEDCOM SP. Z O.O. | AP38: =[4]SayfaKOC!AI65 -> P620-7010 | AQ38: =[4]SayfaKOC!AQ65 | AR38: =[4]SayfaKOC!AH65 -> COMBO KUTUSU | AS38: =[4]SayfaKOC!AJ65 -> 1 | AT38: =[4]SayfaKOC!GC65 -> - | AU38: =[4]SayfaKOC!AL65 | AV38: =[4]SayfaKOC!AP65 | AW38: =[4]SayfaKOC!AT65 | AX38: =V38*AC38*BC$1 -> 309645.97 | AY38: =[4]SayfaKOC!BF65 -> 43a4fe23 | AZ38: =[4]SayfaKOC!BD65 -> https://www.appsheet.com/Template/gettablefileurl?appname=KOC10_Failure_List-654943&tableName=SAYFA1&filename=Sayfa1_Images%2F43a4fe23.Resim.065632.jpg | BB38: =IF($AQ$1="X", IF(AND(G38>=$AS$1,G38<=$AT$1),IF(P38<>"D(Arıza Değil)",AC38,0), IF(AND(G38>=$AU$1,G38<=$AV$1),IF(P38<>"D(Arıza Değil)",AC38,0), "")), "") | BK38: =[4]SayfaKOC!U65 -> Tedarikçi | BL38: =[4]SayfaKOC!V65 -> MEDCOM SP. Z O.O. | BN38: =IF($AQ$1="X", IF(AND(G38>=$AS$1,G38<=$AT$1),IF(P38<>"D(Arıza Değil",AC38,0),IF(AND(G38>=$AU$1,G38<=$AV$1),IF(P38<>"D:Arıza Değil",AC38,0), "x var")), "x yok") -> x var | BO38: =IF(OR(AND(G38>$AS$1,G38<$AT$1),AND(G38>$AU$1,G38<$AV$1)),"aynı gün giderilen arıza") -> FALSE | BP38: =IF(Z38-F38>0,"Bir günden fazla süren arıza",IF(OR(AND(G38>$AS$1,G38<$AT$1),AND(G38>$AU$1,G38<$AV$1)),"aynı gün giderilen arıza")) -> Bir günden fazla süren arıza | BQ38: =(Y38-H38)*24*60 -> 862.35 | BR38: =(AB38-Y38)*24*60 -> 13212.467 | BS38: =(AF38-H38)*24*60 -> 14074.817 | BV38: =COUNTIFS(B$5:B$9999,B38,H$5:H$9999,"<="&AF38,AF$5:AF$9999,">="&H38)-1 -> 1 | BW38: =IF(COUNTIFS(B$5:B$9999,B38,H$5:H$9999,"<="&AF38,AF$5:AF$9999,">="&H38)>1,"Evet, çakışma var","Hayır, çakışma yok") -> Evet, çakışma var | BY38: =Y38-H38 -> 0.59885417 | BZ38: =AB38-Y38 -> 9.1753241 | CA38: =AB38-H38 -> 9.7741782 | CE38: 64 | CF38: =H38 -> 45622.818 | CG38: =AB38 -> 45632.592 | CK38: =AB38-Y38 -> 9.1753241 | CL38: =Y38-H38 -> 0.59885417 | CM38: =AB38-H38 -> 9.7741782 | CO38: =AC38 -> 14074.817 | CP38: =CU38/24 -> 550.51944 | CQ38: =G38 -> 0.81783565 | CR38: =Y38 -> 45623.417 | CS38: =AB38 -> 45632.592 | CT38: =(CR38-CQ38)*1440 -> 65696542 | CU38: =(CS38-CR38)*1440 -> 13212.467 | CV38: =(CS38-CQ38)*1440 -> 65709755 | CW38: =CT38/CV38 -> 0.99979893
A39: =[4]SayfaKOC!C67 -> KOC10 | B39: =[4]SayfaKOC!D67 -> 4123(5) | C39: =[4]SayfaKOC!E67 -> MB | D39: =[4]SayfaKOC!F67 -> 4174 | E39: =[4]SayfaKOC!G67 -> BOZ-KOC10-FF-066 | F39: =IF(H39="","",INT(H39)) -> 45621 | G39: =IF(H39="","",MOD(H39,1)) -> 0.42587963 | H39: =[4]SayfaKOC!H67 -> 45621.426 | I39: =[4]SayfaKOC!I67 -> Depo/Depot | J39: =IF([4]SayfaKOC!J67="Müşteri","Notified by Customer","Notified by Bozankaya") -> Notified by Bozankaya | K39: =VLOOKUP([4]SayfaKOC!L67,Atamalar!$A$10:$B$53,2,FALSE) -> Radio | L39: =[4]SayfaKOC!X67 | M39: =A39&"-"&E39 -> KOC10-BOZ-KOC10-FF-066 | N39: =[4]SayfaKOC!M67 -> 4123(5) Numaralı tramvayın sürücü kabin B telsizi açma tuşuna basılı tutana kadar açık kalıyor. | O39: =[4]SayfaKOC!P67 -> C-Uyarı, sürüş devamlılığı | P39: =[4]SayfaKOC!Q67 -> B(Servisten çekmeye etki eden arıza) | Q39: =[4]SayfaKOC!R67 -> N.A(Yaralanma yok) | R39: {=_xlfn.IFS([4]SayfaKOC!U67="Bozankaya","Bozankaya",[4]SayfaKOC!U67="Müşteri","Customer",[4]SayfaKOC!U67="Tedarikçi","Equipment Supplier")} -> Equipment Supplier | S39: =[4]SayfaKOC!GB67 -> Telsiz güç bağlantısı söküldü, ölçüm yapıldı 24V görüldü, ekipman ssh yedek malzemeden değiştirildi çalışıyor. - Ekipman ssh yedek malzemesinden değiştirilmiştir. | T39: =[4]SayfaKOC!AD67 -> Ekipman değiştirilecek | U39: =[4]SayfaKOC!W67 -> Evet | V39: =[4]SayfaKOC!AZ67 -> 1 | W39: =IF(Y39="","",INT(Y39)) -> 45621 | X39: =IF(Y39="","",TEXT(Y39,"ss:dd")) -> 10:30 | Y39: =[4]SayfaKOC!AE67 -> 45621.438 | Z39: =IF(AB39="","",INT(AB39)) -> 45625 | AA39: =IF(AB39="","",TEXT(AB39,"ss:dd")) -> 10:45 | AB39: =[4]SayfaKOC!BA67 -> 45625.449 | AC39: =(AF39-H39)*24*60 -> 5792.6167 | AD39: =IF(AF39="","",INT(AF39)) -> 45625 | AE39: =IF(AF39="","",TEXT(AF39,"ss:dd")) -> 10:45 | AF39: =[4]SayfaKOC!BA67 -> 45625.449 | AG39: =[4]SayfaKOC!S67 -> (I) İlk Defa Karşılaşılan Arıza | AH39: =IF(P39="A(Hareket etmeyi engelleyen arıza)","Bu Arıza Aracın Servise Verilmesine Engel", IF(P39="B(Servisten çekmeye etki eden arıza)","Bu Arıza Aracın Servise Verilmesine Engel", IF(P39="C(Sisteme etki etmeyen arıza)","Bu Arıza Aracın Servise Verilmesine Engel Değil", IF(P39="D(Arıza Değil)","Bu Arıza Aracın Servise Verilmesine Engel Değil", "Bilinmeyen Durum")))) -> Bu Arıza Aracın Servise Verilmesine Engel | AI39: =[4]SayfaKOC!AV67 | AJ39: =IF(AL39="","",INT(AL39)) | AK39: =IF(AL39="","",TEXT(AL39,"ss:dd")) | AL39: =[4]SayfaKOC!AX67 | AM39: =IF(AND(P39<>"D(Arıza Değil)",AH39="Bu Arıza Aracın Servise Verilmesine Engel Değil"),IF(Z39-F39>0,(AB39-Y39)*24*60,IF(OR(AND(G39>$AS$1,G39<$AT$1),AND(G39>$AU$1,G39<$AV$1)),(AF39-H39)*24*60,0)),AN39) -> 5792.6167 | AN39: =IF(P39<>"D(Arıza Değil)",AC39,0) -> 5792.6167 | AO39: =[4]SayfaKOC!AG67 -> Bozankaya | AP39: =[4]SayfaKOC!AI67 -> 0 | AQ39: =[4]SayfaKOC!AQ67 | AR39: =[4]SayfaKOC!AH67 -> 0 | AS39: =[4]SayfaKOC!AJ67 -> 1 | AT39: =[4]SayfaKOC!GC67 -> - | AU39: =[4]SayfaKOC!AL67 | AV39: =[4]SayfaKOC!AP67 | AW39: =[4]SayfaKOC!AT67 | AX39: =V39*AC39*BC$1 -> 63718.783 | AY39: =[4]SayfaKOC!BF67 -> a77b0b50 | AZ39: =[4]SayfaKOC!BD67 -> https://www.appsheet.com/Template/gettablefileurl?appname=KOC10_Failure_List-654943&tableName=SAYFA1&filename=Sayfa1_Images%2Fa77b0b50.Resim.072150.jpg | BB39: =IF($AQ$1="X", IF(AND(G39>=$AS$1,G39<=$AT$1),IF(P39<>"D(Arıza Değil)",AC39,0), IF(AND(G39>=$AU$1,G39<=$AV$1),IF(P39<>"D(Arıza Değil)",AC39,0), "")), "") | BK39: =[4]SayfaKOC!U67 -> Tedarikçi | BL39: =[4]SayfaKOC!V67 -> Bozankaya | BN39: =IF($AQ$1="X", IF(AND(G39>=$AS$1,G39<=$AT$1),IF(P39<>"D(Arıza Değil",AC39,0),IF(AND(G39>=$AU$1,G39<=$AV$1),IF(P39<>"D:Arıza Değil",AC39,0), "x var")), "x yok") -> x var | BO39: =IF(OR(AND(G39>$AS$1,G39<$AT$1),AND(G39>$AU$1,G39<$AV$1)),"aynı gün giderilen arıza") -> FALSE | BP39: =IF(Z39-F39>0,"Bir günden fazla süren arıza",IF(OR(AND(G39>$AS$1,G39<$AT$1),AND(G39>$AU$1,G39<$AV$1)),"aynı gün giderilen arıza")) -> Bir günden fazla süren arıza | BQ39: =(Y39-H39)*24*60 -> 17.483333 | BR39: =(AB39-Y39)*24*60 -> 5775.1333 | BS39: =(AF39-H39)*24*60 -> 5792.6167 | BV39: =COUNTIFS(B$5:B$9999,B39,H$5:H$9999,"<="&AF39,AF$5:AF$9999,">="&H39)-1 -> 1 | BW39: =IF(COUNTIFS(B$5:B$9999,B39,H$5:H$9999,"<="&AF39,AF$5:AF$9999,">="&H39)>1,"Evet, çakışma var","Hayır, çakışma yok") -> Evet, çakışma var | BY39: =Y39-H39 -> 0.012141204 | BZ39: =AB39-Y39 -> 4.0105093 | CA39: =AB39-H39 -> 4.0226505 | CE39: 66 | CF39: =H39 -> 45621.426 | CG39: =AB39 -> 45625.449 | CK39: =AB39-Y39 -> 4.0105093 | CL39: =Y39-H39 -> 0.012141204 | CM39: =AB39-H39 -> 4.0226505 | CO39: =AC39 -> 5792.6167 | CP39: =CU39/24 -> 240.63056 | CQ39: =G39 -> 0.42587963 | CR39: =Y39 -> 45621.438 | CS39: =AB39 -> 45625.449 | CT39: =(CR39-CQ39)*1440 -> 65694257 | CU39: =(CS39-CR39)*1440 -> 5775.1333 | CV39: =(CS39-CQ39)*1440 -> 65700033 | CW39: =CT39/CV39 -> 0.9999121
A40: =[4]SayfaKOC!C64 -> KOC10 | B40: =[4]SayfaKOC!D64 -> 4123(5) | C40: =[4]SayfaKOC!E64 -> RB | D40: =[4]SayfaKOC!F64 -> 3943 | E40: =[4]SayfaKOC!G64 -> BOZ-KOC10-FF-063 | F40: =IF(H40="","",INT(H40)) -> 45614 | G40: =IF(H40="","",MOD(H40,1)) -> 0.64622685 | H40: =[4]SayfaKOC!H64 -> 45614.646 | I40: =[4]SayfaKOC!I64 -> Depo/Depot | J40: =IF([4]SayfaKOC!J64="Müşteri","Notified by Customer","Notified by Bozankaya") -> Notified by Bozankaya | K40: =VLOOKUP([4]SayfaKOC!L64,Atamalar!$A$10:$B$53,2,FALSE) -> Passenger_Information | L40: =[4]SayfaKOC!X64 -> ATAK ULAŞIM SAN.TİC.LTD.ŞTİ. | M40: =A40&"-"&E40 -> KOC10-BOZ-KOC10-FF-063 | N40: =[4]SayfaKOC!M64 -> 4123(5) numaralı tramvayın orta reklam ekranına bilgiyi ileten TRANSMİTTER-2 cihazına gelen güç kablosundan enerji ölçümü yapılarak enerji olduğu tespit edilip cihazın çalışmadığı anlaşılmıştır.. | O40: =[4]SayfaKOC!P64 -> C-Uyarı, sürüş devamlılığı | P40: =[4]SayfaKOC!Q64 -> C(Sisteme etki etmeyen arıza) | Q40: =[4]SayfaKOC!R64 -> N.A(Yaralanma yok) | R40: {=_xlfn.IFS([4]SayfaKOC!U66="Bozankaya","Bozankaya",[4]SayfaKOC!U66="Müşteri","Customer",[4]SayfaKOC!U66="Tedarikçi","Equipment Supplier")} -> Bozankaya | S40: =[4]SayfaKOC!GB64 -> 4120(2) numaralı tramvaydan alınıp 4123(5) numaralı tramvaya takılmıştır. 2. tren eksikliği için sipariş açılmıştır. - 4120(2) numaralı tramvaydan alınıp 4123(5) numaralı tramvaya takılmıştır. 2. tren eksikliği için sipariş açılmıştır. | T40: =[4]SayfaKOC!AD64 -> Ekipman değiştirilecek | U40: =[4]SayfaKOC!W64 -> Evet | V40: =[4]SayfaKOC!AZ64 -> 1 | W40: =IF(Y40="","",INT(Y40)) -> 45614 | X40: =IF(Y40="","",TEXT(Y40,"ss:dd")) -> 16:00 | Y40: =[4]SayfaKOC!AE64 -> 45614.667 | Z40: =IF(AB40="","",INT(AB40)) -> 45614 | AA40: =IF(AB40="","",TEXT(AB40,"ss:dd")) -> 16:15 | AB40: =[4]SayfaKOC!BA64 -> 45614.678 | AC40: =(AF40-H40)*24*60 -> 45.066667 | AD40: =IF(AF40="","",INT(AF40)) -> 45614 | AE40: =IF(AF40="","",TEXT(AF40,"ss:dd")) -> 16:15 | AF40: =[4]SayfaKOC!BA64 -> 45614.678 | AG40: =[4]SayfaKOC!S64 -> (I) İlk Defa Karşılaşılan Arıza | AH40: =IF(P40="A(Hareket etmeyi engelleyen arıza)","Bu Arıza Aracın Servise Verilmesine Engel", IF(P40="B(Servisten çekmeye etki eden arıza)","Bu Arıza Aracın Servise Verilmesine Engel", IF(P40="C(Sisteme etki etmeyen arıza)","Bu Arıza Aracın Servise Verilmesine Engel Değil", IF(P40="D(Arıza Değil)","Bu Arıza Aracın Servise Verilmesine Engel Değil", "Bilinmeyen Durum")))) -> Bu Arıza Aracın Servise Verilmesine Engel Değil | AI40: =[4]SayfaKOC!AV64 | AJ40: =IF(AL40="","",INT(AL40)) | AK40: =IF(AL40="","",TEXT(AL40,"ss:dd")) | AL40: =[4]SayfaKOC!AX64 | AM40: =IF(AND(P40<>"D(Arıza Değil)",AH40="Bu Arıza Aracın Servise Verilmesine Engel Değil"),IF(Z40-F40>0,(AB40-Y40)*24*60,IF(OR(AND(G40>$AS$1,G40<$AT$1),AND(G40>$AU$1,G40<$AV$1)),(AF40-H40)*24*60,0)),AN40) -> 0 | AN40: =IF(P40<>"D(Arıza Değil)",AC40,0) -> 45.066667 | AO40: =[4]SayfaKOC!AG64 -> ATAK ULAŞIM SAN.TİC.LTD.ŞTİ. | AP40: =[4]SayfaKOC!AI64 -> E110-7516 | AQ40: =[4]SayfaKOC!AQ64 -> 190122013053 | AR40: =[4]SayfaKOC!AH64 -> EKRAN TRANSMİTTER | AS40: =[4]SayfaKOC!AJ64 -> 1 | AT40: =[4]SayfaKOC!GC64 -> KOC SSH 104 - | AU40: =[4]SayfaKOC!AL64 -> 45614.648 | AV40: =[4]SayfaKOC!AP64 | AW40: =[4]SayfaKOC!AT64 | AX40: =V40*AC40*BC$1 -> 495.73333 | AY40: =[4]SayfaKOC!BF64 -> e4df9f0e | AZ40: =[4]SayfaKOC!BD64 -> https://www.appsheet.com/Template/gettablefileurl?appname=KOC10_Failure_List-654943&tableName=SAYFA1&filename=Sayfa1_Images%2Fe4df9f0e.Resim.063129.jpg | BB40: =IF($AQ$1="X", IF(AND(G40>=$AS$1,G40<=$AT$1),IF(P40<>"D(Arıza Değil)",AC40,0), IF(AND(G40>=$AU$1,G40<=$AV$1),IF(P40<>"D(Arıza Değil)",AC40,0), "")), "") | BK40: =[4]SayfaKOC!U64 -> Tedarikçi | BL40: =[4]SayfaKOC!V64 -> ATAK ULAŞIM SAN.TİC.LTD.ŞTİ. | BN40: =IF($AQ$1="X", IF(AND(G40>=$AS$1,G40<=$AT$1),IF(P40<>"D(Arıza Değil",AC40,0),IF(AND(G40>=$AU$1,G40<=$AV$1),IF(P40<>"D:Arıza Değil",AC40,0), "x var")), "x yok") -> x var | BO40: =IF(OR(AND(G40>$AS$1,G40<$AT$1),AND(G40>$AU$1,G40<$AV$1)),"aynı gün giderilen arıza") -> FALSE | BP40: =IF(Z40-F40>0,"Bir günden fazla süren arıza",IF(OR(AND(G40>$AS$1,G40<$AT$1),AND(G40>$AU$1,G40<$AV$1)),"aynı gün giderilen arıza")) -> FALSE | BQ40: =(Y40-H40)*24*60 -> 29.433333 | BR40: =(AB40-Y40)*24*60 -> 15.633333 | BS40: =(AF40-H40)*24*60 -> 45.066667 | BV40: =COUNTIFS(B$5:B$9999,B40,H$5:H$9999,"<="&AF40,AF$5:AF$9999,">="&H40)-1 -> 0 | BW40: =IF(COUNTIFS(B$5:B$9999,B40,H$5:H$9999,"<="&AF40,AF$5:AF$9999,">="&H40)>1,"Evet, çakışma var","Hayır, çakışma yok") -> Hayır, çakışma yok | BY40: =Y40-H40 -> 0.020439815 | BZ40: =AB40-Y40 -> 0.010856482 | CA40: =AB40-H40 -> 0.031296296 | CE40: 63 | CF40: =H40 -> 45614.646 | CG40: =AB40 -> 45614.678 | CK40: =AB40-Y40 -> 0.010856482 | CL40: =Y40-H40 -> 0.020439815 | CM40: =AB40-H40 -> 0.031296296 | CO40: =AC40 -> 45.066667 | CP40: =CU40/24 -> 0.65138889 | CQ40: =G40 -> 0.64622685 | CR40: =Y40 -> 45614.667 | CS40: =AB40 -> 45614.678 | CT40: =(CR40-CQ40)*1440 -> 65684189 | CU40: =(CS40-CR40)*1440 -> 15.633333 | CV40: =(CS40-CQ40)*1440 -> 65684205 | CW40: =CT40/CV40 -> 0.99999976
A41: =[4]SayfaKOC!C62 -> KOC10 | B41: =[4]SayfaKOC!D62 -> 4119(1) | C41: =[4]SayfaKOC!E62 -> P | D41: =[4]SayfaKOC!F62 -> 10296 | E41: =[4]SayfaKOC!G62 -> BOZ-KOC10-FF-061 | F41: =IF(H41="","",INT(H41)) -> 45583 | G41: =IF(H41="","",MOD(H41,1)) -> 0.40677083 | H41: =[4]SayfaKOC!H62 -> 45583.407 | I41: =[4]SayfaKOC!I62 -> Depo/Depot | J41: =IF([4]SayfaKOC!J62="Müşteri","Notified by Customer","Notified by Bozankaya") -> Notified by Bozankaya | K41: =VLOOKUP([4]SayfaKOC!L62,Atamalar!$A$10:$B$53,2,FALSE) -> Traction_Converter | L41: =[4]SayfaKOC!X62 -> MEDCOM SP. Z O.O. | M41: =A41&"-"&E41 -> KOC10-BOZ-KOC10-FF-061 | N41: =[4]SayfaKOC!M62 -> Kayma Önleyici Kontrolcüsü (STG03) için Medcomdan Michael a uzak bağlantı verildi ve cihazın arızalı olduğu tespit edildi. | O41: =[4]SayfaKOC!P62 -> B-Hız veya güç azalması | P41: =[4]SayfaKOC!Q62 -> B(Servisten çekmeye etki eden arıza) | Q41: =[4]SayfaKOC!R62 -> N.A(Yaralanma yok) | R41: {=_xlfn.IFS([4]SayfaKOC!U62="Bozankaya","Bozankaya",[4]SayfaKOC!U62="Müşteri","Customer",[4]SayfaKOC!U62="Tedarikçi","Equipment Supplier")} -> Equipment Supplier | S41: =[4]SayfaKOC!GB62 -> 4120(2) tramvayının Kayma Önleyici Kontrolcüsü (STG03) alınıp 4119(1) numaralı tramvaya takıldı. Kontrolleri Medcom tarafından yapıldı cihaz çalışıyor. - 4120(2) tramvayının Kayma Önleyici Kontrolcüsü (STG03) alınıp 4119(1) numaralı tramvaya takıldı. Kontrolleri Medcom tarafından yapıldı cihaz çalışıyor. | T41: =[4]SayfaKOC!AD62 -> Ekipman değiştirilecek | U41: =[4]SayfaKOC!W62 -> Evet | V41: =[4]SayfaKOC!AZ62 -> 1 | W41: =IF(Y41="","",INT(Y41)) -> 45583 | X41: =IF(Y41="","",TEXT(Y41,"ss:dd")) -> 10:00 | Y41: =[4]SayfaKOC!AE62 -> 45583.417 | Z41: =IF(AB41="","",INT(AB41)) -> 45583 | AA41: =IF(AB41="","",TEXT(AB41,"ss:dd")) -> 14:50 | AB41: =[4]SayfaKOC!BA62 -> 45583.619 | AC41: =(AF41-H41)*24*60 -> 304.98333 | AD41: =IF(AF41="","",INT(AF41)) -> 45583 | AE41: =IF(AF41="","",TEXT(AF41,"ss:dd")) -> 14:50 | AF41: =[4]SayfaKOC!BA62 -> 45583.619 | AG41: =[4]SayfaKOC!S62 -> (I) İlk Defa Karşılaşılan Arıza | AH41: =IF(P41="A(Hareket etmeyi engelleyen arıza)","Bu Arıza Aracın Servise Verilmesine Engel", IF(P41="B(Servisten çekmeye etki eden arıza)","Bu Arıza Aracın Servise Verilmesine Engel", IF(P41="C(Sisteme etki etmeyen arıza)","Bu Arıza Aracın Servise Verilmesine Engel Değil", IF(P41="D(Arıza Değil)","Bu Arıza Aracın Servise Verilmesine Engel Değil", "Bilinmeyen Durum")))) -> Bu Arıza Aracın Servise Verilmesine Engel | AI41: =[4]SayfaKOC!AV62 | AJ41: =IF(AL41="","",INT(AL41)) | AK41: =IF(AL41="","",TEXT(AL41,"ss:dd")) | AL41: =[4]SayfaKOC!AX62 | AM41: =IF(AND(P41<>"D(Arıza Değil)",AH41="Bu Arıza Aracın Servise Verilmesine Engel Değil"),IF(Z41-F41>0,(AB41-Y41)*24*60,IF(OR(AND(G41>$AS$1,G41<$AT$1),AND(G41>$AU$1,G41<$AV$1)),(AF41-H41)*24*60,0)),AN41) -> 304.98333 | AN41: =IF(P41<>"D(Arıza Değil)",AC41,0) -> 304.98333 | AO41: =[4]SayfaKOC!AG62 -> MEDCOM SP. Z O.O. | AP41: =[4]SayfaKOC!AI62 -> P750-7001 | AQ41: =[4]SayfaKOC!AQ62 -> Z/115099/004 | AR41: =[4]SayfaKOC!AH62 -> (STG03)XKAYMA ÖNLEYİCİ KONTROLCÜSÜ | AS41: =[4]SayfaKOC!AJ62 -> 1 | AT41: =[4]SayfaKOC!GC62 -> - | AU41: =[4]SayfaKOC!AL62 | AV41: =[4]SayfaKOC!AP62 | AW41: =[4]SayfaKOC!AT62 | AX41: =V41*AC41*BC$1 -> 3354.8167 | AY41: =[4]SayfaKOC!BF62 -> e06bfd18 | AZ41: =[4]SayfaKOC!BD62 -> https://www.appsheet.com/Template/gettablefileurl?appname=KOC10_Failure_List-654943&tableName=SAYFA1&filename=Sayfa1_Images%2Fe06bfd18.Resim.120040.jpg | BB41: =IF($AQ$1="X", IF(AND(G41>=$AS$1,G41<=$AT$1),IF(P41<>"D(Arıza Değil)",AC41,0), IF(AND(G41>=$AU$1,G41<=$AV$1),IF(P41<>"D(Arıza Değil)",AC41,0), "")), "") | BK41: =[4]SayfaKOC!U62 -> Tedarikçi | BL41: =[4]SayfaKOC!V62 -> MEDCOM SP. Z O.O. | BN41: =IF($AQ$1="X", IF(AND(G41>=$AS$1,G41<=$AT$1),IF(P41<>"D(Arıza Değil",AC41,0),IF(AND(G41>=$AU$1,G41<=$AV$1),IF(P41<>"D:Arıza Değil",AC41,0), "x var")), "x yok") -> x var | BO41: =IF(OR(AND(G41>$AS$1,G41<$AT$1),AND(G41>$AU$1,G41<$AV$1)),"aynı gün giderilen arıza") -> FALSE | BP41: =IF(Z41-F41>0,"Bir günden fazla süren arıza",IF(OR(AND(G41>$AS$1,G41<$AT$1),AND(G41>$AU$1,G41<$AV$1)),"aynı gün giderilen arıza")) -> FALSE | BQ41: =(Y41-H41)*24*60 -> 14.516667 | BR41: =(AB41-Y41)*24*60 -> 290.46667 | BS41: =(AF41-H41)*24*60 -> 304.98333 | BV41: =COUNTIFS(B$5:B$9999,B41,H$5:H$9999,"<="&AF41,AF$5:AF$9999,">="&H41)-1 -> 0 | BW41: =IF(COUNTIFS(B$5:B$9999,B41,H$5:H$9999,"<="&AF41,AF$5:AF$9999,">="&H41)>1,"Evet, çakışma var","Hayır, çakışma yok") -> Hayır, çakışma yok | BY41: =Y41-H41 -> 0.010081018 | BZ41: =AB41-Y41 -> 0.20171296 | CA41: =AB41-H41 -> 0.21179398 | CE41: 61 | CF41: =H41 -> 45583.407 | CG41: =AB41 -> 45583.619 | CK41: =AB41-Y41 -> 0.20171296 | CL41: =Y41-H41 -> 0.010081018 | CM41: =AB41-H41 -> 0.21179398 | CO41: =AC41 -> 304.98333 | CP41: =CU41/24 -> 12.102778 | CQ41: =G41 -> 0.40677083 | CR41: =Y41 -> 45583.417 | CS41: =AB41 -> 45583.619 | CT41: =(CR41-CQ41)*1440 -> 65639535 | CU41: =(CS41-CR41)*1440 -> 290.46667 | CV41: =(CS41-CQ41)*1440 -> 65639825 | CW41: =CT41/CV41 -> 0.99999557
A42: =[4]SayfaKOC!C63 -> KOC10 | B42: =[4]SayfaKOC!D63 -> 4123(5) | C42: =[4]SayfaKOC!E63 -> MA | D42: =[4]SayfaKOC!F63 -> 2309 | E42: =[4]SayfaKOC!G63 -> BOZ-KOC10-FF-062 | F42: =IF(H42="","",INT(H42)) -> 45583 | G42: =IF(H42="","",MOD(H42,1)) -> 0.65280093 | H42: =[4]SayfaKOC!H63 -> 45583.653 | I42: =[4]SayfaKOC!I63 -> Hat/Line | J42: =IF([4]SayfaKOC!J63="Müşteri","Notified by Customer","Notified by Bozankaya") -> Notified by Bozankaya | K42: =VLOOKUP([4]SayfaKOC!L63,Atamalar!$A$10:$B$53,2,FALSE) -> Passenger_Information | L42: =[4]SayfaKOC!X63 -> ATAK ULAŞIM SAN.TİC.LTD.ŞTİ. | M42: =A42&"-"&E42 -> KOC10-BOZ-KOC10-FF-062 | N42: =[4]SayfaKOC!M63 -> Sürücü kabinindeki CCTV ekranında hiç görüntü yok. | O42: =[4]SayfaKOC!P63 -> C-Uyarı, sürüş devamlılığı | P42: =[4]SayfaKOC!Q63 -> B(Servisten çekmeye etki eden arıza) | Q42: =[4]SayfaKOC!R63 -> N.A(Yaralanma yok) | R42: {=_xlfn.IFS([4]SayfaKOC!U63="Bozankaya","Bozankaya",[4]SayfaKOC!U63="Müşteri","Customer",[4]SayfaKOC!U63="Tedarikçi","Equipment Supplier")} -> Equipment Supplier | S42: =[4]SayfaKOC!GB63 -> Atak ulaşıma uzak bağlantı verilerek sorunun neyden kaynaklandığına bakıldı. Nvr kayıt cihazı arızalanmış işletme sefere tren istediğinden 4120(2) treninden alınıp takıldı, çalışıyor. - 4120(2) tramvayından alındı 4123(5) numaralı tramvaya takıldı, atak ulaşıma uzak bağlantı verildi ayarları yapıldı ve çalıştığı görüldü. | T42: =[4]SayfaKOC!AD63 -> Ekipman değiştirilecek | U42: =[4]SayfaKOC!W63 -> Evet | V42: =[4]SayfaKOC!AZ63 -> 2 | W42: =IF(Y42="","",INT(Y42)) -> 45583 | X42: =IF(Y42="","",TEXT(Y42,"ss:dd")) -> 15:50 | Y42: =[4]SayfaKOC!AE63 -> 45583.66 | Z42: =IF(AB42="","",INT(AB42)) -> 45583 | AA42: =IF(AB42="","",TEXT(AB42,"ss:dd")) -> 16:20 | AB42: =[4]SayfaKOC!BA63 -> 45583.681 | AC42: =(AF42-H42)*24*60 -> 40.6 | AD42: =IF(AF42="","",INT(AF42)) -> 45583 | AE42: =IF(AF42="","",TEXT(AF42,"ss:dd")) -> 16:20 | AF42: =[4]SayfaKOC!BA63 -> 45583.681 | AG42: =[4]SayfaKOC!S63 -> (I) İlk Defa Karşılaşılan Arıza | AH42: =IF(P42="A(Hareket etmeyi engelleyen arıza)","Bu Arıza Aracın Servise Verilmesine Engel", IF(P42="B(Servisten çekmeye etki eden arıza)","Bu Arıza Aracın Servise Verilmesine Engel", IF(P42="C(Sisteme etki etmeyen arıza)","Bu Arıza Aracın Servise Verilmesine Engel Değil", IF(P42="D(Arıza Değil)","Bu Arıza Aracın Servise Verilmesine Engel Değil", "Bilinmeyen Durum")))) -> Bu Arıza Aracın Servise Verilmesine Engel | AI42: =[4]SayfaKOC!AV63 | AJ42: =IF(AL42="","",INT(AL42)) | AK42: =IF(AL42="","",TEXT(AL42,"ss:dd")) | AL42: =[4]SayfaKOC!AX63 | AM42: =IF(AND(P42<>"D(Arıza Değil)",AH42="Bu Arıza Aracın Servise Verilmesine Engel Değil"),IF(Z42-F42>0,(AB42-Y42)*24*60,IF(OR(AND(G42>$AS$1,G42<$AT$1),AND(G42>$AU$1,G42<$AV$1)),(AF42-H42)*24*60,0)),AN42) -> 40.6 | AN42: =IF(P42<>"D(Arıza Değil)",AC42,0) -> 40.6 | AO42: =[4]SayfaKOC!AG63 -> ATAK ULAŞIM SAN.TİC.LTD.ŞTİ. | AP42: =[4]SayfaKOC!AI63 -> E810-7098 | AQ42: =[4]SayfaKOC!AQ63 | AR42: =[4]SayfaKOC!AH63 -> MNVR (VİDEO KAYIT CİHAZI) | AS42: =[4]SayfaKOC!AJ63 -> 1 | AT42: =[4]SayfaKOC!GC63 -> - | AU42: =[4]SayfaKOC!AL63 | AV42: =[4]SayfaKOC!AP63 | AW42: =[4]SayfaKOC!AT63 | AX42: =V42*AC42*BC$1 -> 893.2 | AY42: =[4]SayfaKOC!BF63 -> f4ca594a | AZ42: =[4]SayfaKOC!BD63 -> https://www.appsheet.com/Template/gettablefileurl?appname=KOC10_Failure_List-654943&tableName=SAYFA1&filename=Sayfa1_Images%2Ff4ca594a.Resim.065734.jpg | BB42: =IF($AQ$1="X", IF(AND(G42>=$AS$1,G42<=$AT$1),IF(P42<>"D(Arıza Değil)",AC42,0), IF(AND(G42>=$AU$1,G42<=$AV$1),IF(P42<>"D(Arıza Değil)",AC42,0), "")), "") | BK42: =[4]SayfaKOC!U63 -> Tedarikçi | BL42: =[4]SayfaKOC!V63 -> ATAK ULAŞIM SAN.TİC.LTD.ŞTİ. | BN42: =IF($AQ$1="X", IF(AND(G42>=$AS$1,G42<=$AT$1),IF(P42<>"D(Arıza Değil",AC42,0),IF(AND(G42>=$AU$1,G42<=$AV$1),IF(P42<>"D:Arıza Değil",AC42,0), "x var")), "x yok") -> x var | BO42: =IF(OR(AND(G42>$AS$1,G42<$AT$1),AND(G42>$AU$1,G42<$AV$1)),"aynı gün giderilen arıza") -> FALSE | BP42: =IF(Z42-F42>0,"Bir günden fazla süren arıza",IF(OR(AND(G42>$AS$1,G42<$AT$1),AND(G42>$AU$1,G42<$AV$1)),"aynı gün giderilen arıza")) -> FALSE | BQ42: =(Y42-H42)*24*60 -> 10.883333 | BR42: =(AB42-Y42)*24*60 -> 29.716667 | BS42: =(AF42-H42)*24*60 -> 40.6 | BV42: =COUNTIFS(B$5:B$9999,B42,H$5:H$9999,"<="&AF42,AF$5:AF$9999,">="&H42)-1 -> 0 | BW42: =IF(COUNTIFS(B$5:B$9999,B42,H$5:H$9999,"<="&AF42,AF$5:AF$9999,">="&H42)>1,"Evet, çakışma var","Hayır, çakışma yok") -> Hayır, çakışma yok | BY42: =Y42-H42 -> 0.0075578704 | BZ42: =AB42-Y42 -> 0.020636574 | CA42: =AB42-H42 -> 0.028194445 | CE42: 62 | CF42: =H42 -> 45583.653 | CG42: =AB42 -> 45583.681 | CK42: =AB42-Y42 -> 0.020636574 | CL42: =Y42-H42 -> 0.0075578704 | CM42: =AB42-H42 -> 0.028194445 | CO42: =AC42 -> 40.6 | CP42: =CU42/24 -> 1.2381944 | CQ42: =G42 -> 0.65280093 | CR42: =Y42 -> 45583.66 | CS42: =AB42 -> 45583.681 | CT42: =(CR42-CQ42)*1440 -> 65639531 | CU42: =(CS42-CR42)*1440 -> 29.716667 | CV42: =(CS42-CQ42)*1440 -> 65639561 | CW42: =CT42/CV42 -> 0.99999955
A43: =[4]SayfaKOC!C61 -> KOC10 | B43: =[4]SayfaKOC!D61 -> 4122(4) | C43: =[4]SayfaKOC!E61 -> RA | D43: =[4]SayfaKOC!F61 -> 2302 | E43: =[4]SayfaKOC!G61 -> BOZ-KOC10-FF-060 | F43: =IF(H43="","",INT(H43)) -> 45580 | G43: =IF(H43="","",MOD(H43,1)) -> 0.47891204 | H43: =[4]SayfaKOC!H61 -> 45580.479 | I43: =[4]SayfaKOC!I61 -> Depo/Depot | J43: =IF([4]SayfaKOC!J61="Müşteri","Notified by Customer","Notified by Bozankaya") -> Notified by Bozankaya | K43: =VLOOKUP([4]SayfaKOC!L61,Atamalar!$A$10:$B$53,2,FALSE) -> Passenger_Information | L43: =[4]SayfaKOC!X61 -> ATAK ULAŞIM SAN.TİC.LTD.ŞTİ. | M43: =A43&"-"&E43 -> KOC10-BOZ-KOC10-FF-060 | N43: =[4]SayfaKOC!M61 -> Orta reklam ekranının (Antalya Ekran) güç kablosuna enerji geliyor, ekran çalışmıyor. | O43: =[4]SayfaKOC!P61 -> C-Uyarı, sürüş devamlılığı | P43: =[4]SayfaKOC!Q61 -> C(Sisteme etki etmeyen arıza) | Q43: =[4]SayfaKOC!R61 -> N.A(Yaralanma yok) | R43: {=_xlfn.IFS([4]SayfaKOC!U61="Bozankaya","Bozankaya",[4]SayfaKOC!U61="Müşteri","Customer",[4]SayfaKOC!U61="Tedarikçi","Equipment Supplier")} -> Equipment Supplier | S43: =[4]SayfaKOC!GB61 -> SSH yedek malzemesinden değişimi sağlandı, çalışıyor. - SSH yedek malzemesinden değişimi sağlandı, çalışıyor. | T43: =[4]SayfaKOC!AD61 -> Ekipman değiştirilecek | U43: =[4]SayfaKOC!W61 -> Evet | V43: =[4]SayfaKOC!AZ61 -> 2 | W43: =IF(Y43="","",INT(Y43)) -> 45580 | X43: =IF(Y43="","",TEXT(Y43,"ss:dd")) -> 11:31 | Y43: =[4]SayfaKOC!AE61 -> 45580.481 | Z43: =IF(AB43="","",INT(AB43)) -> 45580 | AA43: =IF(AB43="","",TEXT(AB43,"ss:dd")) -> 12:00 | AB43: =[4]SayfaKOC!BA61 -> 45580.5 | AC43: =(AF43-H43)*24*60 -> 30.55 | AD43: =IF(AF43="","",INT(AF43)) -> 45580 | AE43: =IF(AF43="","",TEXT(AF43,"ss:dd")) -> 12:00 | AF43: =[4]SayfaKOC!BA61 -> 45580.5 | AG43: =[4]SayfaKOC!S61 -> (II) Aynı Araçta Tekrarlayan Arıza | AH43: =IF(P43="A(Hareket etmeyi engelleyen arıza)","Bu Arıza Aracın Servise Verilmesine Engel", IF(P43="B(Servisten çekmeye etki eden arıza)","Bu Arıza Aracın Servise Verilmesine Engel", IF(P43="C(Sisteme etki etmeyen arıza)","Bu Arıza Aracın Servise Verilmesine Engel Değil", IF(P43="D(Arıza Değil)","Bu Arıza Aracın Servise Verilmesine Engel Değil", "Bilinmeyen Durum")))) -> Bu Arıza Aracın Servise Verilmesine Engel Değil | AI43: =[4]SayfaKOC!AV61 | AJ43: =IF(AL43="","",INT(AL43)) | AK43: =IF(AL43="","",TEXT(AL43,"ss:dd")) | AL43: =[4]SayfaKOC!AX61 | AM43: =IF(AND(P43<>"D(Arıza Değil)",AH43="Bu Arıza Aracın Servise Verilmesine Engel Değil"),IF(Z43-F43>0,(AB43-Y43)*24*60,IF(OR(AND(G43>$AS$1,G43<$AT$1),AND(G43>$AU$1,G43<$AV$1)),(AF43-H43)*24*60,0)),AN43) -> 0 | AN43: =IF(P43<>"D(Arıza Değil)",AC43,0) -> 30.55 | AO43: =[4]SayfaKOC!AG61 -> ATAK ULAŞIM SAN.TİC.LTD.ŞTİ. | AP43: =[4]SayfaKOC!AI61 -> E840-7084 | AQ43: =[4]SayfaKOC!AQ61 | AR43: =[4]SayfaKOC!AH61 -> ANTALYA EKRAN | AS43: =[4]SayfaKOC!AJ61 -> 1 | AT43: =[4]SayfaKOC!GC61 -> - | AU43: =[4]SayfaKOC!AL61 | AV43: =[4]SayfaKOC!AP61 | AW43: =[4]SayfaKOC!AT61 | AX43: =V43*AC43*BC$1 -> 672.1 | AY43: =[4]SayfaKOC!BF61 -> 4e07dd9d | AZ43: =[4]SayfaKOC!BD61 -> https://www.appsheet.com/Template/gettablefileurl?appname=KOC10_Failure_List-654943&tableName=SAYFA1&filename=Sayfa1_Images%2F4e07dd9d.Resim.083333.jpg | BB43: =IF($AQ$1="X", IF(AND(G43>=$AS$1,G43<=$AT$1),IF(P43<>"D(Arıza Değil)",AC43,0), IF(AND(G43>=$AU$1,G43<=$AV$1),IF(P43<>"D(Arıza Değil)",AC43,0), "")), "") | BK43: =[4]SayfaKOC!U61 -> Tedarikçi | BL43: =[4]SayfaKOC!V61 -> ATAK ULAŞIM SAN.TİC.LTD.ŞTİ. | BN43: =IF($AQ$1="X", IF(AND(G43>=$AS$1,G43<=$AT$1),IF(P43<>"D(Arıza Değil",AC43,0),IF(AND(G43>=$AU$1,G43<=$AV$1),IF(P43<>"D:Arıza Değil",AC43,0), "x var")), "x yok") -> x var | BO43: =IF(OR(AND(G43>$AS$1,G43<$AT$1),AND(G43>$AU$1,G43<$AV$1)),"aynı gün giderilen arıza") -> FALSE | BP43: =IF(Z43-F43>0,"Bir günden fazla süren arıza",IF(OR(AND(G43>$AS$1,G43<$AT$1),AND(G43>$AU$1,G43<$AV$1)),"aynı gün giderilen arıza")) -> FALSE | BQ43: =(Y43-H43)*24*60 -> 2.3000001 | BR43: =(AB43-Y43)*24*60 -> 28.25 | BS43: =(AF43-H43)*24*60 -> 30.55 | BV43: =COUNTIFS(B$5:B$9999,B43,H$5:H$9999,"<="&AF43,AF$5:AF$9999,">="&H43)-1 -> 0 | BW43: =IF(COUNTIFS(B$5:B$9999,B43,H$5:H$9999,"<="&AF43,AF$5:AF$9999,">="&H43)>1,"Evet, çakışma var","Hayır, çakışma yok") -> Hayır, çakışma yok | BY43: =Y43-H43 -> 0.0015972223 | BZ43: =AB43-Y43 -> 0.019618055 | CA43: =AB43-H43 -> 0.021215278 | CE43: 60 | CF43: =H43 -> 45580.479 | CG43: =AB43 -> 45580.5 | CK43: =AB43-Y43 -> 0.019618055 | CL43: =Y43-H43 -> 0.0015972223 | CM43: =AB43-H43 -> 0.021215278 | CO43: =AC43 -> 30.55 | CP43: =CU43/24 -> 1.1770833 | CQ43: =G43 -> 0.47891204 | CR43: =Y43 -> 45580.481 | CS43: =AB43 -> 45580.5 | CT43: =(CR43-CQ43)*1440 -> 65635202 | CU43: =(CS43-CR43)*1440 -> 28.25 | CV43: =(CS43-CQ43)*1440 -> 65635231 | CW43: =CT43/CV43 -> 0.99999957
A44: =[4]SayfaKOC!C60 -> KOC10 | B44: =[4]SayfaKOC!D60 -> 4119(1) | C44: =[4]SayfaKOC!E60 -> MA | D44: =[4]SayfaKOC!F60 -> 10148 | E44: =[4]SayfaKOC!G60 -> BOZ-KOC10-FF-059 | F44: =IF(H44="","",INT(H44)) -> 45579 | G44: =IF(H44="","",MOD(H44,1)) -> 0.57216435 | H44: =[4]SayfaKOC!H60 -> 45579.572 | I44: =[4]SayfaKOC!I60 -> Depo/Depot | J44: =IF([4]SayfaKOC!J60="Müşteri","Notified by Customer","Notified by Bozankaya") -> Notified by Bozankaya | K44: =VLOOKUP([4]SayfaKOC!L60,Atamalar!$A$10:$B$53,2,FALSE) -> Passenger_Information | L44: =[4]SayfaKOC!X60 -> ATAK ULAŞIM SAN.TİC.LTD.ŞTİ. | M44: =A44&"-"&E44 -> KOC10-BOZ-KOC10-FF-059 | N44: =[4]SayfaKOC!M60 -> 1 numaralı kapı üstü stretch lcd ekranın güç kablosuna enerji geliyor, ekranda görüntü mevcut değil. | O44: =[4]SayfaKOC!P60 -> C-Uyarı, sürüş devamlılığı | P44: =[4]SayfaKOC!Q60 -> C(Sisteme etki etmeyen arıza) | Q44: =[4]SayfaKOC!R60 -> N.A(Yaralanma yok) | R44: {=_xlfn.IFS([4]SayfaKOC!U60="Bozankaya","Bozankaya",[4]SayfaKOC!U60="Müşteri","Customer",[4]SayfaKOC!U60="Tedarikçi","Equipment Supplier")} -> Equipment Supplier | S44: =[4]SayfaKOC!GB60 -> SSH yedek malzemeden değişimi sağlanmıştır. - Ekipman SSH yedek malzemesinden değiştirildi. | T44: =[4]SayfaKOC!AD60 -> Ekipman değiştirilecek | U44: =[4]SayfaKOC!W60 -> Evet | V44: =[4]SayfaKOC!AZ60 -> 1 | W44: =IF(Y44="","",INT(Y44)) -> 45579 | X44: =IF(Y44="","",TEXT(Y44,"ss:dd")) -> 13:46 | Y44: =[4]SayfaKOC!AE60 -> 45579.574 | Z44: =IF(AB44="","",INT(AB44)) -> 45579 | AA44: =IF(AB44="","",TEXT(AB44,"ss:dd")) -> 14:30 | AB44: =[4]SayfaKOC!BA60 -> 45579.605 | AC44: =(AF44-H44)*24*60 -> 46.866667 | AD44: =IF(AF44="","",INT(AF44)) -> 45579 | AE44: =IF(AF44="","",TEXT(AF44,"ss:dd")) -> 14:30 | AF44: =[4]SayfaKOC!BA60 -> 45579.605 | AG44: =[4]SayfaKOC!S60 -> (III) Farklı Araçlarda Tekrarlayan Arıza | AH44: =IF(P44="A(Hareket etmeyi engelleyen arıza)","Bu Arıza Aracın Servise Verilmesine Engel", IF(P44="B(Servisten çekmeye etki eden arıza)","Bu Arıza Aracın Servise Verilmesine Engel", IF(P44="C(Sisteme etki etmeyen arıza)","Bu Arıza Aracın Servise Verilmesine Engel Değil", IF(P44="D(Arıza Değil)","Bu Arıza Aracın Servise Verilmesine Engel Değil", "Bilinmeyen Durum")))) -> Bu Arıza Aracın Servise Verilmesine Engel Değil | AI44: =[4]SayfaKOC!AV60 | AJ44: =IF(AL44="","",INT(AL44)) | AK44: =IF(AL44="","",TEXT(AL44,"ss:dd")) | AL44: =[4]SayfaKOC!AX60 | AM44: =IF(AND(P44<>"D(Arıza Değil)",AH44="Bu Arıza Aracın Servise Verilmesine Engel Değil"),IF(Z44-F44>0,(AB44-Y44)*24*60,IF(OR(AND(G44>$AS$1,G44<$AT$1),AND(G44>$AU$1,G44<$AV$1)),(AF44-H44)*24*60,0)),AN44) -> 0 | AN44: =IF(P44<>"D(Arıza Değil)",AC44,0) -> 46.866667 | AO44: =[4]SayfaKOC!AG60 -> ATAK ULAŞIM SAN.TİC.LTD.ŞTİ. | AP44: =[4]SayfaKOC!AI60 -> E410-7003 | AQ44: =[4]SayfaKOC!AQ60 -> 202313020028 | AR44: =[4]SayfaKOC!AH60 -> STRETCH LCD EKRAN | AS44: =[4]SayfaKOC!AJ60 -> 1 | AT44: =[4]SayfaKOC!GC60 -> - - | AU44: =[4]SayfaKOC!AL60 | AV44: =[4]SayfaKOC!AP60 | AW44: =[4]SayfaKOC!AT60 | AX44: =V44*AC44*BC$1 -> 515.53333 | AY44: =[4]SayfaKOC!BF60 -> 9e7ee73b | AZ44: =[4]SayfaKOC!BD60 -> https://www.appsheet.com/Template/gettablefileurl?appname=KOC10_Failure_List-654943&tableName=SAYFA1&filename=Sayfa1_Images%2F9e7ee73b.Resim.105102.jpg | BB44: =IF($AQ$1="X", IF(AND(G44>=$AS$1,G44<=$AT$1),IF(P44<>"D(Arıza Değil)",AC44,0), IF(AND(G44>=$AU$1,G44<=$AV$1),IF(P44<>"D(Arıza Değil)",AC44,0), "")), "") | BK44: =[4]SayfaKOC!U60 -> Tedarikçi | BL44: =[4]SayfaKOC!V60 -> ATAK ULAŞIM SAN.TİC.LTD.ŞTİ. | BN44: =IF($AQ$1="X", IF(AND(G44>=$AS$1,G44<=$AT$1),IF(P44<>"D(Arıza Değil",AC44,0),IF(AND(G44>=$AU$1,G44<=$AV$1),IF(P44<>"D:Arıza Değil",AC44,0), "x var")), "x yok") -> x var | BO44: =IF(OR(AND(G44>$AS$1,G44<$AT$1),AND(G44>$AU$1,G44<$AV$1)),"aynı gün giderilen arıza") -> FALSE | BP44: =IF(Z44-F44>0,"Bir günden fazla süren arıza",IF(OR(AND(G44>$AS$1,G44<$AT$1),AND(G44>$AU$1,G44<$AV$1)),"aynı gün giderilen arıza")) -> FALSE | BQ44: =(Y44-H44)*24*60 -> 2.4166666 | BR44: =(AB44-Y44)*24*60 -> 44.45 | BS44: =(AF44-H44)*24*60 -> 46.866667 | BV44: =COUNTIFS(B$5:B$9999,B44,H$5:H$9999,"<="&AF44,AF$5:AF$9999,">="&H44)-1 -> 0 | BW44: =IF(COUNTIFS(B$5:B$9999,B44,H$5:H$9999,"<="&AF44,AF$5:AF$9999,">="&H44)>1,"Evet, çakışma var","Hayır, çakışma yok") -> Hayır, çakışma yok | BY44: =Y44-H44 -> 0.0016782407 | BZ44: =AB44-Y44 -> 0.030868055 | CA44: =AB44-H44 -> 0.032546296 | CE44: 59 | CF44: =H44 -> 45579.572 | CG44: =AB44 -> 45579.605 | CK44: =AB44-Y44 -> 0.030868055 | CL44: =Y44-H44 -> 0.0016782407 | CM44: =AB44-H44 -> 0.032546296 | CO44: =AC44 -> 46.866667 | CP44: =CU44/24 -> 1.8520833 | CQ44: =G44 -> 0.57216435 | CR44: =Y44 -> 45579.574 | CS44: =AB44 -> 45579.605 | CT44: =(CR44-CQ44)*1440 -> 65633762 | CU44: =(CS44-CR44)*1440 -> 44.45 | CV44: =(CS44-CQ44)*1440 -> 65633807 | CW44: =CT44/CV44 -> 0.99999932
