Workbook
Name Ana_Kompanent: #REF!
Name Ana_Kompanent: #REF!
Name Ana_Kompanent: #REF!
Name Ant_2: #REF!
Name Araç_Şase: #REF!
Name Araç_Şase: #REF!
Name Araç_Şase_Numaraları: #REF!
Name Araç_Şase_Numaraları: #REF!
Name Araç_Tipi: #REF!
Name Araç_Tipi: #REF!
Name Assembly_Line: #REF!
Name Assembly_Line: #REF!
Name Auxiliary_Power_Unit: #REF!
Name Battery: #REF!
Name Bozankaya: #REF!
Name BOZANKAYA_Design: #REF!
Name BOZANKAYA_Design: #REF!
Name Bölüm: #REF!
Name Bölüm: #REF!
Name Brake_System: #REF!
Name Cab_Desk: #REF!
Name Cable_Duct: #REF!
Name CCTV: #REF!
Name Chassis_Design: #REF!
Name Chassis_Design: #REF!
Name Chassis_Production: #REF!
Name Chassis_Production: #REF!
Name Chassis_Quality: #REF!
Name Chassis_Quality: #REF!
Name Chassis_Quality_Controls: #REF!
Name Chassis_Quality_Controls: #REF!
Name Couplers: #REF!
Name Customer: #REF!
Name Department: #REF!
Name Department: #REF!
Name Door_System: #REF!
Name Driver_HVAC_System: #REF!
Name Driver_Seat: #REF!
Name E_Kabinet: #REF!
Name Electrical_Design: #REF!
Name Electrical_Design: #REF!
Name Electromechanic_Tasarım: #REF!
Name Electromechanic_Tasarım: #REF!
Name Elektrik_Tasarım: #REF!
Name Elektrik_Tasarım: #REF!
Name Emniyet_Sistemi: #REF!
Name Equipment_Supplier: #REF!
Name ESS_Battery_Box: #REF!
Name External_Light: #REF!
Name External_Trim: #REF!
Name Fire_System: #REF!
Name Gangway_Articulation: #REF!
Name Gearbox: #REF!
Name Giriş_Kalite_Kontrol: #REF!
Name Giriş_Kalite_Kontrol: #REF!
Name HataDurumu: #REF!
Name HataGidermeYöntemi1: #REF!
Name HataKaynağı: #REF!
Name HMI: #REF!
Name Horn_Bell: #REF!

Sheet FRACAS (YEDEK)
N1: FRACAS(Hata Raporlama Analizi ve Düzeltici Aksiyon Sitemi) Formu FRACAS(Failure Reporting Analysis And Corrective Action System) Form | AB1: Doküman No / Document Code; FR-549 Yayımlama Tarih / Publish Datei; 23.05.2023 Revizyon Tarihi / Revision; 04.08.2025 Revizyon No: 4 | AP1: =TODAY() -> 46026 | AQ1: X | AR1: Proje Pik Saatleri Proje Peak Times | AS1: 0.27083333 | AT1: 0.39583333 | AU1: 0.66666667 | AV1: 0.8125 | AW1: Proje Ort Hız Proje Avr. Speed | AY1: 18 | AZ1: km | BA1: Proje İşçilik Maliyeti Project Labor Cost | BC1: 11 | BD1: hbm.142536
A3: Araç Bilgileri Vhicle Information | E3: Problem Bilgileri Failure Information | P3: (EN 50126-1:2017 Tabl C.3 | Q3: (EN 50126-1:2017 Tabl C.5 | R3: Çözüm Adımları ve Bilgileri Solution Steps And Information | AO3: Tamir İçin Gerekli Parçalar Needed Parts For Repairing | AW3: Maliyet Cost
A4: Project | B4: Araç Numarası Vehicle Number | C4: Araç Module Vehicle Module | D4: Araç Kilometresi Vehicle Kilometer | E4: FRACAS ID | F4: Hata Tarih/Date | G4: Hata Saat/Time | I4: Arıza Konumu Failure Location | J4: Arıza Tespit Yöntemi Failure Detection Method | K4: Kapsam Scope | L4: İlgili Tedarikçi Relevant Supplier | M4: Proje Bazında Fracas ID Fracas ID Based on Project | N4: Arıza Tanımı Failure Description | O4: DDU Arıza Sınıfı DDU Failure Class | P4: Arıza Sınıfı Failure Class | Q4: Arızanın Emniyetle İlgili Şiddet Kategorisi Safety Related Severity Category of Failure | R4: Arıza Kaynağı Source of Failure | S4: Arıza Tespitini Takiben Yapılan İşlem Action Followed by Fault Detection | T4: Aksiyon Action | U4: Garanti Kapsamı Warranty Coverage | V4: Tamir için Gerekli Personel Sayısı Required Personnel Quantity for Repair | W4: Tamir/Değiştirme Başlama Tarihi Date of Starting to Repair/Replace | X4: Tamir/Değiştirme Başlama Saati Time of Starting to Repair/Replace | Z4: Tamir/Değiştirme Bitiş Tarihi Date of Fnish to Repair/Replace | AA4: Tamir/Değiştirme Bitiş Saati Time of Fnish to Repair/Replace | AC4: Tamir Süresi (dakika) Repair Time (dakika) | AD4: Servise Veriliş Tarih Date of Ready to Service | AE4: Servise Veriliş Saati Time of Ready to Service | AG4: Arıza Tipi Failure Type | AH4: Detaylı Bilgi Detail İnformation | AI4: NCR Numarası NCR Number | AJ4: NCR Kapanış Tarihi NCR Closing Date | AK4: NCR Kapanış Saati NCR Closing Time | AM4: Araç MTTR / MDT | AN4: Kompanent MTTR / MDT | AO4: Ekipman Tedarikçisi Equipment Supplier | AP4: Parça Kodu Part Code | AQ4: Seri Numarası Serial Number | AR4: Parça Adı Part Name | AS4: Adeti Quantity | AT4: Sipariş No Order No | AU4: Sipariş Tarihi Order Date | AV4: Teslim Tarihi Delivery Date | AW4: Malzeme Maliyeti Material Cost | AX4: İşçilik Maliyeti Labor Cost
A5: TIM_1624 | B5: 1001 | D5: 200 | F5: 45636 | G5: 0.29166667 | H5: =F5+G5 -> 45636.292 | I5: Hat/Line | J5: Notified By Customer | K5: Brake_System | L5: Hanning&Kall | M5: =A5&"-"&E5 -> TIM_1624- | N5: abv | O5: B | P5: C:Küçük Arıza | Q5: A | R5: Customer | S5: bndsi | T5: Tamir Edilecek/To Be Repaired | U5: Evet/Yes | V5: 2 | W5: 45636 | X5: 0.45833333 | Y5: =W5+X5 -> 45636.458 | Z5: 45636 | AA5: 0.85416667 | AB5: =Z5+AA5 -> 45636.854 | AC5: =(AF5-H5)*24*60 -> 810 | AD5: 45636 | AE5: 0.85416667 | AF5: =AD5+AE5 -> 45636.854 | AG5: İlk defa karşılaşılan arıza / First time failure | AH5: Bu Arıza Aracın Servise Verilmesine Engel | AL5: =AJ5+AK5 -> 0 | AM5: =IF(AND(P5<>"D:Arıza Değil",AH5="Bu Arıza Aracın Servise Verilmesine Engel Değil"),IF(Z5-F5>0,(AB5-Y5)*24,IF(OR(AND(G5>AS$1,G5<AT$1),AND(G5>AU$1,G5<AV$1)),(AF5-H5)*24,0)),AN5) -> 810 | AN5: =IF(P5<>"D:Arıza Değil",AC5,0) -> 810 | AP5: =IF(AQ1="X", IF(AND(G5>=AS1,G5<=AT1),IF(P5<>"D:Arıza Değil",AC5,0), IF(AND(G5>=AU1,G5<=AV1),IF(P5<>"D:Arıza Değil",AC5,0), "")), "") -> 810 | AW5: 0 | AX5: =V5*AC5*BC$1 -> 17820
M6: =A6&"-"&E6 -> - | Y6: =W6+X6 -> 0 | AB6: =Z6+AA6 -> 0 | AC6: =(AB6-Y6)*24*60 -> 0 | AF6: =AD6+AE6 -> 0 | AL6: =AJ6+AK6 -> 0 | AM6: =IF(AND(P6<>"D:Arıza Değil",AH6="Bu Arıza Aracın Servise Verilmesine Engel Değil"),IF(Z6-F6>0,(AB6-Y6)*24,IF(OR(AND(G6>AS$1,G6<AT$1),AND(G6>AU$1,G6<AV$1)),(AL6-Y6)*24,0)),AN6) -> 0 | AN6: =IF(P6<>"D:Arıza Değil",AC6,0) -> 0 | AP6: =IF(AND(P5<>"D:Arıza Değil",AH5="Bu Arıza Aracın Servise Verilmesine Engel Değil"),IF(Z5-F5>0,(AB5-Y5)*24,IF(AQ1="X",IF(AND(G5>=AS1,G5<=AT1),IF(P5<>"D:Arıza Değil",AC5,0),IF(AND(G5>=AU1,G5<=AV1),IF(P5<>"D:Arıza Değil",AC5,0),"")),0)),AN5) -> 810 | AW6: 0 | AX6: =V6*AC6*BC$1 -> 0
M7: =A7&"-"&E7 -> - | Y7: =W7+X7 -> 0 | AB7: =Z7+AA7 -> 0 | AC7: =(AB7-Y7)*24*60 -> 0 | AF7: =AD7+AE7 -> 0 | AL7: =AJ7+AK7 -> 0 | AM7: =IF(AND(P7<>"D:Arıza Değil",AH7="Bu Arıza Aracın Servise Verilmesine Engel Değil"),IF(Z7-F7>0,(AB7-Y7)*24,IF(OR(AND(G7>AS$1,G7<AT$1),AND(G7>AU$1,G7<AV$1)),(AL7-Y7)*24,0)),AN7) -> 0 | AN7: =IF(P7<>"D:Arıza Değil",AC7,0) -> 0 | AW7: 0 | AX7: =V7*AC7*BC$1 -> 0
M8: =A8&"-"&E8 -> - | Y8: =W8+X8 -> 0 | AB8: =Z8+AA8 -> 0 | AC8: =(AB8-Y8)*24*60 -> 0 | AF8: =AD8+AE8 -> 0 | AL8: =AJ8+AK8 -> 0 | AM8: =IF(AND(P8<>"D:Arıza Değil",AH8="Bu Arıza Aracın Servise Verilmesine Engel Değil"),IF(Z8-F8>0,(AB8-Y8)*24,IF(OR(AND(G8>AS$1,G8<AT$1),AND(G8>AU$1,G8<AV$1)),(AL8-Y8)*24,0)),AN8) -> 0 | AN8: =IF(P8<>"D:Arıza Değil",AC8,0) -> 0 | AW8: 0 | AX8: =V8*AC8*BC$1 -> 0
M9: =A9&"-"&E9 -> - | Y9: =W9+X9 -> 0 | AB9: =Z9+AA9 -> 0 | AC9: =(AB9-Y9)*24*60 -> 0 | AF9: =AD9+AE9 -> 0 | AL9: =AJ9+AK9 -> 0 | AM9: =IF(AND(P9<>"D:Arıza Değil",AH9="Bu Arıza Aracın Servise Verilmesine Engel Değil"),IF(Z9-F9>0,(AB9-Y9)*24,IF(OR(AND(G9>AS$1,G9<AT$1),AND(G9>AU$1,G9<AV$1)),(AL9-Y9)*24,0)),AN9) -> 0 | AN9: =IF(P9<>"D:Arıza Değil",AC9,0) -> 0 | AW9: 0 | AX9: =V9*AC9*BC$1 -> 0
M10: =A10&"-"&E10 -> - | Y10: =W10+X10 -> 0 | AB10: =Z10+AA10 -> 0 | AC10: =(AB10-Y10)*24*60 -> 0 | AF10: =AD10+AE10 -> 0 | AL10: =AJ10+AK10 -> 0 | AM10: =IF(AND(P10<>"D:Arıza Değil",AH10="Bu Arıza Aracın Servise Verilmesine Engel Değil"),IF(Z10-F10>0,(AB10-Y10)*24,IF(OR(AND(G10>AS$1,G10<AT$1),AND(G10>AU$1,G10<AV$1)),(AL10-Y10)*24,0)),AN10) -> 0 | AN10: =IF(P10<>"D:Arıza Değil",AC10,0) -> 0 | AW10: 0 | AX10: =V10*AC10*BC$1 -> 0
M11: =A11&"-"&E11 -> - | Y11: =W11+X11 -> 0 | AB11: =Z11+AA11 -> 0 | AC11: =(AB11-Y11)*24*60 -> 0 | AF11: =AD11+AE11 -> 0 | AL11: =AJ11+AK11 -> 0 | AM11: =IF(AND(P11<>"D:Arıza Değil",AH11="Bu Arıza Aracın Servise Verilmesine Engel Değil"),IF(Z11-F11>0,(AB11-Y11)*24,IF(OR(AND(G11>AS$1,G11<AT$1),AND(G11>AU$1,G11<AV$1)),(AL11-Y11)*24,0)),AN11) -> 0 | AN11: =IF(P11<>"D:Arıza Değil",AC11,0) -> 0 | AW11: 0 | AX11: =V11*AC11*BC$1 -> 0
M12: =A12&"-"&E12 -> - | Y12: =W12+X12 -> 0 | AB12: =Z12+AA12 -> 0 | AC12: =(AB12-Y12)*24*60 -> 0 | AF12: =AD12+AE12 -> 0 | AL12: =AJ12+AK12 -> 0 | AM12: =IF(AND(P12<>"D:Arıza Değil",AH12="Bu Arıza Aracın Servise Verilmesine Engel Değil"),IF(Z12-F12>0,(AB12-Y12)*24,IF(OR(AND(G12>AS$1,G12<AT$1),AND(G12>AU$1,G12<AV$1)),(AL12-Y12)*24,0)),AN12) -> 0 | AN12: =IF(P12<>"D:Arıza Değil",AC12,0) -> 0 | AW12: 0 | AX12: =V12*AC12*BC$1 -> 0
M13: =A13&"-"&E13 -> - | Y13: =W13+X13 -> 0 | AB13: =Z13+AA13 -> 0 | AC13: =(AB13-Y13)*24*60 -> 0 | AF13: =AD13+AE13 -> 0 | AL13: =AJ13+AK13 -> 0 | AM13: =IF(AND(P13<>"D:Arıza Değil",AH13="Bu Arıza Aracın Servise Verilmesine Engel Değil"),IF(Z13-F13>0,(AB13-Y13)*24,IF(OR(AND(G13>AS$1,G13<AT$1),AND(G13>AU$1,G13<AV$1)),(AL13-Y13)*24,0)),AN13) -> 0 | AN13: =IF(P13<>"D:Arıza Değil",AC13,0) -> 0 | AW13: 0 | AX13: =V13*AC13*BC$1 -> 0
M14: =A14&"-"&E14 -> - | Y14: =W14+X14 -> 0 | AB14: =Z14+AA14 -> 0 | AC14: =(AB14-Y14)*24*60 -> 0 | AF14: =AD14+AE14 -> 0 | AL14: =AJ14+AK14 -> 0 | AM14: =IF(AND(P14<>"D:Arıza Değil",AH14="Bu Arıza Aracın Servise Verilmesine Engel Değil"),IF(Z14-F14>0,(AB14-Y14)*24,IF(OR(AND(G14>AS$1,G14<AT$1),AND(G14>AU$1,G14<AV$1)),(AL14-Y14)*24,0)),AN14) -> 0 | AN14: =IF(P14<>"D:Arıza Değil",AC14,0) -> 0 | AW14: 0 | AX14: =V14*AC14*BC$1 -> 0
M15: =A15&"-"&E15 -> - | Y15: =W15+X15 -> 0 | AB15: =Z15+AA15 -> 0 | AC15: =(AB15-Y15)*24*60 -> 0 | AF15: =AD15+AE15 -> 0 | AL15: =AJ15+AK15 -> 0 | AM15: =IF(AND(P15<>"D:Arıza Değil",AH15="Bu Arıza Aracın Servise Verilmesine Engel Değil"),IF(Z15-F15>0,(AB15-Y15)*24,IF(OR(AND(G15>AS$1,G15<AT$1),AND(G15>AU$1,G15<AV$1)),(AL15-Y15)*24,0)),AN15) -> 0 | AN15: =IF(P15<>"D:Arıza Değil",AC15,0) -> 0 | AW15: 0 | AX15: =V15*AC15*BC$1 -> 0
M16: =A16&"-"&E16 -> - | Y16: =W16+X16 -> 0 | AB16: =Z16+AA16 -> 0 | AC16: =(AB16-Y16)*24*60 -> 0 | AF16: =AD16+AE16 -> 0 | AL16: =AJ16+AK16 -> 0 | AM16: =IF(AND(P16<>"D:Arıza Değil",AH16="Bu Arıza Aracın Servise Verilmesine Engel Değil"),IF(Z16-F16>0,(AB16-Y16)*24,IF(OR(AND(G16>AS$1,G16<AT$1),AND(G16>AU$1,G16<AV$1)),(AL16-Y16)*24,0)),AN16) -> 0 | AN16: =IF(P16<>"D:Arıza Değil",AC16,0) -> 0 | AW16: 0 | AX16: =V16*AC16*BC$1 -> 0
M17: =A17&"-"&E17 -> - | Y17: =W17+X17 -> 0 | AB17: =Z17+AA17 -> 0 | AC17: =(AB17-Y17)*24*60 -> 0 | AF17: =AD17+AE17 -> 0 | AL17: =AJ17+AK17 -> 0 | AM17: =IF(AND(P17<>"D:Arıza Değil",AH17="Bu Arıza Aracın Servise Verilmesine Engel Değil"),IF(Z17-F17>0,(AB17-Y17)*24,IF(OR(AND(G17>AS$1,G17<AT$1),AND(G17>AU$1,G17<AV$1)),(AL17-Y17)*24,0)),AN17) -> 0 | AN17: =IF(P17<>"D:Arıza Değil",AC17,0) -> 0 | AW17: 0 | AX17: =V17*AC17*BC$1 -> 0
M18: =A18&"-"&E18 -> - | Y18: =W18+X18 -> 0 | AB18: =Z18+AA18 -> 0 | AC18: =(AB18-Y18)*24*60 -> 0 | AF18: =AD18+AE18 -> 0 | AL18: =AJ18+AK18 -> 0 | AM18: =IF(AND(P18<>"D:Arıza Değil",AH18="Bu Arıza Aracın Servise Verilmesine Engel Değil"),IF(Z18-F18>0,(AB18-Y18)*24,IF(OR(AND(G18>AS$1,G18<AT$1),AND(G18>AU$1,G18<AV$1)),(AL18-Y18)*24,0)),AN18) -> 0 | AN18: =IF(P18<>"D:Arıza Değil",AC18,0) -> 0 | AW18: 0 | AX18: =V18*AC18*BC$1 -> 0
... M856: =A856&"-"&E856 -> - | Y856: =W856+X856 -> 0 | AB856: =Z856+AA856 -> 0 | AC856: =(AB856-Y856)*24*60 -> 0 | AF856: =AD856+AE856 -> 0 | AL856: =AJ856+AK856 -> 0 | AM856: =IF(AND(P856<>"D:Arıza Değil",AH856="Bu Arıza Aracın Servise Verilmesine Engel Değil"),IF(Z856-F856>0,(AB856-Y856)*24,IF(OR(AND(G856>AS$1,G856<AT$1),AND(G856>AU$1,G856<AV$1)),(AL856-Y856)*24,0)),AN856) -> 0 | AN856: =IF(P856<>"D:Arıza Değil",AC856,0) -> 0 | AW856: 0 | AX856: =V856*AC856*BC$1 -> 0

Sheet Haftalık KM Bilgisi ESKİ
C2: Availablity İçin Araç Max Km | D2: =MAX(D5:D56) -> 1200 | E2: =MAX(E5:E56) -> 233 | F2: =MAX(F5:F56) -> 0 | G2: =MAX(G5:G56) -> 0 | H2: =MAX(H5:H56) -> 0 | I2: =MAX(I5:I56) -> 0 | J2: =MAX(J5:J56) -> 0 | K2: =MAX(K5:K56) -> 0 | ... AQ2: =MAX(AQ5:AQ56) -> 0
C3: Araç Son Arıza Km | D3: =_xlfn.MAXIFS(FRACAS!D5:D5,FRACAS!B5:B5,D4) -> 0 | E3: =_xlfn.MAXIFS(FRACAS!E5:E5,FRACAS!C5:C5,E4) -> 0
B4: Tarih | C4: Araç No | D4: 1001 | E4: 1002 | F4: 1003 | G4: 1004 | H4: 1005 | I4: 1006 | J4: 1007 | K4: 1008 | L4: 1009 | M4: 1010 | N4: 1011 | O4: 1012 | P4: 1013 | Q4: 1014 | R4: 1015 | S4: 1016 | T4: 1017 | U4: 1018 | V4: 1019 | W4: 1020 | X4: 1021 | Y4: 1022 | Z4: 1023 | AA4: 1024 | AB4: 1025 | AC4: 1026 | AD4: 1027 | AE4: 1028 | AF4: 1029 | AG4: 1030 | AH4: 1031 | AI4: 1032 | AJ4: 1033 | AK4: 1034 | AL4: 1035 | AM4: 1036 | AN4: 1037 | AO4: 1038 | AP4: 1039 | AQ4: 1040
C5: CW1 | E5: 23
C6: CW2 | D6: 20 | E6: 45
C7: CW3 | D7: 30 | E7: 66
C8: CW4 | D8: 40 | E8: 88
C9: CW5 | D9: 500 | E9: 99
C10: CW6 | D10: 700 | E10: 111
C11: CW7 | D11: 800 | E11: 145
C12: CW8 | D12: 1200 | E12: 233
C13: CW9
C14: CW10
C15: CW11
C16: CW12
C17: CW13
C18: CW14
C19: CW15
C20: CW16
C21: CW17
C22: CW18
C23: CW19
C24: CW20
... C56: CW52

Sheet Analizler ESKİ
C1: Toplam Çalışma Zamanı (min) | D1: Toplam Arıza Sayısı (PCs) | E1: MTTR (min) | F1: MTBF (hour) | G1: Availability | J1: Toplam Çalışma Zamanı (min) | K1: Toplam Arıza Sayısı (PCs) | L1: MTTR (min) | M1: MTBF (hour) | N1: Availability
A2: TIM_16+24 | B2: 1001 | C2: =#REF!/FRACAS!AY$1*60 -> #REF! | D2: =COUNTIF(FRACAS!B$5:B$5,B2) -> 0 | E2: =SUMIF(FRACAS!B$5:B$5,B2,FRACAS!AM$5:AM$5) -> 0 | F2: =IFERROR((1/(D2/C2)),0) -> 0 | G2: =IFERROR((C2-E2)/C2,1) -> 1 | I2: Traction_Converter | J2: =IFERROR(Q$26/FRACAS!AY$1*60,0) -> 0 | K2: =COUNTIF(FRACAS!K$5:K$5,I2) -> 0 | L2: =SUMIF(FRACAS!K$5:K$5,I2,FRACAS!AN$5:AN$8973) -> 0 | M2: =IFERROR((1/(K2/J2)),0) -> 0 | N2: =IFERROR((J2-L2)/J2,1) -> 1 | O2: TIM_16+24 | P2: 1001 | Q2: =#REF! -> #REF!
A3: TIM_16+24 | B3: 1002 | C3: =#REF!/FRACAS!AY$1*60 -> #REF! | D3: =COUNTIF(FRACAS!B$5:B$5,B3) -> 0 | E3: =SUMIF(FRACAS!B$5:B$5,B3,FRACAS!AM$5:AM$5) -> 0 | F3: =IFERROR((1/(D3/C3)),0) -> 0 | G3: =IFERROR((C3-E3)/C3,1) -> 1 | I3: Brake_System | J3: =IFERROR(Q$26/FRACAS!AY$1*60,0) -> 0 | K3: =COUNTIF(FRACAS!K$5:K$5,I3) -> 0 | L3: =SUMIF(FRACAS!K$5:K$5,I3,FRACAS!AN$5:AN$8973) -> 0 | M3: =IFERROR((1/(K3/J3)),0) -> 0 | N3: =IFERROR((J3-L3)/J3,1) -> 1 | O3: TIM_16+24 | P3: 1002 | Q3: =#REF! -> #REF!
A4: TIM_16+24 | B4: 1003 | C4: =#REF!/FRACAS!AY$1*60 -> #REF! | D4: =COUNTIF(FRACAS!B$5:B$5,B4) -> 0 | E4: =SUMIF(FRACAS!B$5:B$5,B4,FRACAS!AM$5:AM$5) -> 0 | F4: =IFERROR((1/(D4/C4)),0) -> 0 | G4: =IFERROR((C4-E4)/C4,1) -> 1 | I4: Pantograf | J4: =IFERROR(Q$26/FRACAS!AY$1*60,0) -> 0 | K4: =COUNTIF(FRACAS!K$5:K$5,I4) -> 0 | L4: =SUMIF(FRACAS!K$5:K$5,I4,FRACAS!AN$5:AN$8973) -> 0 | M4: =IFERROR((1/(K4/J4)),0) -> 0 | N4: =IFERROR((J4-L4)/J4,1) -> 1 | O4: TIM_16+24 | P4: 1003 | Q4: =#REF! -> #REF!
A5: TIM_16+24 | B5: 1004 | C5: =#REF!/FRACAS!AY$1*60 -> #REF! | D5: =COUNTIF(FRACAS!B$5:B$5,B5) -> 0 | E5: =SUMIF(FRACAS!B$5:B$5,B5,FRACAS!AM$5:AM$5) -> 0 | F5: =IFERROR((1/(D5/C5)),0) -> 0 | G5: =IFERROR((C5-E5)/C5,1) -> 1 | I5: TCMS | J5: =IFERROR(Q$26/FRACAS!AY$1*60,0) -> 0 | K5: =COUNTIF(FRACAS!K$5:K$5,I5) -> 0 | L5: =SUMIF(FRACAS!K$5:K$5,I5,FRACAS!AN$5:AN$8973) -> 0 | M5: =IFERROR((1/(K5/J5)),0) -> 0 | N5: =IFERROR((J5-L5)/J5,1) -> 1 | O5: TIM_16+24 | P5: 1004 | Q5: =#REF! -> #REF!
A6: TIM_16+24 | B6: 1005 | C6: =#REF!/FRACAS!AY$1*60 -> #REF! | D6: =COUNTIF(FRACAS!B$5:B$5,B6) -> 0 | E6: =SUMIF(FRACAS!B$5:B$5,B6,FRACAS!AM$5:AM$5) -> 0 | F6: =IFERROR((1/(D6/C6)),0) -> 0 | G6: =IFERROR((C6-E6)/C6,1) -> 1 | I6: Passenger_HVAC_System | J6: =IFERROR(Q$26/FRACAS!AY$1*60,0) -> 0 | K6: =COUNTIF(FRACAS!K$5:K$5,I6) -> 0 | L6: =SUMIF(FRACAS!K$5:K$5,I6,FRACAS!AN$5:AN$8973) -> 0 | M6: =IFERROR((1/(K6/J6)),0) -> 0 | N6: =IFERROR((J6-L6)/J6,1) -> 1 | O6: TIM_16+24 | P6: 1005 | Q6: =#REF! -> #REF!
A7: TIM_16+24 | B7: 1006 | C7: =#REF!/FRACAS!AY$1*60 -> #REF! | D7: =COUNTIF(FRACAS!B$5:B$5,B7) -> 0 | E7: =SUMIF(FRACAS!B$5:B$5,B7,FRACAS!AM$5:AM$5) -> 0 | F7: =IFERROR((1/(D7/C7)),0) -> 0 | G7: =IFERROR((C7-E7)/C7,1) -> 1 | I7: Driver_HVAC_System | J7: =IFERROR(Q$26/FRACAS!AY$1*60,0) -> 0 | K7: =COUNTIF(FRACAS!K$5:K$5,I7) -> 0 | L7: =SUMIF(FRACAS!K$5:K$5,I7,FRACAS!AN$5:AN$8973) -> 0 | M7: =IFERROR((1/(K7/J7)),0) -> 0 | N7: =IFERROR((J7-L7)/J7,1) -> 1 | O7: TIM_16+24 | P7: 1006 | Q7: =#REF! -> #REF!
A8: TIM_16+24 | B8: 1007 | C8: =#REF!/FRACAS!AY$1*60 -> #REF! | D8: =COUNTIF(FRACAS!B$5:B$5,B8) -> 0 | E8: =SUMIF(FRACAS!B$5:B$5,B8,FRACAS!AM$5:AM$5) -> 0 | F8: =IFERROR((1/(D8/C8)),0) -> 0 | G8: =IFERROR((C8-E8)/C8,1) -> 1 | I8: Master_Controler | J8: =IFERROR(Q$26/FRACAS!AY$1*60,0) -> 0 | K8: =COUNTIF(FRACAS!K$5:K$5,I8) -> 0 | L8: =SUMIF(FRACAS!K$5:K$5,I8,FRACAS!AN$5:AN$8973) -> 0 | M8: =IFERROR((1/(K8/J8)),0) -> 0 | N8: =IFERROR((J8-L8)/J8,1) -> 1 | O8: TIM_16+24 | P8: 1007 | Q8: =#REF! -> #REF!
A9: TIM_16+24 | B9: 1008 | C9: =#REF!/FRACAS!AY$1*60 -> #REF! | D9: =COUNTIF(FRACAS!B$5:B$5,B9) -> 0 | E9: =SUMIF(FRACAS!B$5:B$5,B9,FRACAS!AM$5:AM$5) -> 0 | F9: =IFERROR((1/(D9/C9)),0) -> 0 | G9: =IFERROR((C9-E9)/C9,1) -> 1 | I9: CCTV | J9: =IFERROR(Q$26/FRACAS!AY$1*60,0) -> 0 | K9: =COUNTIF(FRACAS!K$5:K$5,I9) -> 0 | L9: =SUMIF(FRACAS!K$5:K$5,I9,FRACAS!AN$5:AN$8973) -> 0 | M9: =IFERROR((1/(K9/J9)),0) -> 0 | N9: =IFERROR((J9-L9)/J9,1) -> 1 | O9: TIM_16+24 | P9: 1008 | Q9: =#REF! -> #REF!
A10: TIM_16+24 | B10: 1009 | C10: =#REF!/FRACAS!AY$1*60 -> #REF! | D10: =COUNTIF(FRACAS!B$5:B$5,B10) -> 0 | E10: =SUMIF(FRACAS!B$5:B$5,B10,FRACAS!AM$5:AM$5) -> 0 | F10: =IFERROR((1/(D10/C10)),0) -> 0 | G10: =IFERROR((C10-E10)/C10,1) -> 1 | I10: HMI | J10: =IFERROR(Q$26/FRACAS!AY$1*60,0) -> 0 | K10: =COUNTIF(FRACAS!K$5:K$5,I10) -> 0 | L10: =SUMIF(FRACAS!K$5:K$5,I10,FRACAS!AN$5:AN$8973) -> 0 | M10: =IFERROR((1/(K10/J10)),0) -> 0 | N10: =IFERROR((J10-L10)/J10,1) -> 1 | O10: TIM_16+24 | P10: 1009 | Q10: =#REF! -> #REF!
A11: TIM_16+24 | B11: 1010 | C11: =#REF!/FRACAS!AY$1*60 -> #REF! | D11: =COUNTIF(FRACAS!B$5:B$5,B11) -> 0 | E11: =SUMIF(FRACAS!B$5:B$5,B11,FRACAS!AM$5:AM$5) -> 0 | F11: =IFERROR((1/(D11/C11)),0) -> 0 | G11: =IFERROR((C11-E11)/C11,1) -> 1 | I11: Passenger_Information | J11: =IFERROR(Q$26/FRACAS!AY$1*60,0) -> 0 | K11: =COUNTIF(FRACAS!K$5:K$5,I11) -> 0 | L11: =SUMIF(FRACAS!K$5:K$5,I11,FRACAS!AN$5:AN$8973) -> 0 | M11: =IFERROR((1/(K11/J11)),0) -> 0 | N11: =IFERROR((J11-L11)/J11,1) -> 1 | O11: TIM_16+24 | P11: 1010 | Q11: =#REF! -> #REF!
A12: TIM_16+24 | B12: 1011 | C12: =#REF!/FRACAS!AY$1*60 -> #REF! | D12: =COUNTIF(FRACAS!B$5:B$5,B12) -> 0 | E12: =SUMIF(FRACAS!B$5:B$5,B12,FRACAS!AM$5:AM$5) -> 0 | F12: =IFERROR((1/(D12/C12)),0) -> 0 | G12: =IFERROR((C12-E12)/C12,1) -> 1 | I12: Sanding_System | J12: =IFERROR(Q$26/FRACAS!AY$1*60,0) -> 0 | K12: =COUNTIF(FRACAS!K$5:K$5,I12) -> 0 | L12: =SUMIF(FRACAS!K$5:K$5,I12,FRACAS!AN$5:AN$8973) -> 0 | M12: =IFERROR((1/(K12/J12)),0) -> 0 | N12: =IFERROR((J12-L12)/J12,1) -> 1 | O12: TIM_16+24 | P12: 1011 | Q12: =#REF! -> #REF!
A13: TIM_16+24 | B13: 1012 | C13: =#REF!/FRACAS!AY$1*60 -> #REF! | D13: =COUNTIF(FRACAS!B$5:B$5,B13) -> 0 | E13: =SUMIF(FRACAS!B$5:B$5,B13,FRACAS!AM$5:AM$5) -> 0 | F13: =IFERROR((1/(D13/C13)),0) -> 0 | G13: =IFERROR((C13-E13)/C13,1) -> 1 | I13: Motor | J13: =IFERROR(Q$26/FRACAS!AY$1*60,0) -> 0 | K13: =COUNTIF(FRACAS!K$5:K$5,I13) -> 0 | L13: =SUMIF(FRACAS!K$5:K$5,I13,FRACAS!AN$5:AN$8973) -> 0 | M13: =IFERROR((1/(K13/J13)),0) -> 0 | N13: =IFERROR((J13-L13)/J13,1) -> 1 | O13: TIM_16+24 | P13: 1012 | Q13: =#REF! -> #REF!
... A25: TIM_16+24 | B25: 1024 | C25: =#REF!/FRACAS!AY$1*60 -> #REF! | D25: =COUNTIF(FRACAS!B$5:B$5,B25) -> 0 | E25: =SUMIF(FRACAS!B$5:B$5,B25,FRACAS!AM$5:AM$5) -> 0 | F25: =IFERROR((1/(D25/C25)),0) -> 0 | G25: =IFERROR((C25-E25)/C25,1) -> 1 | I25: Other | J25: =IFERROR(Q$26/FRACAS!AY$1*60,0) -> 0 | K25: =COUNTIF(FRACAS!K$5:K$5,I25) -> 1 | L25: =SUMIF(FRACAS!K$5:K$5,I25,FRACAS!AN$5:AN$8973) -> 65952540 | M25: =IFERROR((1/(K25/J25)),0) -> 0 | N25: =IFERROR((J25-L25)/J25,1) -> 1 | O25: TIM_16+24 | P25: 1024 | Q25: =#REF! -> #REF!
P26: toplam filo KM | Q26: =SUM(Q2:Q25) -> #REF!
C27: Toplam Arıza Sayısı (PCs) | D27: Bozankaya | E27: Customer | F27: Equipment Supplier
A28: TIM_16+24 | B28: 1001 | C28: =D2 -> 0 | D28: =COUNTIFS(FRACAS!B$5:B$5,B28,FRACAS!R$5:R$5,D$27) -> 0 | E28: =COUNTIFS(FRACAS!B$5:B$5,B28,FRACAS!R$5:R$5,E$27) -> 0 | F28: =COUNTIFS(FRACAS!B$5:B$5,B28,FRACAS!R$5:R$5,F$27) -> 0
A29: TIM_16+24 | B29: 1002 | C29: =D3 -> 0 | D29: =COUNTIFS(FRACAS!B$5:B$5,B29,FRACAS!R$5:R$5,D$27) -> 0 | E29: =COUNTIFS(FRACAS!B$5:B$5,B29,FRACAS!R$5:R$5,E$27) -> 0 | F29: =COUNTIFS(FRACAS!B$5:B$5,B29,FRACAS!R$5:R$5,F$27) -> 0
A30: TIM_16+24 | B30: 1003 | C30: =D4 -> 0 | D30: =COUNTIFS(FRACAS!B$5:B$5,B30,FRACAS!R$5:R$5,D$27) -> 0 | E30: =COUNTIFS(FRACAS!B$5:B$5,B30,FRACAS!R$5:R$5,E$27) -> 0 | F30: =COUNTIFS(FRACAS!B$5:B$5,B30,FRACAS!R$5:R$5,F$27) -> 0
A31: TIM_16+24 | B31: 1004 | C31: =D5 -> 0 | D31: =COUNTIFS(FRACAS!B$5:B$5,B31,FRACAS!R$5:R$5,D$27) -> 0 | E31: =COUNTIFS(FRACAS!B$5:B$5,B31,FRACAS!R$5:R$5,E$27) -> 0 | F31: =COUNTIFS(FRACAS!B$5:B$5,B31,FRACAS!R$5:R$5,F$27) -> 0
A32: TIM_16+24 | B32: 1005 | C32: =D6 -> 0 | D32: =COUNTIFS(FRACAS!B$5:B$5,B32,FRACAS!R$5:R$5,D$27) -> 0 | E32: =COUNTIFS(FRACAS!B$5:B$5,B32,FRACAS!R$5:R$5,E$27) -> 0 | F32: =COUNTIFS(FRACAS!B$5:B$5,B32,FRACAS!R$5:R$5,F$27) -> 0
A33: TIM_16+24 | B33: 1006 | C33: =D7 -> 0 | D33: =COUNTIFS(FRACAS!B$5:B$5,B33,FRACAS!R$5:R$5,D$27) -> 0 | E33: =COUNTIFS(FRACAS!B$5:B$5,B33,FRACAS!R$5:R$5,E$27) -> 0 | F33: =COUNTIFS(FRACAS!B$5:B$5,B33,FRACAS!R$5:R$5,F$27) -> 0
A34: TIM_16+24 | B34: 1007 | C34: =D8 -> 0 | D34: =COUNTIFS(FRACAS!B$5:B$5,B34,FRACAS!R$5:R$5,D$27) -> 0 | E34: =COUNTIFS(FRACAS!B$5:B$5,B34,FRACAS!R$5:R$5,E$27) -> 0 | F34: =COUNTIFS(FRACAS!B$5:B$5,B34,FRACAS!R$5:R$5,F$27) -> 0
A35: TIM_16+24 | B35: 1008 | C35: =D9 -> 0 | D35: =COUNTIFS(FRACAS!B$5:B$5,B35,FRACAS!R$5:R$5,D$27) -> 0 | E35: =COUNTIFS(FRACAS!B$5:B$5,B35,FRACAS!R$5:R$5,E$27) -> 0 | F35: =COUNTIFS(FRACAS!B$5:B$5,B35,FRACAS!R$5:R$5,F$27) -> 0
A36: TIM_16+24 | B36: 1009 | C36: =D10 -> 0 | D36: =COUNTIFS(FRACAS!B$5:B$5,B36,FRACAS!R$5:R$5,D$27) -> 0 | E36: =COUNTIFS(FRACAS!B$5:B$5,B36,FRACAS!R$5:R$5,E$27) -> 0 | F36: =COUNTIFS(FRACAS!B$5:B$5,B36,FRACAS!R$5:R$5,F$27) -> 0
A37: TIM_16+24 | B37: 1010 | C37: =D11 -> 0 | D37: =COUNTIFS(FRACAS!B$5:B$5,B37,FRACAS!R$5:R$5,D$27) -> 0 | E37: =COUNTIFS(FRACAS!B$5:B$5,B37,FRACAS!R$5:R$5,E$27) -> 0 | F37: =COUNTIFS(FRACAS!B$5:B$5,B37,FRACAS!R$5:R$5,F$27) -> 0
A38: TIM_16+24 | B38: 1011 | C38: =D12 -> 0 | D38: =COUNTIFS(FRACAS!B$5:B$5,B38,FRACAS!R$5:R$5,D$27) -> 0 | E38: =COUNTIFS(FRACAS!B$5:B$5,B38,FRACAS!R$5:R$5,E$27) -> 0 | F38: =COUNTIFS(FRACAS!B$5:B$5,B38,FRACAS!R$5:R$5,F$27) -> 0
A39: TIM_16+24 | B39: 1012 | C39: =D13 -> 0 | D39: =COUNTIFS(FRACAS!B$5:B$5,B39,FRACAS!R$5:R$5,D$27) -> 0 | E39: =COUNTIFS(FRACAS!B$5:B$5,B39,FRACAS!R$5:R$5,E$27) -> 0 | F39: =COUNTIFS(FRACAS!B$5:B$5,B39,FRACAS!R$5:R$5,F$27) -> 0
... A51: TIM_16+24 | B51: 1024 | C51: =D25 -> 0 | D51: =COUNTIFS(FRACAS!B$5:B$5,B51,FRACAS!R$5:R$5,D$27) -> 0 | E51: =COUNTIFS(FRACAS!B$5:B$5,B51,FRACAS!R$5:R$5,E$27) -> 0 | F51: =COUNTIFS(FRACAS!B$5:B$5,B51,FRACAS!R$5:R$5,F$27) -> 0
C53: MTTR (min) | D53: Bozankaya | E53: Customer | F53: Equipment Supplier
A54: TIM_16+24 | B54: 1001 | C54: =E2 -> 0 | D54: =SUMIFS(FRACAS!AN$5:AN$5,FRACAS!B$5:B$5,'Analizler ESKİ'!B54,FRACAS!R$5:R$5,D$53) -> 0 | E54: =SUMIFS(FRACAS!AN$5:AN$5,FRACAS!B$5:B$5,'Analizler ESKİ'!B54,FRACAS!R$5:R$5,E$53) -> 0 | F54: =SUMIFS(FRACAS!AN$5:AN$5,FRACAS!B$5:B$5,'Analizler ESKİ'!B54,FRACAS!R$5:R$5,F$53) -> 0
A55: TIM_16+24 | B55: 1002 | C55: =E3 -> 0 | D55: =SUMIFS(FRACAS!AN$5:AN$5,FRACAS!B$5:B$5,'Analizler ESKİ'!B55,FRACAS!R$5:R$5,D$53) -> 0 | E55: =SUMIFS(FRACAS!AN$5:AN$5,FRACAS!B$5:B$5,'Analizler ESKİ'!B55,FRACAS!R$5:R$5,E$53) -> 0 | F55: =SUMIFS(FRACAS!AN$5:AN$5,FRACAS!B$5:B$5,'Analizler ESKİ'!B55,FRACAS!R$5:R$5,F$53) -> 0
A56: TIM_16+24 | B56: 1003 | C56: =E4 -> 0 | D56: =SUMIFS(FRACAS!AN$5:AN$5,FRACAS!B$5:B$5,'Analizler ESKİ'!B56,FRACAS!R$5:R$5,D$53) -> 0 | E56: =SUMIFS(FRACAS!AN$5:AN$5,FRACAS!B$5:B$5,'Analizler ESKİ'!B56,FRACAS!R$5:R$5,E$53) -> 0 | F56: =SUMIFS(FRACAS!AN$5:AN$5,FRACAS!B$5:B$5,'Analizler ESKİ'!B56,FRACAS!R$5:R$5,F$53) -> 0
A57: TIM_16+24 | B57: 1004 | C57: =E5 -> 0 | D57: =SUMIFS(FRACAS!AN$5:AN$5,FRACAS!B$5:B$5,'Analizler ESKİ'!B57,FRACAS!R$5:R$5,D$53) -> 0 | E57: =SUMIFS(FRACAS!AN$5:AN$5,FRACAS!B$5:B$5,'Analizler ESKİ'!B57,FRACAS!R$5:R$5,E$53) -> 0 | F57: =SUMIFS(FRACAS!AN$5:AN$5,FRACAS!B$5:B$5,'Analizler ESKİ'!B57,FRACAS!R$5:R$5,F$53) -> 0
A58: TIM_16+24 | B58: 1005 | C58: =E6 -> 0 | D58: =SUMIFS(FRACAS!AN$5:AN$5,FRACAS!B$5:B$5,'Analizler ESKİ'!B58,FRACAS!R$5:R$5,D$53) -> 0 | E58: =SUMIFS(FRACAS!AN$5:AN$5,FRACAS!B$5:B$5,'Analizler ESKİ'!B58,FRACAS!R$5:R$5,E$53) -> 0 | F58: =SUMIFS(FRACAS!AN$5:AN$5,FRACAS!B$5:B$5,'Analizler ESKİ'!B58,FRACAS!R$5:R$5,F$53) -> 0
A59: TIM_16+24 | B59: 1006 | C59: =E7 -> 0 | D59: =SUMIFS(FRACAS!AN$5:AN$5,FRACAS!B$5:B$5,'Analizler ESKİ'!B59,FRACAS!R$5:R$5,D$53) -> 0 | E59: =SUMIFS(FRACAS!AN$5:AN$5,FRACAS!B$5:B$5,'Analizler ESKİ'!B59,FRACAS!R$5:R$5,E$53) -> 0 | F59: =SUMIFS(FRACAS!AN$5:AN$5,FRACAS!B$5:B$5,'Analizler ESKİ'!B59,FRACAS!R$5:R$5,F$53) -> 0
A60: TIM_16+24 | B60: 1007 | C60: =E8 -> 0 | D60: =SUMIFS(FRACAS!AN$5:AN$5,FRACAS!B$5:B$5,'Analizler ESKİ'!B60,FRACAS!R$5:R$5,D$53) -> 0 | E60: =SUMIFS(FRACAS!AN$5:AN$5,FRACAS!B$5:B$5,'Analizler ESKİ'!B60,FRACAS!R$5:R$5,E$53) -> 0 | F60: =SUMIFS(FRACAS!AN$5:AN$5,FRACAS!B$5:B$5,'Analizler ESKİ'!B60,FRACAS!R$5:R$5,F$53) -> 0
A61: TIM_16+24 | B61: 1008 | C61: =E9 -> 0 | D61: =SUMIFS(FRACAS!AN$5:AN$5,FRACAS!B$5:B$5,'Analizler ESKİ'!B61,FRACAS!R$5:R$5,D$53) -> 0 | E61: =SUMIFS(FRACAS!AN$5:AN$5,FRACAS!B$5:B$5,'Analizler ESKİ'!B61,FRACAS!R$5:R$5,E$53) -> 0 | F61: =SUMIFS(FRACAS!AN$5:AN$5,FRACAS!B$5:B$5,'Analizler ESKİ'!B61,FRACAS!R$5:R$5,F$53) -> 0
A62: TIM_16+24 | B62: 1009 | C62: =E10 -> 0 | D62: =SUMIFS(FRACAS!AN$5:AN$5,FRACAS!B$5:B$5,'Analizler ESKİ'!B62,FRACAS!R$5:R$5,D$53) -> 0 | E62: =SUMIFS(FRACAS!AN$5:AN$5,FRACAS!B$5:B$5,'Analizler ESKİ'!B62,FRACAS!R$5:R$5,E$53) -> 0 | F62: =SUMIFS(FRACAS!AN$5:AN$5,FRACAS!B$5:B$5,'Analizler ESKİ'!B62,FRACAS!R$5:R$5,F$53) -> 0
A63: TIM_16+24 | B63: 1010 | C63: =E11 -> 0 | D63: =SUMIFS(FRACAS!AN$5:AN$5,FRACAS!B$5:B$5,'Analizler ESKİ'!B63,FRACAS!R$5:R$5,D$53) -> 0 | E63: =SUMIFS(FRACAS!AN$5:AN$5,FRACAS!B$5:B$5,'Analizler ESKİ'!B63,FRACAS!R$5:R$5,E$53) -> 0 | F63: =SUMIFS(FRACAS!AN$5:AN$5,FRACAS!B$5:B$5,'Analizler ESKİ'!B63,FRACAS!R$5:R$5,F$53) -> 0
A64: TIM_16+24 | B64: 1011 | C64: =E12 -> 0 | D64: =SUMIFS(FRACAS!AN$5:AN$5,FRACAS!B$5:B$5,'Analizler ESKİ'!B64,FRACAS!R$5:R$5,D$53) -> 0 | E64: =SUMIFS(FRACAS!AN$5:AN$5,FRACAS!B$5:B$5,'Analizler ESKİ'!B64,FRACAS!R$5:R$5,E$53) -> 0 | F64: =SUMIFS(FRACAS!AN$5:AN$5,FRACAS!B$5:B$5,'Analizler ESKİ'!B64,FRACAS!R$5:R$5,F$53) -> 0
A65: TIM_16+24 | B65: 1012 | C65: =E13 -> 0 | D65: =SUMIFS(FRACAS!AN$5:AN$5,FRACAS!B$5:B$5,'Analizler ESKİ'!B65,FRACAS!R$5:R$5,D$53) -> 0 | E65: =SUMIFS(FRACAS!AN$5:AN$5,FRACAS!B$5:B$5,'Analizler ESKİ'!B65,FRACAS!R$5:R$5,E$53) -> 0 | F65: =SUMIFS(FRACAS!AN$5:AN$5,FRACAS!B$5:B$5,'Analizler ESKİ'!B65,FRACAS!R$5:R$5,F$53) -> 0
... A77: TIM_16+24 | B77: 1024 | C77: =E25 -> 0 | D77: =SUMIFS(FRACAS!AN$5:AN$5,FRACAS!B$5:B$5,'Analizler ESKİ'!B77,FRACAS!R$5:R$5,D$53) -> 0 | E77: =SUMIFS(FRACAS!AN$5:AN$5,FRACAS!B$5:B$5,'Analizler ESKİ'!B77,FRACAS!R$5:R$5,E$53) -> 0 | F77: =SUMIFS(FRACAS!AN$5:AN$5,FRACAS!B$5:B$5,'Analizler ESKİ'!B77,FRACAS!R$5:R$5,F$53) -> 0
C79: Toplam Arıza Sayısı (PCs) | D79: A:Önemli Arıza | E79: B:Büyük Arıza | F79: C:Küçük Arıza | G79: D:Arıza Değil
A80: TIM_16+24 | B80: 1001 | C80: =D2 -> 0 | D80: =COUNTIFS(FRACAS!B$5:B$5,B80,FRACAS!P$5:P$5,D$79) -> 0 | E80: =COUNTIFS(FRACAS!B$5:B$5,B80,FRACAS!P$5:P$5,E$79) -> 0 | F80: =COUNTIFS(FRACAS!B$5:B$5,B80,FRACAS!P$5:P$5,F$79) -> 0 | G80: =COUNTIFS(FRACAS!A$5:A$5,B80,FRACAS!P$5:P$5,G$79) -> 0
A81: TIM_16+24 | B81: 1002 | C81: =D3 -> 0 | D81: =COUNTIFS(FRACAS!B$5:B$5,B81,FRACAS!P$5:P$5,D$79) -> 0 | E81: =COUNTIFS(FRACAS!B$5:B$5,B81,FRACAS!P$5:P$5,E$79) -> 0 | F81: =COUNTIFS(FRACAS!B$5:B$5,B81,FRACAS!P$5:P$5,F$79) -> 0 | G81: =COUNTIFS(FRACAS!A$5:A$5,B81,FRACAS!P$5:P$5,G$79) -> 0
A82: TIM_16+24 | B82: 1003 | C82: =D4 -> 0 | D82: =COUNTIFS(FRACAS!B$5:B$5,B82,FRACAS!P$5:P$5,D$79) -> 0 | E82: =COUNTIFS(FRACAS!B$5:B$5,B82,FRACAS!P$5:P$5,E$79) -> 0 | F82: =COUNTIFS(FRACAS!B$5:B$5,B82,FRACAS!P$5:P$5,F$79) -> 0 | G82: =COUNTIFS(FRACAS!A$5:A$5,B82,FRACAS!P$5:P$5,G$79) -> 0
A83: TIM_16+24 | B83: 1004 | C83: =D5 -> 0 | D83: =COUNTIFS(FRACAS!B$5:B$5,B83,FRACAS!P$5:P$5,D$79) -> 0 | E83: =COUNTIFS(FRACAS!B$5:B$5,B83,FRACAS!P$5:P$5,E$79) -> 0 | F83: =COUNTIFS(FRACAS!B$5:B$5,B83,FRACAS!P$5:P$5,F$79) -> 0 | G83: =COUNTIFS(FRACAS!A$5:A$5,B83,FRACAS!P$5:P$5,G$79) -> 0
A84: TIM_16+24 | B84: 1005 | C84: =D6 -> 0 | D84: =COUNTIFS(FRACAS!B$5:B$5,B84,FRACAS!P$5:P$5,D$79) -> 0 | E84: =COUNTIFS(FRACAS!B$5:B$5,B84,FRACAS!P$5:P$5,E$79) -> 0 | F84: =COUNTIFS(FRACAS!B$5:B$5,B84,FRACAS!P$5:P$5,F$79) -> 0 | G84: =COUNTIFS(FRACAS!A$5:A$5,B84,FRACAS!P$5:P$5,G$79) -> 0
A85: TIM_16+24 | B85: 1006 | C85: =D7 -> 0 | D85: =COUNTIFS(FRACAS!B$5:B$5,B85,FRACAS!P$5:P$5,D$79) -> 0 | E85: =COUNTIFS(FRACAS!B$5:B$5,B85,FRACAS!P$5:P$5,E$79) -> 0 | F85: =COUNTIFS(FRACAS!B$5:B$5,B85,FRACAS!P$5:P$5,F$79) -> 0 | G85: =COUNTIFS(FRACAS!A$5:A$5,B85,FRACAS!P$5:P$5,G$79) -> 0
A86: TIM_16+24 | B86: 1007 | C86: =D8 -> 0 | D86: =COUNTIFS(FRACAS!B$5:B$5,B86,FRACAS!P$5:P$5,D$79) -> 0 | E86: =COUNTIFS(FRACAS!B$5:B$5,B86,FRACAS!P$5:P$5,E$79) -> 0 | F86: =COUNTIFS(FRACAS!B$5:B$5,B86,FRACAS!P$5:P$5,F$79) -> 0 | G86: =COUNTIFS(FRACAS!A$5:A$5,B86,FRACAS!P$5:P$5,G$79) -> 0
A87: TIM_16+24 | B87: 1008 | C87: =D9 -> 0 | D87: =COUNTIFS(FRACAS!B$5:B$5,B87,FRACAS!P$5:P$5,D$79) -> 0 | E87: =COUNTIFS(FRACAS!B$5:B$5,B87,FRACAS!P$5:P$5,E$79) -> 0 | F87: =COUNTIFS(FRACAS!B$5:B$5,B87,FRACAS!P$5:P$5,F$79) -> 0 | G87: =COUNTIFS(FRACAS!A$5:A$5,B87,FRACAS!P$5:P$5,G$79) -> 0
A88: TIM_16+24 | B88: 1009 | C88: =D10 -> 0 | D88: =COUNTIFS(FRACAS!B$5:B$5,B88,FRACAS!P$5:P$5,D$79) -> 0 | E88: =COUNTIFS(FRACAS!B$5:B$5,B88,FRACAS!P$5:P$5,E$79) -> 0 | F88: =COUNTIFS(FRACAS!B$5:B$5,B88,FRACAS!P$5:P$5,F$79) -> 0 | G88: =COUNTIFS(FRACAS!A$5:A$5,B88,FRACAS!P$5:P$5,G$79) -> 0
A89: TIM_16+24 | B89: 1010 | C89: =D11 -> 0 | D89: =COUNTIFS(FRACAS!B$5:B$5,B89,FRACAS!P$5:P$5,D$79) -> 0 | E89: =COUNTIFS(FRACAS!B$5:B$5,B89,FRACAS!P$5:P$5,E$79) -> 0 | F89: =COUNTIFS(FRACAS!B$5:B$5,B89,FRACAS!P$5:P$5,F$79) -> 0 | G89: =COUNTIFS(FRACAS!A$5:A$5,B89,FRACAS!P$5:P$5,G$79) -> 0
A90: TIM_16+24 | B90: 1011 | C90: =D12 -> 0 | D90: =COUNTIFS(FRACAS!B$5:B$5,B90,FRACAS!P$5:P$5,D$79) -> 0 | E90: =COUNTIFS(FRACAS!B$5:B$5,B90,FRACAS!P$5:P$5,E$79) -> 0 | F90: =COUNTIFS(FRACAS!B$5:B$5,B90,FRACAS!P$5:P$5,F$79) -> 0 | G90: =COUNTIFS(FRACAS!A$5:A$5,B90,FRACAS!P$5:P$5,G$79) -> 0
A91: TIM_16+24 | B91: 1012 | C91: =D13 -> 0 | D91: =COUNTIFS(FRACAS!B$5:B$5,B91,FRACAS!P$5:P$5,D$79) -> 0 | E91: =COUNTIFS(FRACAS!B$5:B$5,B91,FRACAS!P$5:P$5,E$79) -> 0 | F91: =COUNTIFS(FRACAS!B$5:B$5,B91,FRACAS!P$5:P$5,F$79) -> 0 | G91: =COUNTIFS(FRACAS!A$5:A$5,B91,FRACAS!P$5:P$5,G$79) -> 0
... A103: TIM_16+24 | B103: 1024 | C103: =D25 -> 0 | D103: =COUNTIFS(FRACAS!B$5:B$5,B103,FRACAS!P$5:P$5,D$79) -> 0 | E103: =COUNTIFS(FRACAS!B$5:B$5,B103,FRACAS!P$5:P$5,E$79) -> 0 | F103: =COUNTIFS(FRACAS!B$5:B$5,B103,FRACAS!P$5:P$5,F$79) -> 0 | G103: =COUNTIFS(FRACAS!A$5:A$5,B103,FRACAS!P$5:P$5,G$79) -> 0

Sheet Arıza Tarih -K

Sheet Tamirat süreleri -K

Sheet Açıklama (Description)
C2: FRACAS FORMU | G2: Doküman Kodu Document Code | H2: FR-549
G3: Yayım Tarihi Publish Date | H3: 45873
G4: Revizyon Revision | H4: 4
G5: Sayfa Page | H5: 2/3
B7: * DDU'da arıza sınıfı tanımlanmamış bir arıza tespit edildiğinde, yeni arızaya ait arıza sınıfının belirlenmesi Bozankaya ve Müşteri'nin ilgili mühendisleri tarafından koordine edilecektir.
B9: * When a failure detected which is failure class undefined at DDU, determine the failure classes of new failures will be co-ordinated by relevant engineers of Bozankaya and Customer.
B12: ** Aşağıdaki tabloda yer alan örnekler tamamiyle örneklendirme amaçlı yazılmıştır, gerçek araç konfigürasyonları ile tutarsızlıkları olabilir.
B14: ** The examples in the table below are purely for illustrative purposes, they may be inconsistent with actual vehicle configurations.
B17: FRACAS Page Description
B18: Sütun (Column) | D18: Açıklama (Description) | N18: Örnek (Example)
B19: FRACAS ID | D19: Bu sütun aşağıdaki konfigurasyona göre olşturulmuş FRACAS ID ile doldurulacaktır. | N19: BOZ-IAS16-FF-001
B20: FRACAS ID | D20: This column fill with the FRACAS ID which is created according to below configuration method.
B21: Yıl | D21: Bu sütuna arızanın meydana geldiği yıl yazılacaktır. | N21: 2022
B22: Year | D22: This column fill with the year of failure occurred.
B23: Ay | D23: Bu sütuna arızanın meydana geldiği ay yazılacaktır. | N23: 7
B24: Month | D24: This column fill with the month of failure occurred.
B25: Tarih | D25: Bu sütuna arızanın meydana geldiği tarih yazılacaktır. | N25: 44768
B26: Date | D26: This column fill with the date of failure occurred.
B27: Saat | D27: Bu sütuna arızanın meydana geldiği saat yazılacaktır. | N27: 0.65416667
B28: Time | D28: This column fill with the hour of failure occurred.
B29: Araç ID | D29: Bu sütuna arızanın meydana geldiği araç numarası yazılacaktır. | N29: IAS16-1
B30: Vehicle ID | D30: This column fill with the failured vehicles id.
B31: Araç Modülü | D31: Bu sütuna arızanın meydana geldiği araç modulü yazılacaktır. | N31: T
B32: Vehicle Module | D32: This column fill with the failured vehicles module id.
B33: Arıza Konumu | D33: Bu sütuna arızanın meydana geldiği yer yazılacaktır. | N33: Hat/Line
B34: Failure Location | D34: This column fill with the failure occurred location.
B35: DDU Arıza Sınıfı | D35: Bu sütuna arızalı aracın sürücü ekranındaki (DDU) arıza sınıfı yazılacaktır. | N35: B
B36: DDU Failure Class | D36: This column fill with the failure class which is defined at driver display (DDU) of failured vehicle.
B37: Arıza Tanımı | D37: Bu sütuna arızanın tanımı yazılacaktır. | N37: Yanyana iki yolcu kapısının bypass edilmesi gerekiyor
B38: Failure Description | D38: This column fill with the failure description.
B39: Araç Kilometresi | D39: Bu sütuna aracın kilometresi yazılacaktır. | N39: 12345
B40: Vehicle Kilometer | D40: This column fill with vehicle kilometer.
B41: Arıza Kaynaklı İşlete Gecikmesi (dakika) | D41: Arızanın işletmede kaç dakika gecikme oluşturmuştur? | N41: 17
B42: Failure Caused Operational Delay (min) | D42: How many minutes of delay did the failure cause in the operation?
B43: Arıza Sınıfı (EN 50126-1:2017 Tablo C.3'e göre) | D43: Arıza EN 50126-1:2017 Table C.3'e göre hangi kategoriye girmektedir? | N43: Major/Majör
B44: Failure Class (acc. to EN 50126-1:2017 Table C.3) | D44: What is the category of failure acc. to EN 50126-1:2017 Table C.3?
B45: Arızanın Emniyetle İlgili Şiddet Kategorisi | D45: Arıza EN 50126-1:2017 Table C.5'e göre hangi kategoriye girmektedir? | N45: n.a.
B46: Safety Related Severity Category of Failure | D46: What is the category of failure acc. to EN 50126-1:2017 Table C.5?
B47: Sorumlu | D47: Arızanın sorumlusu kim? | N47: Bozankaya
B48: Responsible | D48: Who is the reponsible of failure?
B49: Düzeltici Faaliyet Başlangıç Tarihi | D49: Bu sütuna düzeltici faaliyet başlangıç tarihi yazılacaktır. | N49: 44768
B50: Start Date of Corrective Action | D50: This column fill with the start date of corrective action.
B51: Düzeltici Faaliyet Başlangıç Saati | D51: Bu sütuna düzeltici faaliyet başlangıç saati yazılacaktır. | N51: 0.68611111
B52: Start Time of Corrective Action | D52: This column fill with the start time of corrective action.
B53: Arızalı Ekipman Adı | D53: Bu sütuna arızalı ekipmanın adı yazılacaktır. | N53: DCU
B54: Failured Equipment Name | D54: This column fill with the failured equipment name.
B55: Arızalı Ekipman Adeti | D55: Bu sütuna arızalı ekipman sayısı yazılacaktır. | N55: 2
B56: Quantity of Failured Equipment | D56: This column fill with the quantity of failured equipment.
B57: Arızalı Ekipmanın Parça Kodu | D57: Bu sütuna arızalı ekipmanın parça kodu yazılacaktır. | N57: B0001-236
B58: Part Code of Failured Equipment | D58: This column fill with the part code of failured equipment.
B59: Arızalı Ekipmanın Seri Numarası | D59: Bu sütuna arızalı ekipmanın seri numarası yazılacaktır. | N59: A125S3352
B60: Serial Number of Failured Equipment | D60: This column fill with the serial number of failured equipment.
B61: Garanti Kapsamı | D61: Arıza, arızalı alt sisteme ait tedarikçinin garanti kapsamına dahil midir? | N61: Evet/Yes
B62: Warranty Coverage | D62: Is the failure covered by the failured subsystem supplier's warranty?
B63: Aksiyon | D63: Arızalı ekipman üzerinde nasıl bir düzeltici işlem yapılacak? | N63: Değiştirilecek/To Be Change
B64: Action | D64: What type corrective action will be taken on the failured equipment?
B65: NCR Numarası | D65: Bu sütuna hata ile ilgili oluşturulan NCR numarası yazılacaktır. | N65: TM-NCR-21_007
B66: NCR Number | D66: The NCR number generated for the error will be written in this column. | N66: TM-NCR-21_007
B67: Ekipman Tedarikçisi | D67: Bu sütüna arızalı ekipmanın hangi tedarikçiye ait olduğu girilecektir. | N67: ABB
B68: Equipment Supplier | D68: In this column, the supplier of the defective equipment will be entered. | N68: ABB
B69: Sipariş Numarası | D69: Bu sütuna eğer ekipman sipariş edilmişse sipariş numarası yazılacaktır. | N69: 12365
B70: Order Number | D70: This column fill with the order number if there is an equipment order.
B71: Sipariş Tarihi | D71: Bu sütuna eğer ekipman sipariş edilmişse sipariş tarihi yazılacaktır. | N71: 44768
B72: Order Time | D72: This column fill with the order date if there is an equipment order.
B73: Sipariş Saati | D73: Bu sütuna eğer ekipman sipariş edilmişse sipariş saati yazılacaktır. | N73: 0.73958333
B74: Order Time | D74: This column fill with the order time if there is an equipment order.
B75: Tedarikçi | D75: Bu sütuna eğer ekipman sipariş edilmişse tedarikçinin adı yazılacaktır. | N75: IFE
B76: Supplier | D76: This column fill with the supplier of equipment if there is an equipment order.
B77: Teslim Tarihi | D77: Bu sütuna eğer ekipman sipariş edilmişse SSH birimine teslim tarihi yazılacaktır. | N77: 44772
B78: Delivery Date | D78: This column fill with the delivery date if there is an equipment order.
B79: Teslim Saati | D79: Bu sütuna eğer ekipman sipariş edilmişse SSH birimine teslim saati yazılacaktır. | N79: 0.46736111
B80: Delivery Time | D80: This column fill with the delivery time if there is an equipment order.
B81: Takılan Ekipman Adı | D81: Bu sütuna eğer ekipman değişimi yapılmışsa takılan ekipmanın adı yazılacaktır. | N81: DCU
B82: Installed Equipment Name | D82: This column fill with the installed equipment name.
B83: Takılan Ekipman Adeti | D83: Bu sütuna eğer ekipman değişimi yapılmışsa takılan ekipmanın adeti yazılacaktır. | N83: 2
B84: Installed Equipment Quantity | D84: This column fill with the quantity of installed equipment.
B85: Takılan Ekipman Parça Kodu | D85: Bu sütuna eğer ekipman değişimi yapılmışsa takılan ekipmanın parça kodu yazılacaktır. | N85: B0001-236
B86: Installed Equipment Part Code | D86: This column fill with the part code of installed equipment.
B87: Takılan Ekipmanın Seri Numarası | D87: Bu sütuna takılan ekipmanın seri numarası yazılacaktır. | N87: A125S3378
B88: Serial Number of Installed Equipment | D88: This column fill with the serial number of installed equipment.
B89: Tamir için Gerekli Personel Sayısı | D89: Bu sütuna düzeltici faaliyeti gerçekleştirmek için gereken personel sayısı yazılacaktır. | N89: 2
B90: Required Personnel Quantity for Repair | D90: This column fill with the required person quantity for corrective action.
B91: Yapılan Düzeltici Faaliyet | C91: Yapılan Düzeltici Faaliyet | D91: Bu sütuna yapılan tamirin tanımı yazılacaktır. | N91: DCU arızası tespit edildi ve üniteler değiştirildi.
B92: Corrective Action Taken | C92: Corrective Action Taken | D92: This colum fill with the description of repair work.
B93: Arıza Tipi | C93: Yapılan Düzeltici Faaliyet | D93: Bu sütun arıza tipi ile doldurulacaktır. | N93: İlk defa karşılaşılan arıza / First time failure
B94: Failure Type | C94: Corrective Action Taken | D94: This column fill with the failure type
B95: Servise Veriliş Tarihi | C95: Servise Veriliş Tarihi | D95: Bu sütuna aracın servise hazır hale geldiği tarih yazılacaktır. | N95: 44772
B96: Date of Ready to Service | C96: Date of Ready to Service | D96: This column fill with the date of vehicle is ready to service.
B97: Servise Veriliş Saati | C97: Servise Veriliş Saati | D97: Bu sütuna aracın servise hazır hale geldiği saat yazılacaktır. | N97: 0.675
B98: Hour of Ready to Service | C98: Hour of Ready to Service | D98: This column fill with the hour of vehicle is ready to service.
B99: Tamir Süresi | D99: Bu sütuna düzeltici faaliyeti gerçekleştirmek için gereken süre yazılacaktır. | N99: 95.733333
B100: Repair Time | D100: This column fill with the required time for corrective action.
B101: MDT (saat) | C101: MDT (saat) | D101: Formül sütunu. | N101: 96.5
B102: MDT (hour) | C102: MDT (hour) | D102: Formula column.
B103: Yorum | C103: Yorum | D103: Bu sütuna arıza ile ilgili yorumlar yazılacaktır. | N103: -
B104: Comment | C104: Comment | D104: This column fill with the comments about failure.
B107: EN 50126-1:2017 Tablo C.3
B108: EN 50126-1:2017 Table C.3
B109: RAM Şiddet Kategorisi | D109: Açıklama
B110: RAM Severity Category | D110: Description
...

Sheet FRACAS
N1: FRACAS(Hata Raporlama Analizi ve Düzeltici Aksiyon Sitemi) Formu FRACAS(Failure Reporting Analysis And Corrective Action System) Form | AB1: Doküman No / Document Code; FR-549 Yayımlama Tarih / Publish Datei; 23.05.2023 Revizyon Tarihi / Revision; 04.08.2025 Revizyon No: 4 | AP1: =TODAY() -> 46026 | AQ1: X | AR1: Proje Pik Saatleri Proje Peak Times | AS1: 0.27083333 | AT1: 0.39583333 | AU1: 0.66666667 | AV1: 0.8125 | AW1: Proje Ort Hız Proje Avr. Speed | AY1: 18 | AZ1: km | BA1: Proje İşçilik Maliyeti Project Labor Cost | BC1: 11 | BD1: hbm.142536
A3: Araç Bilgileri Vhicle Information | E3: Problem Bilgileri Failure Information | P3: (EN 50126-1:2017 Tabl C.3 | Q3: (EN 50126-1:2017 Tabl C.5 | R3: Çözüm Adımları ve Bilgileri Solution Steps And Information | AO3: Tamir İçin Gerekli Parçalar Needed Parts For Repairing | AW3: Maliyet Cost | AY3: SSH Detayı | BB3: X | CL3: Kompanent MTTR / MDT
A4: Project | B4: Araç Numarası Vehicle Number | C4: Araç Module Vehicle Module | D4: Araç Kilometresi Vehicle Kilometer | E4: FRACAS ID | F4: Hata Tarih/Date | G4: Hata Saat/Time | I4: Arıza Konumu Failure Location | J4: Arıza Tespit Yöntemi Failure Detection Method | K4: Kapsam Scope | L4: İlgili Tedarikçi Relevant Supplier | M4: Proje Bazında Fracas ID Fracas ID Based on Project | N4: Arıza Tanımı Failure Description | O4: DDU Arıza Sınıfı DDU Failure Class | P4: Arıza Sınıfı Failure Class | Q4: Arızanın Emniyetle İlgili Şiddet Kategorisi Safety Related Severity Category of Failure | R4: Arıza Kaynağı Source of Failure | S4: Arıza Tespitini Takiben Yapılan İşlem Action Followed by Fault Detection | T4: Aksiyon Action | U4: Garanti Kapsamı Warranty Coverage | V4: Tamir için Gerekli Personel Sayısı Required Personnel Quantity for Repair | W4: Tamir/Değiştirme Başlama Tarihi Date of Starting to Repair/Replace | X4: Tamir/Değiştirme Başlama Saati Time of Starting to Repair/Replace | Z4: Tamir/Değiştirme Bitiş Tarihi Date of Fnish to Repair/Replace | AA4: Tamir/Değiştirme Bitiş Saati Time of Fnish to Repair/Replace | AC4: Tamir Süresi (dakika) Repair Time (dakika) | AD4: Servise Veriliş Tarih Date of Ready to Service | AE4: Servise Veriliş Saati Time of Ready to Service | AG4: Arıza Tipi Failure Type | AH4: Detaylı Bilgi Detail İnformation | AI4: NCR Numarası NCR Number | AJ4: NCR Kapanış Tarihi NCR Closing Date | AK4: NCR Kapanış Saati NCR Closing Time | AM4: Araç MTTR / MDT | AN4: Kompanent MTTR / MDT | AO4: Ekipman Tedarikçisi Equipment Supplier | AP4: Parça Kodu Part Code | AQ4: Seri Numarası Serial Number | AR4: Parça Adı Part Name | AS4: Adeti Quantity | AT4: Sipariş No Order No | AU4: Sipariş Tarihi Order Date | AV4: Teslim Tarihi Delivery Date | AW4: Malzeme Maliyeti Material Cost | AX4: İşçilik Maliyeti Labor Cost | AY4: No | AZ4: Photo URL | BA4: Arıza Resmi | BB4: Pik Saat Hes. | BE4: NCR Bildiriliş Tarihi | BF4: Arıza Kaynağı (Sorumlu 2) | BJ4: tamire başlama | BK4: tamir süresi | BL4: servise verilme süresi | BM4: Ncr açık kalma süresi | BY4: Tamire Başlama Süresi | BZ4: Tamirat süresi | CA4: toplam arıza süresi | CI4: AYNI GÜN | CJ4: tamir süresi (saat) =(AB-Y)*24 | CK4: servis dışı kalma süresi (saat) =(AF-H)*24 | CL4: servis dışı kalma süresi (dakika)
A5: IASI_18 | B5: 2233 | C5: Tüm Modüller | D5: 0 | E5: BOZ-IASI18-FF-001 | F5: 45793 | G5: 0.625 | H5: =IF(AND(F5="",G5=""),"",(F5+G5)) -> 45793.625 | I5: Depo/Depot | J5: Notified By Bozankaya | K5: Other | L5: Bozankya | M5: =IF(AND(A5="",E5=""),"",(A5&"-"&E5)) -> IASI_18-BOZ-IASI18-FF-001 | N5: Araç gövdesi hilal şeklinde aşırı yamuk. | O5: sürüş devamlılığı | P5: C(Sisteme etki etmeyen arıza) | Q5: N.A(Yaralanma yok) | R5: Bozankaya | S5: Araç şasiden ters tarafa esnatilerek çoğunlukla düzeltilmiştir. | T5: Tamir Edilecek/To Be Repaired | U5: Evet/Yes | V5: 2 | W5: 45797 | X5: 0.58333333 | Y5: =IF(AND(W5="",X5=""),"",(W5+X5)) -> 45797.583 | Z5: 45797 | AA5: 0.79166667 | AB5: =IF(AND(Z5="",AA5=""),"",(Z5+AA5)) -> 45797.792 | AC5: =(AF5-H5)*24*60 -> 65952540 | AD5: 45797 | AE5: 45797 | AF5: =IF(AND(AD5="",AE5=""),"",(AD5+AE5)) -> 91594 | AG5: (I) İlk Defa Karşılaşılan Arıza | AH5: Bu Arıza Aracın Servise Verilmesine Engel Değil | AI5: IASI18-NCR-005 | AL5: =IF(AND(AJ5="",AK5=""),"",(AJ5+AK5)) | AM5: =IF(AND(P5<>"D(Arıza Değil)",AH5="Bu Arıza Aracın Servise Verilmesine Engel Değil"),IF(Z5-F5>0,(AB5-Y5)*24*60,IF(OR(AND(G5>$AS$1,G5<$AT$1),AND(G5>$AU$1,G5<$AV$1)),(AF5-H5)*24*60,0)),AN5) -> 300 | AN5: =IF(P5<>"D(Arıza Değil)",AC5,0) -> 65952540 | AW5: 0 | AX5: 0 | BB5: =IF($AQ$1="X", IF(AND(G5>=$AS$1,G5<=$AT$1),IF(P5<>"D(Arıza Değil)",AC5,0), IF(AND(G5>=$AU$1,G5<=$AV$1),IF(P5<>"D(Arıza Değil)",AC5,0), "")), "") | BJ5: =Y5-H5 -> 3.9583333 | BK5: =AB5-Y5 -> 0.20833333 | BL5: =AF5-AB5 -> 45796.208 | BM5: =AL5-#REF! -> #VALUE! | BY5: =Y5-H5 -> 3.9583333 | BZ5: =AB5-Y5 -> 0.20833333 | CA5: =AB5-H5 -> 4.1666667 | CI5: =IF(Z5=F5,"AYNI GÜN","") | CJ5: =(AB5-Y5)*24 -> 5 | CK5: =(AF5-H5)*24 -> 1099209 | CL5: =(AF5-H5)*24*60 -> 65952540
A6: IASI_18 | B6: 2233 | C6: MC | D6: 0 | E6: BOZ-IASI18-FF-002 | F6: 45793 | G6: 0.625 | H6: =IF(AND(F6="",G6=""),"",(F6+G6)) -> 45793.625 | I6: Depo/Depot | J6: Notified By Bozankaya | K6: Windows | L6: DORAGLASS | M6: =IF(AND(A6="",E6=""),"",(A6&"-"&E6)) -> IASI_18-BOZ-IASI18-FF-002 | N6: MC ön sağ yan cam çatlak. | O6: sürüş devamlılığı | P6: C(Sisteme etki etmeyen arıza) | Q6: N.A(Yaralanma yok) | R6: Bozankaya | S6: Araç indirildikten sonra MC ön sağ yan camın çatlak olduğu tespit edildi. Bu şekilde servise devam edecek. İleri zamanlarda müşteriye cam verilecek ve ihtiyaç halinde değiştirilecek. | T6: Değiştirilecek/To Be Changed | U6: Evet/Yes | V6: 1 | W6: 45793 | X6: 0.625 | Y6: =IF(AND(W6="",X6=""),"",(W6+X6)) -> 45793.625 | Z6: 45793 | AA6: 0.64583333 | AB6: =IF(AND(Z6="",AA6=""),"",(Z6+AA6)) -> 45793.646 | AC6: =(AF6-H6)*24*60 -> 30 | AD6: 45793 | AE6: 0.64583333 | AF6: =IF(AND(AD6="",AE6=""),"",(AD6+AE6)) -> 45793.646 | AG6: (I) İlk Defa Karşılaşılan Arıza | AH6: Bu Arıza Aracın Servise Verilmesine Engel Değil | AI6: IASI18-NCR-001 | AL6: =IF(AND(AJ6="",AK6=""),"",(AJ6+AK6)) | AM6: =IF(AND(P6<>"D(Arıza Değil)",AH6="Bu Arıza Aracın Servise Verilmesine Engel Değil"),IF(Z6-F6>0,(AB6-Y6)*24*60,IF(OR(AND(G6>$AS$1,G6<$AT$1),AND(G6>$AU$1,G6<$AV$1)),(AF6-H6)*24*60,0)),AN6) -> 0 | AN6: =IF(P6<>"D(Arıza Değil)",AC6,0) -> 30 | AW6: 0 | AX6: 0 | BB6: =IF($AQ$1="X", IF(AND(G6>=$AS$1,G6<=$AT$1),IF(P6<>"D(Arıza Değil)",AC6,0), IF(AND(G6>=$AU$1,G6<=$AV$1),IF(P6<>"D(Arıza Değil)",AC6,0), "")), "") | BJ6: =Y6-H6 -> 0 | BK6: =AB6-Y6 -> 0.020833333 | BL6: =AF6-AB6 -> 0 | BM6: =AL6-BE6 -> #VALUE! | BY6: =Y6-H6 -> 0 | BZ6: =AB6-Y6 -> 0.020833333 | CA6: =AB6-H6 -> 0.020833333 | CI6: =IF(Z6=F6,"AYNI GÜN","") -> AYNI GÜN | CJ6: =(AB6-Y6)*24 -> 0.5 | CK6: =(AF6-H6)*24 -> 0.5 | CL6: =(AF6-H6)*24*60 -> 30
A7: IASI_18 | B7: 2233 | C7: MC-M | D7: 0 | E7: BOZ-IASI18-FF-003 | F7: 45793 | G7: 0.625 | H7: =IF(AND(F7="",G7=""),"",(F7+G7)) -> 45793.625 | I7: Depo/Depot | J7: Notified By Bozankaya | K7: Brake_System | L7: Hanning&Kall | M7: =IF(AND(A7="",E7=""),"",(A7&"-"&E7)) -> IASI_18-BOZ-IASI18-FF-003 | N7: MC ve M hidrolik fren hattı boruları araç şasesine sürtüyor. | O7: sürüş devamlılığı | P7: B(Servisten çekmeye etki eden arıza) | Q7: N.A(Yaralanma yok) | R7: Bozankaya | S7: Hidrolik fren hattı boruları şaseye değmektedir. Servise verildikten kısa süre sonra borular delinetek fren arızasına sebebiyet verecektir. Borular şaseye değmeyecek şekilde ayarlandı ve izolasyon yapıldı. | T7: Tamir Edilecek/To Be Repaired | U7: Evet/Yes | V7: 2 | W7: 45793 | X7: 0.66666667 | Y7: =IF(AND(W7="",X7=""),"",(W7+X7)) -> 45793.667 | Z7: 45793 | AA7: 0.6875 | AB7: =IF(AND(Z7="",AA7=""),"",(Z7+AA7)) -> 45793.688 | AC7: =(AF7-H7)*24*60 -> 90 | AD7: 45793 | AE7: 0.6875 | AF7: =IF(AND(AD7="",AE7=""),"",(AD7+AE7)) -> 45793.688 | AG7: (I) İlk Defa Karşılaşılan Arıza | AH7: Bu Arıza Aracın Servise Verilmesine Engel | AI7: IASI18-NCR-002 | AL7: =IF(AND(AJ7="",AK7=""),"",(AJ7+AK7)) | AM7: =IF(AND(P7<>"D(Arıza Değil)",AH7="Bu Arıza Aracın Servise Verilmesine Engel Değil"),IF(Z7-F7>0,(AB7-Y7)*24*60,IF(OR(AND(G7>$AS$1,G7<$AT$1),AND(G7>$AU$1,G7<$AV$1)),(AF7-H7)*24*60,0)),AN7) -> 90 | AN7: =IF(P7<>"D(Arıza Değil)",AC7,0) -> 90 | AW7: 0 | AX7: 0 | BB7: =IF($AQ$1="X", IF(AND(G7>=$AS$1,G7<=$AT$1),IF(P7<>"D(Arıza Değil)",AC7,0), IF(AND(G7>=$AU$1,G7<=$AV$1),IF(P7<>"D(Arıza Değil)",AC7,0), "")), "") | BJ7: =Y7-H7 -> 0.041666667 | BK7: =AB7-Y7 -> 0.020833333 | BL7: =AF7-AB7 -> 0 | BM7: =AL7-BE7 -> #VALUE! | BY7: =Y7-H7 -> 0.041666667 | BZ7: =AB7-Y7 -> 0.020833333 | CA7: =AB7-H7 -> 0.0625 | CI7: =IF(Z7=F7,"AYNI GÜN","") -> AYNI GÜN | CJ7: =(AB7-Y7)*24 -> 0.5 | CK7: =(AF7-H7)*24 -> 1.5 | CL7: =(AF7-H7)*24*60 -> 90
A8: IASI_18 | B8: 2233 | C8: Tüm Modüller | D8: 0 | E8: BOZ-IASI18-FF-004 | F8: 45793 | G8: 0.625 | H8: =IF(AND(F8="",G8=""),"",(F8+G8)) -> 45793.625 | I8: Depo/Depot | J8: Notified By Bozankaya | K8: TCMS | L8: Medcom | M8: =IF(AND(A8="",E8=""),"",(A8&"-"&E8)) -> IASI_18-BOZ-IASI18-FF-004 | N8: CAN2 hattı üsrekli çöküyor. | O8: B-Hız veya güç azalması | P8: B(Servisten çekmeye etki eden arıza) | Q8: N.A(Yaralanma yok) | R8: Equipment_Supplier | S8: Testler esnasında sahaya gelen Medcom ekibi tarafından incelendi. HDMI değişi ile arıza giderildi. | T8: Değiştirilecek/To Be Changed | U8: Evet/Yes | V8: 1 | W8: 45802 | X8: 0.33333333 | Y8: =IF(AND(W8="",X8=""),"",(W8+X8)) -> 45802.333 | Z8: 45802 | AA8: 0.58333333 | AB8: =IF(AND(Z8="",AA8=""),"",(Z8+AA8)) -> 45802.583 | AC8: =(AF8-H8)*24*60 -> 12900 | AD8: 45802 | AE8: 0.58333333 | AF8: =IF(AND(AD8="",AE8=""),"",(AD8+AE8)) -> 45802.583 | AG8: (I) İlk Defa Karşılaşılan Arıza | AH8: Bu Arıza Aracın Servise Verilmesine Engel | AL8: =IF(AND(AJ8="",AK8=""),"",(AJ8+AK8)) | AM8: =IF(AND(P8<>"D(Arıza Değil)",AH8="Bu Arıza Aracın Servise Verilmesine Engel Değil"),IF(Z8-F8>0,(AB8-Y8)*24*60,IF(OR(AND(G8>$AS$1,G8<$AT$1),AND(G8>$AU$1,G8<$AV$1)),(AF8-H8)*24*60,0)),AN8) -> 12900 | AN8: =IF(P8<>"D(Arıza Değil)",AC8,0) -> 12900 | AW8: 0 | AX8: 0 | BB8: =IF($AQ$1="X", IF(AND(G8>=$AS$1,G8<=$AT$1),IF(P8<>"D(Arıza Değil)",AC8,0), IF(AND(G8>=$AU$1,G8<=$AV$1),IF(P8<>"D(Arıza Değil)",AC8,0), "")), "") | BJ8: =Y8-H8 -> 8.7083333 | BK8: =AB8-Y8 -> 0.25 | BL8: =AF8-AB8 -> 0 | BM8: =AL8-BE8 -> #VALUE! | BY8: =Y8-H8 -> 8.7083333 | BZ8: =AB8-Y8 -> 0.25 | CA8: =AB8-H8 -> 8.9583333 | CI8: =IF(Z8=F8,"AYNI GÜN","") | CJ8: =(AB8-Y8)*24 -> 6 | CK8: =(AF8-H8)*24 -> 215 | CL8: =(AF8-H8)*24*60 -> 12900
A9: IASI_18 | B9: 2233 | C9: MC-M | D9: 0 | E9: BOZ-IASI18-FF-005 | F9: 45795 | G9: 0.33333333 | H9: =IF(AND(F9="",G9=""),"",(F9+G9)) -> 45795.333 | I9: Depo/Depot | J9: Notified By Bozankaya | K9: Brake_System | L9: Hanning&Kall | M9: =IF(AND(A9="",E9=""),"",(A9&"-"&E9)) -> IASI_18-BOZ-IASI18-FF-005 | N9: Kabin değişimi için anahtar çevrildiğinde frenler minör arızaya düşüyor. | O9: sürüş devamlılığı | P9: B(Servisten çekmeye etki eden arıza) | Q9: N.A(Yaralanma yok) | R9: Bozankaya | S9: TCMS yazılım güncellemesi ile arıza düzeltildi. | T9: Tamir Edilecek/To Be Repaired | U9: Evet/Yes | V9: 1 | W9: 45795 | X9: 0.41666667 | Y9: =IF(AND(W9="",X9=""),"",(W9+X9)) -> 45795.417 | Z9: 45795 | AA9: 0.5 | AB9: =IF(AND(Z9="",AA9=""),"",(Z9+AA9)) -> 45795.5 | AC9: =(AF9-H9)*24*60 -> 240 | AD9: 45795 | AE9: 0.5 | AF9: =IF(AND(AD9="",AE9=""),"",(AD9+AE9)) -> 45795.5 | AG9: (I) İlk Defa Karşılaşılan Arıza | AH9: Bu Arıza Aracın Servise Verilmesine Engel Değil | AL9: =IF(AND(AJ9="",AK9=""),"",(AJ9+AK9)) | AM9: =IF(AND(P9<>"D(Arıza Değil)",AH9="Bu Arıza Aracın Servise Verilmesine Engel Değil"),IF(Z9-F9>0,(AB9-Y9)*24*60,IF(OR(AND(G9>$AS$1,G9<$AT$1),AND(G9>$AU$1,G9<$AV$1)),(AF9-H9)*24*60,0)),AN9) -> 240 | AN9: =IF(P9<>"D(Arıza Değil)",AC9,0) -> 240 | AW9: 0 | AX9: 0 | BB9: =IF($AQ$1="X", IF(AND(G9>=$AS$1,G9<=$AT$1),IF(P9<>"D(Arıza Değil)",AC9,0), IF(AND(G9>=$AU$1,G9<=$AV$1),IF(P9<>"D(Arıza Değil)",AC9,0), "")), "") -> 240 | BJ9: =Y9-H9 -> 0.083333333 | BK9: =AB9-Y9 -> 0.083333333 | BL9: =AF9-AB9 -> 0 | BM9: =AL9-BE9 -> #VALUE! | BY9: =Y9-H9 -> 0.083333333 | BZ9: =AB9-Y9 -> 0.083333333 | CA9: =AB9-H9 -> 0.16666667 | CI9: =IF(Z9=F9,"AYNI GÜN","") -> AYNI GÜN | CJ9: =(AB9-Y9)*24 -> 2 | CK9: =(AF9-H9)*24 -> 4 | CL9: =(AF9-H9)*24*60 -> 240
A10: IASI_18 | B10: 2233 | C10: MC | D10: 0 | E10: BOZ-IASI18-FF-006 | F10: 45803 | G10: 0.79166667 | H10: =IF(AND(F10="",G10=""),"",(F10+G10)) -> 45803.792 | I10: Depo/Depot | J10: Notified By Bozankaya | K10: Other | L10: Bozankya | M10: =IF(AND(A10="",E10=""),"",(A10&"-"&E10)) -> IASI_18-BOZ-IASI18-FF-006 | N10: Pantograf kaldırma telinin bulunduğu delikten araç içine su alıyor. | O10: sürüş devamlılığı | P10: C(Sisteme etki etmeyen arıza) | Q10: N.A(Yaralanma yok) | R10: Bozankaya | S10: Çatıdan telin indiği braket vidaları tam sıkılmadığı tespit edildi. Vida etraflarında su aldığı tespit edildi. Sıkılarak sorun giderildi. | T10: Tamir Edilecek/To Be Repaired | U10: Evet/Yes | V10: 1 | W10: 45803 | X10: 0.79166667 | Y10: =IF(AND(W10="",X10=""),"",(W10+X10)) -> 45803.792 | Z10: 45803 | AA10: 0.83333333 | AB10: =IF(AND(Z10="",AA10=""),"",(Z10+AA10)) -> 45803.833 | AC10: =(AF10-H10)*24*60 -> 60 | AD10: 45803 | AE10: 0.83333333 | AF10: =IF(AND(AD10="",AE10=""),"",(AD10+AE10)) -> 45803.833 | AG10: (I) İlk Defa Karşılaşılan Arıza | AH10: Bu Arıza Aracın Servise Verilmesine Engel Değil | AI10: IASI18-NCR-007 | AL10: =IF(AND(AJ10="",AK10=""),"",(AJ10+AK10)) | AM10: =IF(AND(P10<>"D(Arıza Değil)",AH10="Bu Arıza Aracın Servise Verilmesine Engel Değil"),IF(Z10-F10>0,(AB10-Y10)*24*60,IF(OR(AND(G10>$AS$1,G10<$AT$1),AND(G10>$AU$1,G10<$AV$1)),(AF10-H10)*24*60,0)),AN10) -> 60 | AN10: =IF(P10<>"D(Arıza Değil)",AC10,0) -> 60 | AW10: 0 | AX10: 0 | BB10: =IF($AQ$1="X", IF(AND(G10>=$AS$1,G10<=$AT$1),IF(P10<>"D(Arıza Değil)",AC10,0), IF(AND(G10>=$AU$1,G10<=$AV$1),IF(P10<>"D(Arıza Değil)",AC10,0), "")), "") -> 60 | BJ10: =Y10-H10 -> 0 | BK10: =AB10-Y10 -> 0.041666667 | BL10: =AF10-AB10 -> 0 | BM10: =AL10-BE10 -> #VALUE! | BY10: =Y10-H10 -> 0 | BZ10: =AB10-Y10 -> 0.041666667 | CA10: =AB10-H10 -> 0.041666667 | CI10: =IF(Z10=F10,"AYNI GÜN","") -> AYNI GÜN | CJ10: =(AB10-Y10)*24 -> 1 | CK10: =(AF10-H10)*24 -> 1 | CL10: =(AF10-H10)*24*60 -> 60
A11: IASI_18 | B11: 2233 | C11: MC-M | D11: 0 | E11: BOZ-IASI18-FF-007 | F11: 45803 | G11: 0.95833333 | H11: =IF(AND(F11="",G11=""),"",(F11+G11)) -> 45803.958 | I11: Hat/Line | J11: Notified By Bozankaya | K11: Internal_Trim | L11: Sazcılar | M11: =IF(AND(A11="",E11=""),"",(A11&"-"&E11)) -> IASI_18-BOZ-IASI18-FF-007 | N11: Boji karkaslarının etraflarından araç içine su almaktadır. | O11: sürüş devamlılığı | P11: C(Sisteme etki etmeyen arıza) | Q11: N.A(Yaralanma yok) | R11: Bozankaya | S11: Araç altından boji üstü kaarkasların araya izolasyon yapıldı. | T11: Tamir Edilecek/To Be Repaired | U11: Evet/Yes | V11: 2 | W11: 45804 | X11: 0.33333333 | Y11: =IF(AND(W11="",X11=""),"",(W11+X11)) -> 45804.333 | Z11: 45804 | AA11: 0.5 | AB11: =IF(AND(Z11="",AA11=""),"",(Z11+AA11)) -> 45804.5 | AC11: =(AF11-H11)*24*60 -> 780 | AD11: 45804 | AE11: 0.5 | AF11: =IF(AND(AD11="",AE11=""),"",(AD11+AE11)) -> 45804.5 | AG11: (I) İlk Defa Karşılaşılan Arıza | AH11: Bu Arıza Aracın Servise Verilmesine Engel Değil | AI11: IASI18-NCR-007 | AL11: =IF(AND(AJ11="",AK11=""),"",(AJ11+AK11)) | AM11: =IF(AND(P11<>"D(Arıza Değil)",AH11="Bu Arıza Aracın Servise Verilmesine Engel Değil"),IF(Z11-F11>0,(AB11-Y11)*24*60,IF(OR(AND(G11>$AS$1,G11<$AT$1),AND(G11>$AU$1,G11<$AV$1)),(AF11-H11)*24*60,0)),AN11) -> 240 | AN11: =IF(P11<>"D(Arıza Değil)",AC11,0) -> 780 | AW11: 0 | AX11: 0 | BB11: =IF($AQ$1="X", IF(AND(G11>=$AS$1,G11<=$AT$1),IF(P11<>"D(Arıza Değil)",AC11,0), IF(AND(G11>=$AU$1,G11<=$AV$1),IF(P11<>"D(Arıza Değil)",AC11,0), "")), "") | BJ11: =Y11-H11 -> 0.375 | BK11: =AB11-Y11 -> 0.16666667 | BL11: =AF11-AB11 -> 0 | BM11: =AL11-BE11 -> #VALUE! | BY11: =Y11-H11 -> 0.375 | BZ11: =AB11-Y11 -> 0.16666667 | CA11: =AB11-H11 -> 0.54166667 | CI11: =IF(Z11=F11,"AYNI GÜN","") | CJ11: =(AB11-Y11)*24 -> 4 | CK11: =(AF11-H11)*24 -> 13 | CL11: =(AF11-H11)*24*60 -> 780
A12: IASI_18 | B12: 2234 | C12: Tüm Modüller | D12: 0 | E12: BOZ-IASI18-FF-008 | F12: 45834 | G12: 0.45833333 | H12: =IF(AND(F12="",G12=""),"",(F12+G12)) -> 45834.458 | I12: Depo/Depot | J12: Notified By Bozankaya | K12: Other | L12: Bozankya | M12: =IF(AND(A12="",E12=""),"",(A12&"-"&E12)) -> IASI_18-BOZ-IASI18-FF-008 | N12: Araç gövdesi yamuk. | O12: sürüş devamlılığı | P12: C(Sisteme etki etmeyen arıza) | Q12: N.A(Yaralanma yok) | R12: Bozankaya | S12: Müşteriden bildirim gelene kadar düzeltme çalışması yapılmayacak. Konu şuanda kapalı konumda. | T12: Tamir Edilecek/To Be Repaired | U12: Evet/Yes | V12: 2 | W12: 45895 | X12: 0.45833333 | Y12: =IF(AND(W12="",X12=""),"",(W12+X12)) -> 45895.458 | Z12: 45834 | AA12: 0.47916667 | AB12: =IF(AND(Z12="",AA12=""),"",(Z12+AA12)) -> 45834.479 | AC12: =(AF12-H12)*24*60 -> 30 | AD12: 45834 | AE12: 0.47916667 | AF12: =IF(AND(AD12="",AE12=""),"",(AD12+AE12)) -> 45834.479 | AG12: (III) Farklı Araçlarda Tekrarlayan Arıza | AH12: Bu Arıza Aracın Servise Verilmesine Engel Değil | AL12: =IF(AND(AJ12="",AK12=""),"",(AJ12+AK12)) | AM12: =IF(AND(P12<>"D(Arıza Değil)",AH12="Bu Arıza Aracın Servise Verilmesine Engel Değil"),IF(Z12-F12>0,(AB12-Y12)*24*60,IF(OR(AND(G12>$AS$1,G12<$AT$1),AND(G12>$AU$1,G12<$AV$1)),(AF12-H12)*24*60,0)),AN12) -> 0 | AN12: =IF(P12<>"D(Arıza Değil)",AC12,0) -> 30 | AW12: 0 | AX12: 0 | BB12: =IF($AQ$1="X", IF(AND(G12>=$AS$1,G12<=$AT$1),IF(P12<>"D(Arıza Değil)",AC12,0), IF(AND(G12>=$AU$1,G12<=$AV$1),IF(P12<>"D(Arıza Değil)",AC12,0), "")), "") | BJ12: =Y12-H12 -> 61 | BK12: =AB12-Y12 -> -60.979167 | BL12: =AF12-AB12 -> 0 | BM12: =AL12-BE12 -> #VALUE! | BY12: =Y12-H12 -> 61 | BZ12: =AB12-Y12 -> -60.979167 | CA12: =AB12-H12 -> 0.020833333 | CI12: =IF(Z12=F12,"AYNI GÜN","") -> AYNI GÜN | CJ12: =(AB12-Y12)*24 -> -1463.5 | CK12: =(AF12-H12)*24 -> 0.5 | CL12: =(AF12-H12)*24*60 -> 30
A13: IASI_18 | B13: 2234 | C13: MC-M | D13: 0 | E13: BOZ-IASI18-FF-009 | F13: 45834 | G13: 0.5 | H13: =IF(AND(F13="",G13=""),"",(F13+G13)) -> 45834.5 | I13: Depo/Depot | J13: Notified By Bozankaya | K13: Brake_System | L13: Hanning&Kall | M13: =IF(AND(A13="",E13=""),"",(A13&"-"&E13)) -> IASI_18-BOZ-IASI18-FF-009 | N13: Ray frenleri çalışmıyor. | O13: sürüş devamlılığı | P13: B(Servisten çekmeye etki eden arıza) | Q13: N.A(Yaralanma yok) | R13: Bozankaya | S13: Yapılan kontrollerde ray fren buton bağlantılarının yapılmadığı görüldü. Buton bağlantısı yapılıp arıza giderildi. | T13: Tamir Edilecek/To Be Repaired | U13: Evet/Yes | V13: 1 | W13: 45834 | X13: 0.5 | Y13: =IF(AND(W13="",X13=""),"",(W13+X13)) -> 45834.5 | Z13: 45834 | AA13: 0.52083333 | AB13: =IF(AND(Z13="",AA13=""),"",(Z13+AA13)) -> 45834.521 | AC13: =(AF13-H13)*24*60 -> 30 | AD13: 45834 | AE13: 0.52083333 | AF13: =IF(AND(AD13="",AE13=""),"",(AD13+AE13)) -> 45834.521 | AG13: (I) İlk Defa Karşılaşılan Arıza | AH13: Bu Arıza Aracın Servise Verilmesine Engel | AL13: =IF(AND(AJ13="",AK13=""),"",(AJ13+AK13)) | AM13: =IF(AND(P13<>"D(Arıza Değil)",AH13="Bu Arıza Aracın Servise Verilmesine Engel Değil"),IF(Z13-F13>0,(AB13-Y13)*24*60,IF(OR(AND(G13>$AS$1,G13<$AT$1),AND(G13>$AU$1,G13<$AV$1)),(AF13-H13)*24*60,0)),AN13) -> 30 | AN13: =IF(P13<>"D(Arıza Değil)",AC13,0) -> 30 | AW13: 0 | AX13: 0 | BB13: =IF($AQ$1="X", IF(AND(G13>=$AS$1,G13<=$AT$1),IF(P13<>"D(Arıza Değil)",AC13,0), IF(AND(G13>=$AU$1,G13<=$AV$1),IF(P13<>"D(Arıza Değil)",AC13,0), "")), "") | BJ13: =Y13-H13 -> 0 | BK13: =AB13-Y13 -> 0.020833333 | BL13: =AF13-AB13 -> 0 | BM13: =AL13-BE13 -> #VALUE! | BY13: =Y13-H13 -> 0 | BZ13: =AB13-Y13 -> 0.020833333 | CA13: =AB13-H13 -> 0.020833333 | CI13: =IF(Z13=F13,"AYNI GÜN","") -> AYNI GÜN | CJ13: =(AB13-Y13)*24 -> 0.5 | CK13: =(AF13-H13)*24 -> 0.5 | CL13: =(AF13-H13)*24*60 -> 30
A14: IASI_18 | B14: 2235 | C14: MC-m | D14: 0 | E14: BOZ-IASI18-FF-010 | F14: 45863 | G14: 0.625 | H14: =IF(AND(F14="",G14=""),"",(F14+G14)) -> 45863.625 | I14: Depo/Depot | J14: Notified By Bozankaya | K14: Brake_System | L14: Hanning&Kall | M14: =IF(AND(A14="",E14=""),"",(A14&"-"&E14)) -> IASI_18-BOZ-IASI18-FF-010 | N14: MC ve M hidrolik fren hattı boruları araç şasesine sürtüyor. | O14: sürüş devamlılığı | P14: B(Servisten çekmeye etki eden arıza) | Q14: N.A(Yaralanma yok) | R14: Bozankaya | S14: Hidrolik fren hattı boruları şaseye değmektedir. Servise verildikten kısa süre sonra borular delinetek fren arızasına sebebiyet verecektir. Borular şaseye değmeyecek şekilde ayarlandı ve izolasyon yapıldı. | T14: Tamir Edilecek/To Be Repaired | U14: Evet/Yes | V14: 2 | W14: 45863 | X14: 0.625 | Y14: =IF(AND(W14="",X14=""),"",(W14+X14)) -> 45863.625 | Z14: 45863 | AA14: 0.66666667 | AB14: =IF(AND(Z14="",AA14=""),"",(Z14+AA14)) -> 45863.667 | AC14: =(AF14-H14)*24*60 -> 60 | AD14: 45863 | AE14: 0.66666667 | AF14: =IF(AND(AD14="",AE14=""),"",(AD14+AE14)) -> 45863.667 | AG14: (III) Farklı Araçlarda Tekrarlayan Arıza | AH14: Bu Arıza Aracın Servise Verilmesine Engel | AL14: =IF(AND(AJ14="",AK14=""),"",(AJ14+AK14)) | AM14: =IF(AND(P14<>"D(Arıza Değil)",AH14="Bu Arıza Aracın Servise Verilmesine Engel Değil"),IF(Z14-F14>0,(AB14-Y14)*24*60,IF(OR(AND(G14>$AS$1,G14<$AT$1),AND(G14>$AU$1,G14<$AV$1)),(AF14-H14)*24*60,0)),AN14) -> 60 | AN14: =IF(P14<>"D(Arıza Değil)",AC14,0) -> 60 | AW14: 0 | AX14: 0 | BB14: =IF($AQ$1="X", IF(AND(G14>=$AS$1,G14<=$AT$1),IF(P14<>"D(Arıza Değil)",AC14,0), IF(AND(G14>=$AU$1,G14<=$AV$1),IF(P14<>"D(Arıza Değil)",AC14,0), "")), "") | BJ14: =Y14-H14 -> 0 | BK14: =AB14-Y14 -> 0.041666667 | BL14: =AF14-AB14 -> 0 | BM14: =AL14-BE14 -> #VALUE! | BY14: =Y14-H14 -> 0 | BZ14: =AB14-Y14 -> 0.041666667 | CA14: =AB14-H14 -> 0.041666667 | CI14: =IF(Z14=F14,"AYNI GÜN","") -> AYNI GÜN | CJ14: =(AB14-Y14)*24 -> 1 | CK14: =(AF14-H14)*24 -> 1 | CL14: =(AF14-H14)*24*60 -> 60
A15: IASI_18 | B15: 2239 | C15: M | D15: 100 | E15: BOZ-IASI18-FF-011 | F15: 45968 | G15: 0.41666667 | H15: =IF(AND(F15="",G15=""),"",(F15+G15)) -> 45968.417 | I15: Hat/Line | J15: Notified By Customer | K15: Suspantion_Damper | L15: 7 | M15: =IF(AND(A15="",E15=""),"",(A15&"-"&E15)) -> IASI_18-BOZ-IASI18-FF-011 | N15: M modül yanal damper vidaları gevşeyerek araç şasesini delmiş. | O15: sürüş devamlılığı | P15: B(Servisten çekmeye etki eden arıza) | Q15: N.A(Yaralanma yok) | R15: Bozankaya | S15: Yapılan incelemelerde M modül tüm damper vidalarının sıkılmadığı ve aracın servise başlamasıdan kısa bir süre sonra yanal damper vidalarının gevşeme soncu araç yan duvarını delerek deforme ettiği düşünülmektedir. Vidaları sıkarak ve eksik olanların yerine de yenilerini takarak sorun giderilmiştir. | T15: Tamir Edilecek/To Be Repaired | U15: Evet/Yes | V15: 2 | W15: 45968 | X15: 0.41666667 | Y15: =IF(AND(W15="",X15=""),"",(W15+X15)) -> 45968.417 | Z15: 45968 | AA15: 0.58333333 | AB15: =IF(AND(Z15="",AA15=""),"",(Z15+AA15)) -> 45968.583 | AC15: =(AF15-H15)*24*60 -> 240 | AD15: 45968 | AE15: 0.58333333 | AF15: =IF(AND(AD15="",AE15=""),"",(AD15+AE15)) -> 45968.583 | AG15: (I) İlk Defa Karşılaşılan Arıza | AH15: Bu Arıza Aracın Servise Verilmesine Engel | AL15: =IF(AND(AJ15="",AK15=""),"",(AJ15+AK15)) | AM15: =IF(AND(P15<>"D(Arıza Değil)",AH15="Bu Arıza Aracın Servise Verilmesine Engel Değil"),IF(Z15-F15>0,(AB15-Y15)*24*60,IF(OR(AND(G15>$AS$1,G15<$AT$1),AND(G15>$AU$1,G15<$AV$1)),(AF15-H15)*24*60,0)),AN15) -> 240 | AN15: =IF(P15<>"D(Arıza Değil)",AC15,0) -> 240 | AW15: 0 | AX15: 0 | BB15: =IF($AQ$1="X", IF(AND(G15>=$AS$1,G15<=$AT$1),IF(P15<>"D(Arıza Değil)",AC15,0), IF(AND(G15>=$AU$1,G15<=$AV$1),IF(P15<>"D(Arıza Değil)",AC15,0), "")), "") | BJ15: =Y15-H15 -> 0 | BK15: =AB15-Y15 -> 0.16666667 | BL15: =AF15-AB15 -> 0 | BM15: =AL15-BE15 -> #VALUE! | BY15: =Y15-H15 -> 0 | BZ15: =AB15-Y15 -> 0.16666667 | CA15: =AB15-H15 -> 0.16666667 | CI15: =IF(Z15=F15,"AYNI GÜN","") -> AYNI GÜN | CJ15: =(AB15-Y15)*24 -> 4 | CK15: =(AF15-H15)*24 -> 4 | CL15: =(AF15-H15)*24*60 -> 240
A16: IASI_18 | B16: 2236 | C16: MC | D16: 1200 | E16: BOZ-IASI18-FF-012 | F16: 45936 | G16: 0.375 | H16: =IF(AND(F16="",G16=""),"",(F16+G16)) -> 45936.375 | I16: Hat/Line | J16: Notified By Customer | K16: Wiper_System | M16: =IF(AND(A16="",E16=""),"",(A16&"-"&E16)) -> IASI_18-BOZ-IASI18-FF-012 | N16: Silecek kolu boş dönüyor ve işlevini yerine getirmiyor. | O16: sürüş devamlılığı | P16: B(Servisten çekmeye etki eden arıza) | Q16: N.A(Yaralanma yok) | R16: Equipment_Supplier | S16: Silecek mekanizma kolu ile siecek fırça kolunun birleştiği yerden deforme olmuş. Onarıldı. Araç servise verildi. | T16: Tamir Edilecek/To Be Repaired | U16: Evet/Yes | V16: 2 | W16: 45936 | X16: 0.39583333 | Y16: =IF(AND(W16="",X16=""),"",(W16+X16)) -> 45936.396 | Z16: 45936 | AA16: 0.47916667 | AB16: =IF(AND(Z16="",AA16=""),"",(Z16+AA16)) -> 45936.479 | AC16: =(AF16-H16)*24*60 -> 180 | AD16: 45936 | AE16: 0.5 | AF16: =IF(AND(AD16="",AE16=""),"",(AD16+AE16)) -> 45936.5 | AG16: (I) İlk Defa Karşılaşılan Arıza | AH16: Bu Arıza Aracın Servise Verilmesine Engel | AL16: =IF(AND(AJ16="",AK16=""),"",(AJ16+AK16)) | AM16: =IF(AND(P16<>"D(Arıza Değil)",AH16="Bu Arıza Aracın Servise Verilmesine Engel Değil"),IF(Z16-F16>0,(AB16-Y16)*24*60,IF(OR(AND(G16>$AS$1,G16<$AT$1),AND(G16>$AU$1,G16<$AV$1)),(AF16-H16)*24*60,0)),AN16) -> 180 | AN16: =IF(P16<>"D(Arıza Değil)",AC16,0) -> 180 | AW16: 0 | AX16: 0 | BB16: =IF($AQ$1="X", IF(AND(G16>=$AS$1,G16<=$AT$1),IF(P16<>"D(Arıza Değil)",AC16,0), IF(AND(G16>=$AU$1,G16<=$AV$1),IF(P16<>"D(Arıza Değil)",AC16,0), "")), "") -> 180 | BJ16: =Y16-H16 -> 0.020833333 | BK16: =AB16-Y16 -> 0.083333333 | BL16: =AF16-AB16 -> 0.020833333 | BM16: =AL16-BE16 -> #VALUE! | BY16: =Y16-H16 -> 0.020833333 | BZ16: =AB16-Y16 -> 0.083333333 | CA16: =AB16-H16 -> 0.10416667 | CI16: =IF(Z16=F16,"AYNI GÜN","") -> AYNI GÜN | CJ16: =(AB16-Y16)*24 -> 2 | CK16: =(AF16-H16)*24 -> 3 | CL16: =(AF16-H16)*24*60 -> 180
A17: IASI_18 | B17: 2233 | C17: MC | D17: 2150 | E17: BOZ-IASI18-FF-013 | F17: 45936 | G17: 0.41666667 | H17: =IF(AND(F17="",G17=""),"",(F17+G17)) -> 45936.417 | I17: Hat/Line | J17: Notified By Customer | K17: Wiper_System | M17: =IF(AND(A17="",E17=""),"",(A17&"-"&E17)) -> IASI_18-BOZ-IASI18-FF-013 | N17: Silecek kolu boş dönüyor ve işlevini yerine getirmiyor. | O17: sürüş devamlılığı | P17: B(Servisten çekmeye etki eden arıza) | Q17: N.A(Yaralanma yok) | R17: Equipment_Supplier | S17: Silecek mekanizma kolu ile siecek fırça kolunun birleştiği yerden deforme olmuş. Onarıldı. Araç servise verildi. | T17: Tamir Edilecek/To Be Repaired | U17: Evet/Yes | V17: 2 | W17: 45936 | X17: 0.41666667 | Y17: =IF(AND(W17="",X17=""),"",(W17+X17)) -> 45936.417 | Z17: 45936 | AA17: 0.5 | AB17: =IF(AND(Z17="",AA17=""),"",(Z17+AA17)) -> 45936.5 | AC17: =(AF17-H17)*24*60 -> 150 | AD17: 45936 | AE17: 0.52083333 | AF17: =IF(AND(AD17="",AE17=""),"",(AD17+AE17)) -> 45936.521 | AG17: (III) Farklı Araçlarda Tekrarlayan Arıza | AH17: Bu Arıza Aracın Servise Verilmesine Engel | AL17: =IF(AND(AJ17="",AK17=""),"",(AJ17+AK17)) | AM17: =IF(AND(P17<>"D(Arıza Değil)",AH17="Bu Arıza Aracın Servise Verilmesine Engel Değil"),IF(Z17-F17>0,(AB17-Y17)*24*60,IF(OR(AND(G17>$AS$1,G17<$AT$1),AND(G17>$AU$1,G17<$AV$1)),(AF17-H17)*24*60,0)),AN17) -> 150 | AN17: =IF(P17<>"D(Arıza Değil)",AC17,0) -> 150 | AW17: 0 | AX17: 0 | BB17: =IF($AQ$1="X", IF(AND(G17>=$AS$1,G17<=$AT$1),IF(P17<>"D(Arıza Değil)",AC17,0), IF(AND(G17>=$AU$1,G17<=$AV$1),IF(P17<>"D(Arıza Değil)",AC17,0), "")), "") | BJ17: =Y17-H17 -> 0 | BK17: =AB17-Y17 -> 0.083333333 | BL17: =AF17-AB17 -> 0.020833333 | BM17: =AL17-BE17 -> #VALUE! | BY17: =Y17-H17 -> 0 | BZ17: =AB17-Y17 -> 0.083333333 | CA17: =AB17-H17 -> 0.083333333 | CI17: =IF(Z17=F17,"AYNI GÜN","") -> AYNI GÜN | CJ17: =(AB17-Y17)*24 -> 2 | CK17: =(AF17-H17)*24 -> 2.5 | CL17: =(AF17-H17)*24*60 -> 150
A18: IASI_18 | B18: 2237 | C18: MC | D18: 1780 | E18: BOZ-IASI18-FF-014 | F18: 45937 | G18: 0.33333333 | H18: =IF(AND(F18="",G18=""),"",(F18+G18)) -> 45937.333 | I18: Hat/Line | J18: Notified By Customer | K18: Wiper_System | M18: =IF(AND(A18="",E18=""),"",(A18&"-"&E18)) -> IASI_18-BOZ-IASI18-FF-014 | N18: Silecek kolu boş dönüyor ve işlevini yerine getirmiyor. | O18: sürüş devamlılığı | P18: B(Servisten çekmeye etki eden arıza) | Q18: N.A(Yaralanma yok) | R18: Equipment_Supplier | S18: Silecek mekanizmasında motoru tutan vidalar gevşekti. Motor başta idi. Onarılarak araç servise verildi. | T18: Tamir Edilecek/To Be Repaired | U18: Evet/Yes | V18: 2 | W18: 45937 | X18: 0.375 | Y18: =IF(AND(W18="",X18=""),"",(W18+X18)) -> 45937.375 | Z18: 45937 | AA18: 0.45833333 | AB18: =IF(AND(Z18="",AA18=""),"",(Z18+AA18)) -> 45937.458 | AC18: =(AF18-H18)*24*60 -> 180 | AD18: 45937 | AE18: 0.45833333 | AF18: =IF(AND(AD18="",AE18=""),"",(AD18+AE18)) -> 45937.458 | AG18: (III) Farklı Araçlarda Tekrarlayan Arıza | AH18: Bu Arıza Aracın Servise Verilmesine Engel | AL18: =IF(AND(AJ18="",AK18=""),"",(AJ18+AK18)) | AM18: =IF(AND(P18<>"D(Arıza Değil)",AH18="Bu Arıza Aracın Servise Verilmesine Engel Değil"),IF(Z18-F18>0,(AB18-Y18)*24*60,IF(OR(AND(G18>$AS$1,G18<$AT$1),AND(G18>$AU$1,G18<$AV$1)),(AF18-H18)*24*60,0)),AN18) -> 180 | AN18: =IF(P18<>"D(Arıza Değil)",AC18,0) -> 180 | AW18: 0 | AX18: 0 | BB18: =IF($AQ$1="X", IF(AND(G18>=$AS$1,G18<=$AT$1),IF(P18<>"D(Arıza Değil)",AC18,0), IF(AND(G18>=$AU$1,G18<=$AV$1),IF(P18<>"D(Arıza Değil)",AC18,0), "")), "") -> 180 | BJ18: =Y18-H18 -> 0.041666667 | BK18: =AB18-Y18 -> 0.083333333 | BL18: =AF18-AB18 -> 0 | BM18: =AL18-BE18 -> #VALUE! | BY18: =Y18-H18 -> 0.041666667 | BZ18: =AB18-Y18 -> 0.083333333 | CA18: =AB18-H18 -> 0.125 | CI18: =IF(Z18=F18,"AYNI GÜN","") -> AYNI GÜN | CJ18: =(AB18-Y18)*24 -> 2 | CK18: =(AF18-H18)*24 -> 3 | CL18: =(AF18-H18)*24*60 -> 180
A19: IASI_18 | B19: 2236 | C19: M | D19: 1750 | E19: BOZ-IASI18-FF-015 | F19: 45938 | G19: 0.45833333 | H19: =IF(AND(F19="",G19=""),"",(F19+G19)) -> 45938.458 | I19: Hat/Line | J19: Notified By Customer | K19: Brake_System | L19: Hanning&Kall | M19: =IF(AND(A19="",E19=""),"",(A19&"-"&E19)) -> IASI_18-BOZ-IASI18-FF-015 | N19: Araç sert fren uygulamaktadır. | O19: B-Hız veya güç azalması | P19: B(Servisten çekmeye etki eden arıza) | Q19: N.A(Yaralanma yok) | R19: Equipment_Supplier | S19: M modül HPU değiştirilerek arıza giderildi. | T19: Değiştirilecek/To Be Changed | U19: Evet/Yes | V19: 2 | W19: 45943 | X19: 0.375 | Y19: =IF(AND(W19="",X19=""),"",(W19+X19)) -> 45943.375 | Z19: 45943 | AA19: 0.5 | AB19: =IF(AND(Z19="",AA19=""),"",(Z19+AA19)) -> 45943.5 | AC19: =(AF19-H19)*24*60 -> 7260 | AD19: 45943 | AE19: 0.5 | AF19: =IF(AND(AD19="",AE19=""),"",(AD19+AE19)) -> 45943.5 | AG19: (I) İlk Defa Karşılaşılan Arıza | AH19: Bu Arıza Aracın Servise Verilmesine Engel | AI19: IASI18-NCR-014 | AL19: =IF(AND(AJ19="",AK19=""),"",(AJ19+AK19)) | AM19: =IF(AND(P19<>"D(Arıza Değil)",AH19="Bu Arıza Aracın Servise Verilmesine Engel Değil"),IF(Z19-F19>0,(AB19-Y19)*24*60,IF(OR(AND(G19>$AS$1,G19<$AT$1),AND(G19>$AU$1,G19<$AV$1)),(AF19-H19)*24*60,0)),AN19) -> 7260 | AN19: =IF(P19<>"D(Arıza Değil)",AC19,0) -> 7260 | AW19: 0 | AX19: 0 | BB19: =IF($AQ$1="X", IF(AND(G19>=$AS$1,G19<=$AT$1),IF(P19<>"D(Arıza Değil)",AC19,0), IF(AND(G19>=$AU$1,G19<=$AV$1),IF(P19<>"D(Arıza Değil)",AC19,0), "")), "") | BJ19: =Y19-H19 -> 4.9166667 | BK19: =AB19-Y19 -> 0.125 | BL19: =AF19-AB19 -> 0 | BM19: =AL19-BE19 -> #VALUE! | BY19: =Y19-H19 -> 4.9166667 | BZ19: =AB19-Y19 -> 0.125 | CA19: =AB19-H19 -> 5.0416667 | CI19: =IF(Z19=F19,"AYNI GÜN","") | CJ19: =(AB19-Y19)*24 -> 3 | CK19: =(AF19-H19)*24 -> 121 | CL19: =(AF19-H19)*24*60 -> 7260
A20: IASI_18 | B20: 2234 | C20: MC | D20: 1987 | E20: BOZ-IASI18-FF-016 | F20: 45943 | G20: 0.39583333 | H20: =IF(AND(F20="",G20=""),"",(F20+G20)) -> 45943.396 | I20: Hat/Line | J20: Notified By Customer | K20: Wiper_System | M20: =IF(AND(A20="",E20=""),"",(A20&"-"&E20)) -> IASI_18-BOZ-IASI18-FF-016 | N20: Silecek kolu boş dönüyor ve işlevini yerine getirmiyor. | O20: sürüş devamlılığı | P20: B(Servisten çekmeye etki eden arıza) | Q20: N.A(Yaralanma yok) | R20: Equipment_Supplier | S20: Silecek mekanizma kolu ile siecek fırça kolunun birleştiği yerden deforme olmuş. Onarıldı. Araç servise verildi. | T20: Tamir Edilecek/To Be Repaired | U20: Evet/Yes | V20: 2 | W20: 45943 | X20: 0.41666667 | Y20: =IF(AND(W20="",X20=""),"",(W20+X20)) -> 45943.417 | Z20: 45943 | AA20: 0.5 | AB20: =IF(AND(Z20="",AA20=""),"",(Z20+AA20)) -> 45943.5 | AC20: =(AF20-H20)*24*60 -> 150 | AD20: 45943 | AE20: 0.5 | AF20: =IF(AND(AD20="",AE20=""),"",(AD20+AE20)) -> 45943.5 | AG20: (III) Farklı Araçlarda Tekrarlayan Arıza | AH20: Bu Arıza Aracın Servise Verilmesine Engel | AL20: =IF(AND(AJ20="",AK20=""),"",(AJ20+AK20)) | AM20: =IF(AND(P20<>"D(Arıza Değil)",AH20="Bu Arıza Aracın Servise Verilmesine Engel Değil"),IF(Z20-F20>0,(AB20-Y20)*24*60,IF(OR(AND(G20>$AS$1,G20<$AT$1),AND(G20>$AU$1,G20<$AV$1)),(AF20-H20)*24*60,0)),AN20) -> 150 | AN20: =IF(P20<>"D(Arıza Değil)",AC20,0) -> 150 | AW20: 0 | AX20: 0 | BB20: =IF($AQ$1="X", IF(AND(G20>=$AS$1,G20<=$AT$1),IF(P20<>"D(Arıza Değil)",AC20,0), IF(AND(G20>=$AU$1,G20<=$AV$1),IF(P20<>"D(Arıza Değil)",AC20,0), "")), "") -> 150 | BJ20: =Y20-H20 -> 0.020833333 | BK20: =AB20-Y20 -> 0.083333333 | BL20: =AF20-AB20 -> 0 | BM20: =AL20-BE20 -> #VALUE! | BY20: =Y20-H20 -> 0.020833333 | BZ20: =AB20-Y20 -> 0.083333333 | CA20: =AB20-H20 -> 0.10416667 | CI20: =IF(Z20=F20,"AYNI GÜN","") -> AYNI GÜN | CJ20: =(AB20-Y20)*24 -> 2 | CK20: =(AF20-H20)*24 -> 2.5 | CL20: =(AF20-H20)*24*60 -> 150
A21: IASI_18 | B21: 2240 | C21: Tüm Modüller | D21: 0 | E21: BOZ-IASI18-FF-017 | F21: 45944 | G21: 0.47916667 | H21: =IF(AND(F21="",G21=""),"",(F21+G21)) -> 45944.479 | I21: Depo/Depot | J21: Notified By Bozankaya | K21: Other | L21: Bozankya | M21: =IF(AND(A21="",E21=""),"",(A21&"-"&E21)) -> IASI_18-BOZ-IASI18-FF-017 | N21: Araç gövdesi yamuk. | O21: sürüş devamlılığı | P21: C(Sisteme etki etmeyen arıza) | Q21: N.A(Yaralanma yok) | R21: Bozankaya | S21: Müşteriden bildirim gelene kadar düzeltme çalışması yapılmayacak. Konu şuanda kapalı konumda. | T21: Tamir Edilecek/To Be Repaired | U21: Evet/Yes | V21: 2 | W21: 45944 | X21: 0.47916667 | Y21: =IF(AND(W21="",X21=""),"",(W21+X21)) -> 45944.479 | Z21: 45944 | AA21: 0.5 | AB21: =IF(AND(Z21="",AA21=""),"",(Z21+AA21)) -> 45944.5 | AC21: =(AF21-H21)*24*60 -> 30 | AD21: 45944 | AE21: 0.5 | AF21: =IF(AND(AD21="",AE21=""),"",(AD21+AE21)) -> 45944.5 | AG21: (III) Farklı Araçlarda Tekrarlayan Arıza | AH21: Bu Arıza Aracın Servise Verilmesine Engel Değil | AI21: IASI18-NCR-012 | AL21: =IF(AND(AJ21="",AK21=""),"",(AJ21+AK21)) | AM21: =IF(AND(P21<>"D(Arıza Değil)",AH21="Bu Arıza Aracın Servise Verilmesine Engel Değil"),IF(Z21-F21>0,(AB21-Y21)*24*60,IF(OR(AND(G21>$AS$1,G21<$AT$1),AND(G21>$AU$1,G21<$AV$1)),(AF21-H21)*24*60,0)),AN21) -> 0 | AN21: =IF(P21<>"D(Arıza Değil)",AC21,0) -> 30 | AW21: 0 | AX21: 0 | BB21: =IF($AQ$1="X", IF(AND(G21>=$AS$1,G21<=$AT$1),IF(P21<>"D(Arıza Değil)",AC21,0), IF(AND(G21>=$AU$1,G21<=$AV$1),IF(P21<>"D(Arıza Değil)",AC21,0), "")), "") | BJ21: =Y21-H21 -> 0 | BK21: =AB21-Y21 -> 0.020833333 | BL21: =AF21-AB21 -> 0 | BM21: =AL21-BE21 -> #VALUE! | BY21: =Y21-H21 -> 0 | BZ21: =AB21-Y21 -> 0.020833333 | CA21: =AB21-H21 -> 0.020833333 | CI21: =IF(Z21=F21,"AYNI GÜN","") -> AYNI GÜN | CJ21: =(AB21-Y21)*24 -> 0.5 | CK21: =(AF21-H21)*24 -> 0.5 | CL21: =(AF21-H21)*24*60 -> 30
A22: IASI_18 | B22: 2237 | C22: MC | D22: 1478 | E22: BOZ-IASI18-FF-018 | F22: 45946 | G22: 0.45833333 | H22: =IF(AND(F22="",G22=""),"",(F22+G22)) -> 45946.458 | I22: Depo/Depot | J22: Notified By Customer | K22: Pantograf | L22: STEMMANN-TECHNIK | M22: =IF(AND(A22="",E22=""),"",(A22&"-"&E22)) -> IASI_18-BOZ-IASI18-FF-018 | N22: Pantograf hava kalmış. İndirilemiyor. | O22: sürüş devamlılığı | P22: B(Servisten çekmeye etki eden arıza) | Q22: N.A(Yaralanma yok) | R22: Equipment_Supplier | S22: Pantograf motoru arızalanmış. Değiştirilerek arıza giderildi. | T22: Değiştirilecek/To Be Changed | U22: Evet/Yes | V22: 2 | W22: 45950 | X22: 0.41666667 | Y22: =IF(AND(W22="",X22=""),"",(W22+X22)) -> 45950.417 | Z22: 45950 | AA22: 0.58333333 | AB22: =IF(AND(Z22="",AA22=""),"",(Z22+AA22)) -> 45950.583 | AC22: =(AF22-H22)*24*60 -> 5940 | AD22: 45950 | AE22: 0.58333333 | AF22: =IF(AND(AD22="",AE22=""),"",(AD22+AE22)) -> 45950.583 | AG22: (I) İlk Defa Karşılaşılan Arıza | AH22: Bu Arıza Aracın Servise Verilmesine Engel | AL22: =IF(AND(AJ22="",AK22=""),"",(AJ22+AK22)) | AM22: =IF(AND(P22<>"D(Arıza Değil)",AH22="Bu Arıza Aracın Servise Verilmesine Engel Değil"),IF(Z22-F22>0,(AB22-Y22)*24*60,IF(OR(AND(G22>$AS$1,G22<$AT$1),AND(G22>$AU$1,G22<$AV$1)),(AF22-H22)*24*60,0)),AN22) -> 5940 | AN22: =IF(P22<>"D(Arıza Değil)",AC22,0) -> 5940 | AW22: 0 | AX22: 0 | BB22: =IF($AQ$1="X", IF(AND(G22>=$AS$1,G22<=$AT$1),IF(P22<>"D(Arıza Değil)",AC22,0), IF(AND(G22>=$AU$1,G22<=$AV$1),IF(P22<>"D(Arıza Değil)",AC22,0), "")), "") | BJ22: =Y22-H22 -> 3.9583333 | BK22: =AB22-Y22 -> 0.16666667 | BL22: =AF22-AB22 -> 0 | BM22: =AL22-BE22 -> #VALUE! | BY22: =Y22-H22 -> 3.9583333 | BZ22: =AB22-Y22 -> 0.16666667 | CA22: =AB22-H22 -> 4.125 | CI22: =IF(Z22=F22,"AYNI GÜN","") | CJ22: =(AB22-Y22)*24 -> 4 | CK22: =(AF22-H22)*24 -> 99 | CL22: =(AF22-H22)*24*60 -> 5940
A23: IASI_18 | B23: 2236 | C23: MC | D23: 1569 | E23: BOZ-IASI18-FF-019 | F23: 45950 | G23: 0.5 | H23: =IF(AND(F23="",G23=""),"",(F23+G23)) -> 45950.5 | I23: Hat/Line | J23: Notified By Customer | K23: Wiper_System | M23: =IF(AND(A23="",E23=""),"",(A23&"-"&E23)) -> IASI_18-BOZ-IASI18-FF-019 | N23: Silecek kolu boş dönüyor ve işlevini yerine getirmiyor. | O23: sürüş devamlılığı | P23: B(Servisten çekmeye etki eden arıza) | Q23: N.A(Yaralanma yok) | R23: Equipment_Supplier | S23: Silecek mekanizma kolu ile siecek fırça kolunun birleştiği yerden deforme olmuş. Onarıldı. Araç servise verildi. | T23: Tamir Edilecek/To Be Repaired | U23: Evet/Yes | V23: 2 | W23: 45950 | X23: 0.5 | Y23: =IF(AND(W23="",X23=""),"",(W23+X23)) -> 45950.5 | Z23: 45950 | AA23: 0.58333333 | AB23: =IF(AND(Z23="",AA23=""),"",(Z23+AA23)) -> 45950.583 | AC23: =(AF23-H23)*24*60 -> 120 | AD23: 45950 | AE23: 0.58333333 | AF23: =IF(AND(AD23="",AE23=""),"",(AD23+AE23)) -> 45950.583 | AG23: (III) Farklı Araçlarda Tekrarlayan Arıza | AH23: Bu Arıza Aracın Servise Verilmesine Engel | AL23: =IF(AND(AJ23="",AK23=""),"",(AJ23+AK23)) | AM23: =IF(AND(P23<>"D(Arıza Değil)",AH23="Bu Arıza Aracın Servise Verilmesine Engel Değil"),IF(Z23-F23>0,(AB23-Y23)*24*60,IF(OR(AND(G23>$AS$1,G23<$AT$1),AND(G23>$AU$1,G23<$AV$1)),(AF23-H23)*24*60,0)),AN23) -> 120 | AN23: =IF(P23<>"D(Arıza Değil)",AC23,0) -> 120 | AW23: 0 | AX23: 0 | BB23: =IF($AQ$1="X", IF(AND(G23>=$AS$1,G23<=$AT$1),IF(P23<>"D(Arıza Değil)",AC23,0), IF(AND(G23>=$AU$1,G23<=$AV$1),IF(P23<>"D(Arıza Değil)",AC23,0), "")), "") | BJ23: =Y23-H23 -> 0 | BK23: =AB23-Y23 -> 0.083333333 | BL23: =AF23-AB23 -> 0 | BM23: =AL23-BE23 -> #VALUE! | BY23: =Y23-H23 -> 0 | BZ23: =AB23-Y23 -> 0.083333333 | CA23: =AB23-H23 -> 0.083333333 | CI23: =IF(Z23=F23,"AYNI GÜN","") -> AYNI GÜN | CJ23: =(AB23-Y23)*24 -> 2 | CK23: =(AF23-H23)*24 -> 2 | CL23: =(AF23-H23)*24*60 -> 120
A24: IASI_18 | B24: 2236 | C24: MC | D24: 1569 | E24: BOZ-IASI18-FF-020 | F24: 45950 | G24: 0.5 | H24: =IF(AND(F24="",G24=""),"",(F24+G24)) -> 45950.5 | I24: Hat/Line | J24: Notified By Customer | K24: Other | L24: Bozankya | M24: =IF(AND(A24="",E24=""),"",(A24&"-"&E24)) -> IASI_18-BOZ-IASI18-FF-020 | N24: Ön cam perdesi çalışmıyor. | O24: sürüş devamlılığı | P24: C(Sisteme etki etmeyen arıza) | Q24: N.A(Yaralanma yok) | R24: Bozankaya | S24: Ön cam perdesi takılı kalmış. Düzeltildi. Arıza giderildi. | T24: Tamir Edilecek/To Be Repaired | U24: Evet/Yes | V24: 1 | W24: 45950 | X24: 0.5 | Y24: =IF(AND(W24="",X24=""),"",(W24+X24)) -> 45950.5 | Z24: 45950 | AA24: 0.52083333 | AB24: =IF(AND(Z24="",AA24=""),"",(Z24+AA24)) -> 45950.521 | AC24: =(AF24-H24)*24*60 -> 120 | AD24: 45950 | AE24: 0.58333333 | AF24: =IF(AND(AD24="",AE24=""),"",(AD24+AE24)) -> 45950.583 | AG24: (I) İlk Defa Karşılaşılan Arıza | AH24: Bu Arıza Aracın Servise Verilmesine Engel Değil | AL24: =IF(AND(AJ24="",AK24=""),"",(AJ24+AK24)) | AM24: =IF(AND(P24<>"D(Arıza Değil)",AH24="Bu Arıza Aracın Servise Verilmesine Engel Değil"),IF(Z24-F24>0,(AB24-Y24)*24*60,IF(OR(AND(G24>$AS$1,G24<$AT$1),AND(G24>$AU$1,G24<$AV$1)),(AF24-H24)*24*60,0)),AN24) -> 0 | AN24: =IF(P24<>"D(Arıza Değil)",AC24,0) -> 120 | AW24: 0 | AX24: 0 | BB24: =IF($AQ$1="X", IF(AND(G24>=$AS$1,G24<=$AT$1),IF(P24<>"D(Arıza Değil)",AC24,0), IF(AND(G24>=$AU$1,G24<=$AV$1),IF(P24<>"D(Arıza Değil)",AC24,0), "")), "") | BJ24: =Y24-H24 -> 0 | BK24: =AB24-Y24 -> 0.020833333 | BL24: =AF24-AB24 -> 0.0625 | BM24: =AL24-BE24 -> #VALUE! | BY24: =Y24-H24 -> 0 | BZ24: =AB24-Y24 -> 0.020833333 | CA24: =AB24-H24 -> 0.020833333 | CI24: =IF(Z24=F24,"AYNI GÜN","") -> AYNI GÜN | CJ24: =(AB24-Y24)*24 -> 0.5 | CK24: =(AF24-H24)*24 -> 2 | CL24: =(AF24-H24)*24*60 -> 120
A25: IASI_18 | B25: 2238 | C25: MC | D25: 1569 | E25: BOZ-IASI18-FF-021 | F25: 45950 | G25: 0.54166667 | H25: =IF(AND(F25="",G25=""),"",(F25+G25)) -> 45950.542 | I25: Depo/Depot | J25: Notified By Bozankaya | K25: Pantograf | L25: STEMMANN-TECHNIK | M25: =IF(AND(A25="",E25=""),"",(A25&"-"&E25)) -> IASI_18-BOZ-IASI18-FF-021 | N25: Panograf manuel teli kopmuş. | O25: sürüş devamlılığı | P25: C(Sisteme etki etmeyen arıza) | Q25: N.A(Yaralanma yok) | R25: Equipment_Supplier | S25: Pantograf kaldırma işlemi esnasında zorlandığından kopmuştur. Onarılarak düzeltildi. | T25: Tamir Edilecek/To Be Repaired | U25: Evet/Yes | V25: 2 | W25: 45950 | X25: 0.54166667 | Y25: =IF(AND(W25="",X25=""),"",(W25+X25)) -> 45950.542 | Z25: 45950 | AA25: 0.58333333 | AB25: =IF(AND(Z25="",AA25=""),"",(Z25+AA25)) -> 45950.583 | AC25: =(AF25-H25)*24*60 -> 60 | AD25: 45950 | AE25: 0.58333333 | AF25: =IF(AND(AD25="",AE25=""),"",(AD25+AE25)) -> 45950.583 | AG25: (I) İlk Defa Karşılaşılan Arıza | AH25: Bu Arıza Aracın Servise Verilmesine Engel Değil | AL25: =IF(AND(AJ25="",AK25=""),"",(AJ25+AK25)) | AM25: =IF(AND(P25<>"D(Arıza Değil)",AH25="Bu Arıza Aracın Servise Verilmesine Engel Değil"),IF(Z25-F25>0,(AB25-Y25)*24*60,IF(OR(AND(G25>$AS$1,G25<$AT$1),AND(G25>$AU$1,G25<$AV$1)),(AF25-H25)*24*60,0)),AN25) -> 0 | AN25: =IF(P25<>"D(Arıza Değil)",AC25,0) -> 60 | AW25: 0 | AX25: 0 | BB25: =IF($AQ$1="X", IF(AND(G25>=$AS$1,G25<=$AT$1),IF(P25<>"D(Arıza Değil)",AC25,0), IF(AND(G25>=$AU$1,G25<=$AV$1),IF(P25<>"D(Arıza Değil)",AC25,0), "")), "") | BJ25: =Y25-H25 -> 0 | BK25: =AB25-Y25 -> 0.041666667 | BL25: =AF25-AB25 -> 0 | BM25: =AL25-BE25 -> #VALUE! | BY25: =Y25-H25 -> 0 | BZ25: =AB25-Y25 -> 0.041666667 | CA25: =AB25-H25 -> 0.041666667 | CI25: =IF(Z25=F25,"AYNI GÜN","") -> AYNI GÜN | CJ25: =(AB25-Y25)*24 -> 1 | CK25: =(AF25-H25)*24 -> 1 | CL25: =(AF25-H25)*24*60 -> 60
A26: IASI_18 | B26: 2239 | C26: S | D26: 0 | E26: BOZ-IASI18-FF-022 | F26: 45950 | G26: 0.625 | H26: =IF(AND(F26="",G26=""),"",(F26+G26)) -> 45950.625 | I26: Depo/Depot | J26: Notified By Bozankaya | K26: Auxiliary_Power_Unit | L26: Medcom | M26: =IF(AND(A26="",E26=""),"",(A26&"-"&E26)) -> IASI_18-BOZ-IASI18-FF-022 | N26: Medcom Mer cihazına bağlanılamamaktadır. | O26: C-Uyarı | P26: B(Servisten çekmeye etki eden arıza) | Q26: N.A(Yaralanma yok) | R26: Equipment_Supplier | S26: MER cihazı çalışmamaktaydı. Sisteme bağlanılamıyordu. Medcomdan destek istendi. Uzaktan bağlanmaya çalıştılar ancak bağlanılamadı. Yenisi ile değiştirilerek arıza giderildi. | T26: Değiştirilecek/To Be Changed | U26: Evet/Yes | V26: 2 | W26: 45950 | X26: 0.625 | Y26: =IF(AND(W26="",X26=""),"",(W26+X26)) -> 45950.625 | Z26: 45950 | AA26: 0.70833333 | AB26: =IF(AND(Z26="",AA26=""),"",(Z26+AA26)) -> 45950.708 | AC26: =(AF26-H26)*24*60 -> 120 | AD26: 45950 | AE26: 0.70833333 | AF26: =IF(AND(AD26="",AE26=""),"",(AD26+AE26)) -> 45950.708 | AG26: (I) İlk Defa Karşılaşılan Arıza | AH26: Bu Arıza Aracın Servise Verilmesine Engel | AI26: IASI18-NCR-015 | AL26: =IF(AND(AJ26="",AK26=""),"",(AJ26+AK26)) | AM26: =IF(AND(P26<>"D(Arıza Değil)",AH26="Bu Arıza Aracın Servise Verilmesine Engel Değil"),IF(Z26-F26>0,(AB26-Y26)*24*60,IF(OR(AND(G26>$AS$1,G26<$AT$1),AND(G26>$AU$1,G26<$AV$1)),(AF26-H26)*24*60,0)),AN26) -> 120 | AN26: =IF(P26<>"D(Arıza Değil)",AC26,0) -> 120 | AW26: 0 | AX26: 0 | BB26: =IF($AQ$1="X", IF(AND(G26>=$AS$1,G26<=$AT$1),IF(P26<>"D(Arıza Değil)",AC26,0), IF(AND(G26>=$AU$1,G26<=$AV$1),IF(P26<>"D(Arıza Değil)",AC26,0), "")), "") | BJ26: =Y26-H26 -> 0 | BK26: =AB26-Y26 -> 0.083333333 | BL26: =AF26-AB26 -> 0 | BM26: =AL26-BE26 -> #VALUE! | BY26: =Y26-H26 -> 0 | BZ26: =AB26-Y26 -> 0.083333333 | CA26: =AB26-H26 -> 0.083333333 | CI26: =IF(Z26=F26,"AYNI GÜN","") -> AYNI GÜN | CJ26: =(AB26-Y26)*24 -> 2 | CK26: =(AF26-H26)*24 -> 2 | CL26: =(AF26-H26)*24*60 -> 120
A27: IASI_18 | B27: 2238 | C27: MC | D27: 1265 | E27: BOZ-IASI18-FF-023 | F27: 45960 | G27: 0.75 | H27: =IF(AND(F27="",G27=""),"",(F27+G27)) -> 45960.75 | I27: Hat/Line | J27: Notified By Customer | K27: Pantograf | L27: STEMMANN-TECHNIK | M27: =IF(AND(A27="",E27=""),"",(A27&"-"&E27)) -> IASI_18-BOZ-IASI18-FF-023 | N27: Pantograf yukarıda olmasına rağmen aşağıda görünüyor. Araç yolda kalmış. | O27: A-Sürüşü engeller | P27: A(Hareket etmeyi engelleyen arıza) | Q27: N.A(Yaralanma yok) | R27: Equipment_Supplier | S27: Araç servisten başka araca bağlanılarak depoya çekilmiştir. Bu araçta Timisoara pantografı mevcut idi. Pantograf değiştirilerek arıza giderildi. | T27: Değiştirilecek/To Be Changed | U27: Evet/Yes | V27: 4 | W27: 45961 | X27: 0.41666667 | Y27: =IF(AND(W27="",X27=""),"",(W27+X27)) -> 45961.417 | Z27: 45961 | AA27: 0.58333333 | AB27: =IF(AND(Z27="",AA27=""),"",(Z27+AA27)) -> 45961.583 | AC27: =(AF27-H27)*24*60 -> 1260 | AD27: 45961 | AE27: 0.625 | AF27: =IF(AND(AD27="",AE27=""),"",(AD27+AE27)) -> 45961.625 | AG27: (I) İlk Defa Karşılaşılan Arıza | AH27: Bu Arıza Aracın Servise Verilmesine Engel | AL27: =IF(AND(AJ27="",AK27=""),"",(AJ27+AK27)) | AM27: =IF(AND(P27<>"D(Arıza Değil)",AH27="Bu Arıza Aracın Servise Verilmesine Engel Değil"),IF(Z27-F27>0,(AB27-Y27)*24*60,IF(OR(AND(G27>$AS$1,G27<$AT$1),AND(G27>$AU$1,G27<$AV$1)),(AF27-H27)*24*60,0)),AN27) -> 1260 | AN27: =IF(P27<>"D(Arıza Değil)",AC27,0) -> 1260 | AW27: 0 | AX27: 0 | BB27: =IF($AQ$1="X", IF(AND(G27>=$AS$1,G27<=$AT$1),IF(P27<>"D(Arıza Değil)",AC27,0), IF(AND(G27>=$AU$1,G27<=$AV$1),IF(P27<>"D(Arıza Değil)",AC27,0), "")), "") -> 1260 | BJ27: =Y27-H27 -> 0.66666667 | BK27: =AB27-Y27 -> 0.16666667 | BL27: =AF27-AB27 -> 0.041666667 | BM27: =AL27-BE27 -> #VALUE! | BY27: =Y27-H27 -> 0.66666667 | BZ27: =AB27-Y27 -> 0.16666667 | CA27: =AB27-H27 -> 0.83333333 | CI27: =IF(Z27=F27,"AYNI GÜN","") | CJ27: =(AB27-Y27)*24 -> 4 | CK27: =(AF27-H27)*24 -> 21 | CL27: =(AF27-H27)*24*60 -> 1260
A28: IASI_18 | B28: 2238 | C28: MC | D28: 278 | E28: BOZ-IASI18-FF-024 | F28: 45951 | G28: 0.625 | H28: =IF(AND(F28="",G28=""),"",(F28+G28)) -> 45951.625 | I28: Hat/Line | J28: Notified By Customer | K28: TCMS | L28: Selectron | M28: =IF(AND(A28="",E28=""),"",(A28&"-"&E28)) -> IASI_18-BOZ-IASI18-FF-024 | N28: Aaç komple izole olmuş. | O28: A-Sürüşü engeller | P28: A(Hareket etmeyi engelleyen arıza) | Q28: N.A(Yaralanma yok) | R28: Bozankaya | S28: Yapılan kontrollerde TCMS modüllerinden biri haralı montaj edilmiş ve ayakları deform olduğu görüldü. Modül yenisi ile değiştirilerek arıza giderildi. | T28: Değiştirilecek/To Be Changed | U28: Evet/Yes | V28: 1 | W28: 45951 | X28: 0.64583333 | Y28: =IF(AND(W28="",X28=""),"",(W28+X28)) -> 45951.646 | Z28: 45951 | AA28: 0.66666667 | AB28: =IF(AND(Z28="",AA28=""),"",(Z28+AA28)) -> 45951.667 | AC28: =(AF28-H28)*24*60 -> 60 | AD28: 45951 | AE28: 0.66666667 | AF28: =IF(AND(AD28="",AE28=""),"",(AD28+AE28)) -> 45951.667 | AG28: (I) İlk Defa Karşılaşılan Arıza | AH28: Bu Arıza Aracın Servise Verilmesine Engel | AL28: =IF(AND(AJ28="",AK28=""),"",(AJ28+AK28)) | AM28: =IF(AND(P28<>"D(Arıza Değil)",AH28="Bu Arıza Aracın Servise Verilmesine Engel Değil"),IF(Z28-F28>0,(AB28-Y28)*24*60,IF(OR(AND(G28>$AS$1,G28<$AT$1),AND(G28>$AU$1,G28<$AV$1)),(AF28-H28)*24*60,0)),AN28) -> 60 | AN28: =IF(P28<>"D(Arıza Değil)",AC28,0) -> 60 | AW28: 0 | AX28: 0 | BB28: =IF($AQ$1="X", IF(AND(G28>=$AS$1,G28<=$AT$1),IF(P28<>"D(Arıza Değil)",AC28,0), IF(AND(G28>=$AU$1,G28<=$AV$1),IF(P28<>"D(Arıza Değil)",AC28,0), "")), "") | BJ28: =Y28-H28 -> 0.020833333 | BK28: =AB28-Y28 -> 0.020833333 | BL28: =AF28-AB28 -> 0 | BM28: =AL28-BE28 -> #VALUE! | BY28: =Y28-H28 -> 0.020833333 | BZ28: =AB28-Y28 -> 0.020833333 | CA28: =AB28-H28 -> 0.041666667 | CI28: =IF(Z28=F28,"AYNI GÜN","") -> AYNI GÜN | CJ28: =(AB28-Y28)*24 -> 0.5 | CK28: =(AF28-H28)*24 -> 1 | CL28: =(AF28-H28)*24*60 -> 60
A29: IASI_18 | B29: 2241 | C29: Tüm Modüller | D29: 0 | E29: BOZ-IASI18-FF-025 | F29: 45968 | G29: 0.54166667 | H29: =IF(AND(F29="",G29=""),"",(F29+G29)) -> 45968.542 | I29: Depo/Depot | J29: Notified By Bozankaya | K29: Other | L29: Bozankya | M29: =IF(AND(A29="",E29=""),"",(A29&"-"&E29)) -> IASI_18-BOZ-IASI18-FF-025 | N29: Araç gövdesinde yamukluk mevcut. | O29: sürüş devamlılığı | P29: C(Sisteme etki etmeyen arıza) | Q29: N.A(Yaralanma yok) | R29: Bozankaya | S29: Müşteriden bildirim gelene kadar düzeltme çalışması yapılmayacak. Konu şuanda kapalı konumda. | T29: Tamir Edilecek/To Be Repaired | U29: Evet/Yes | V29: 2 | W29: 45968 | X29: 0.54166667 | Y29: =IF(AND(W29="",X29=""),"",(W29+X29)) -> 45968.542 | Z29: 45968 | AA29: 0.5625 | AB29: =IF(AND(Z29="",AA29=""),"",(Z29+AA29)) -> 45968.562 | AC29: =(AF29-H29)*24*60 -> 30 | AD29: 45968 | AE29: 0.5625 | AF29: =IF(AND(AD29="",AE29=""),"",(AD29+AE29)) -> 45968.562 | AG29: (III) Farklı Araçlarda Tekrarlayan Arıza | AH29: Bu Arıza Aracın Servise Verilmesine Engel Değil | AL29: =IF(AND(AJ29="",AK29=""),"",(AJ29+AK29)) | AM29: =IF(AND(P29<>"D(Arıza Değil)",AH29="Bu Arıza Aracın Servise Verilmesine Engel Değil"),IF(Z29-F29>0,(AB29-Y29)*24*60,IF(OR(AND(G29>$AS$1,G29<$AT$1),AND(G29>$AU$1,G29<$AV$1)),(AF29-H29)*24*60,0)),AN29) -> 0 | AN29: =IF(P29<>"D(Arıza Değil)",AC29,0) -> 30 | AW29: 0 | AX29: 0 | BB29: =IF($AQ$1="X", IF(AND(G29>=$AS$1,G29<=$AT$1),IF(P29<>"D(Arıza Değil)",AC29,0), IF(AND(G29>=$AU$1,G29<=$AV$1),IF(P29<>"D(Arıza Değil)",AC29,0), "")), "") | BJ29: =Y29-H29 -> 0 | BK29: =AB29-Y29 -> 0.020833333 | BL29: =AF29-AB29 -> 0 | BM29: =AL29-BE29 -> #VALUE! | BY29: =Y29-H29 -> 0 | BZ29: =AB29-Y29 -> 0.020833333 | CA29: =AB29-H29 -> 0.020833333 | CI29: =IF(Z29=F29,"AYNI GÜN","") -> AYNI GÜN | CJ29: =(AB29-Y29)*24 -> 0.5 | CK29: =(AF29-H29)*24 -> 0.5 | CL29: =(AF29-H29)*24*60 -> 30
A30: IASI_18 | B30: 2241 | C30: S | D30: 0 | E30: BOZ-IASI18-FF-026 | F30: 45968 | G30: 0.54166667 | H30: =IF(AND(F30="",G30=""),"",(F30+G30)) -> 45968.542 | I30: Depo/Depot | J30: Notified By Bozankaya | K30: Passenger_HVAC_System | L30: HISPACOLD | M30: =IF(AND(A30="",E30=""),"",(A30&"-"&E30)) -> IASI_18-BOZ-IASI18-FF-026 | N30: Yolcu klimasından ses gelmektedir. | O30: sürüş devamlılığı | P30: B(Servisten çekmeye etki eden arıza) | Q30: N.A(Yaralanma yok) | R30: Equipment_Supplier | S30: Yapılan kontrollerde klima filtre kasetinin sistem çalışırken çerçeveye temas ederek ses yaptığı tespit edildi. Kasete izolasyon yapılarak sorun giderildi. | T30: Tamir Edilecek/To Be Repaired | U30: Evet/Yes | V30: 2 | W30: 45968 | X30: 0.54166667 | Y30: =IF(AND(W30="",X30=""),"",(W30+X30)) -> 45968.542 | Z30: 45968 | AA30: 0.58333333 | AB30: =IF(AND(Z30="",AA30=""),"",(Z30+AA30)) -> 45968.583 | AC30: =(AF30-H30)*24*60 -> 60 | AD30: 45968 | AE30: 0.58333333 | AF30: =IF(AND(AD30="",AE30=""),"",(AD30+AE30)) -> 45968.583 | AG30: (I) İlk Defa Karşılaşılan Arıza | AH30: Bu Arıza Aracın Servise Verilmesine Engel | AL30: =IF(AND(AJ30="",AK30=""),"",(AJ30+AK30)) | AM30: =IF(AND(P30<>"D(Arıza Değil)",AH30="Bu Arıza Aracın Servise Verilmesine Engel Değil"),IF(Z30-F30>0,(AB30-Y30)*24*60,IF(OR(AND(G30>$AS$1,G30<$AT$1),AND(G30>$AU$1,G30<$AV$1)),(AF30-H30)*24*60,0)),AN30) -> 60 | AN30: =IF(P30<>"D(Arıza Değil)",AC30,0) -> 60 | AW30: 0 | AX30: 0 | BB30: =IF($AQ$1="X", IF(AND(G30>=$AS$1,G30<=$AT$1),IF(P30<>"D(Arıza Değil)",AC30,0), IF(AND(G30>=$AU$1,G30<=$AV$1),IF(P30<>"D(Arıza Değil)",AC30,0), "")), "") | BJ30: =Y30-H30 -> 0 | BK30: =AB30-Y30 -> 0.041666667 | BL30: =AF30-AB30 -> 0 | BM30: =AL30-BE30 -> #VALUE! | BY30: =Y30-H30 -> 0 | BZ30: =AB30-Y30 -> 0.041666667 | CA30: =AB30-H30 -> 0.041666667 | CI30: =IF(Z30=F30,"AYNI GÜN","") -> AYNI GÜN | CJ30: =(AB30-Y30)*24 -> 1 | CK30: =(AF30-H30)*24 -> 1 | CL30: =(AF30-H30)*24*60 -> 60
A31: IASI_18 | B31: 2241 | C31: M | D31: 0 | E31: BOZ-IASI18-FF-027 | F31: 45968 | G31: 0.58333333 | H31: =IF(AND(F31="",G31=""),"",(F31+G31)) -> 45968.583 | I31: Depo/Depot | J31: Notified By Bozankaya | K31: TCMS | L31: Selectron | M31: =IF(AND(A31="",E31=""),"",(A31&"-"&E31)) -> IASI_18-BOZ-IASI18-FF-027 | N31: Araç geri sürüş panelinden sürülemiyor. | O31: A-Sürüşü engeller | P31: B(Servisten çekmeye etki eden arıza) | Q31: N.A(Yaralanma yok) | R31: Bozankaya | S31: Yapılan kontrollerde M modül TCMS modüllerinde temassızlık tespit edildi. Düzeltirek arıza giderildi. | T31: Tamir Edilecek/To Be Repaired | U31: Evet/Yes | V31: 2 | W31: 45968 | X31: 0.58333333 | Y31: =IF(AND(W31="",X31=""),"",(W31+X31)) -> 45968.583 | Z31: 45968 | AA31: 0.625 | AB31: =IF(AND(Z31="",AA31=""),"",(Z31+AA31)) -> 45968.625 | AC31: =(AF31-H31)*24*60 -> 60 | AD31: 45968 | AE31: 0.625 | AF31: =IF(AND(AD31="",AE31=""),"",(AD31+AE31)) -> 45968.625 | AG31: (I) İlk Defa Karşılaşılan Arıza | AH31: Bu Arıza Aracın Servise Verilmesine Engel | AL31: =IF(AND(AJ31="",AK31=""),"",(AJ31+AK31)) | AM31: =IF(AND(P31<>"D(Arıza Değil)",AH31="Bu Arıza Aracın Servise Verilmesine Engel Değil"),IF(Z31-F31>0,(AB31-Y31)*24*60,IF(OR(AND(G31>$AS$1,G31<$AT$1),AND(G31>$AU$1,G31<$AV$1)),(AF31-H31)*24*60,0)),AN31) -> 60 | AN31: =IF(P31<>"D(Arıza Değil)",AC31,0) -> 60 | AW31: 0 | AX31: 0 | BB31: =IF($AQ$1="X", IF(AND(G31>=$AS$1,G31<=$AT$1),IF(P31<>"D(Arıza Değil)",AC31,0), IF(AND(G31>=$AU$1,G31<=$AV$1),IF(P31<>"D(Arıza Değil)",AC31,0), "")), "") | BJ31: =Y31-H31 -> 0 | BK31: =AB31-Y31 -> 0.041666667 | BL31: =AF31-AB31 -> 0 | BM31: =AL31-BE31 -> #VALUE! | BY31: =Y31-H31 -> 0 | BZ31: =AB31-Y31 -> 0.041666667 | CA31: =AB31-H31 -> 0.041666667 | CI31: =IF(Z31=F31,"AYNI GÜN","") -> AYNI GÜN | CJ31: =(AB31-Y31)*24 -> 1 | CK31: =(AF31-H31)*24 -> 1 | CL31: =(AF31-H31)*24*60 -> 60
A32: IASI_18 | B32: 2241 | C32: Tüm Modüller | D32: 0 | E32: BOZ-IASI18-FF-028 | F32: 45972 | G32: 0.41666667 | H32: =IF(AND(F32="",G32=""),"",(F32+G32)) -> 45972.417 | I32: Depo/Depot | J32: Notified By Bozankaya | K32: Other | L32: Bozankya | M32: =IF(AND(A32="",E32=""),"",(A32&"-"&E32)) -> IASI_18-BOZ-IASI18-FF-028 | N32: Araç sinyalleri çalışmıyor. | O32: sürüş devamlılığı | P32: B(Servisten çekmeye etki eden arıza) | Q32: N.A(Yaralanma yok) | R32: Bozankaya | S32: Yapılan kontrollerde sinyal butonu soket montajı yapılmamış. Düzeltilerek arıza giderildi. | T32: Tamir Edilecek/To Be Repaired | U32: Evet/Yes | V32: 1 | W32: 45972 | X32: 0.41666667 | Y32: =IF(AND(W32="",X32=""),"",(W32+X32)) -> 45972.417 | Z32: 45972 | AA32: 0.4375 | AB32: =IF(AND(Z32="",AA32=""),"",(Z32+AA32)) -> 45972.438 | AC32: =(AF32-H32)*24*60 -> 30 | AD32: 45972 | AE32: 0.4375 | AF32: =IF(AND(AD32="",AE32=""),"",(AD32+AE32)) -> 45972.438 | AG32: (I) İlk Defa Karşılaşılan Arıza | AH32: Bu Arıza Aracın Servise Verilmesine Engel | AL32: =IF(AND(AJ32="",AK32=""),"",(AJ32+AK32)) | AM32: =IF(AND(P32<>"D(Arıza Değil)",AH32="Bu Arıza Aracın Servise Verilmesine Engel Değil"),IF(Z32-F32>0,(AB32-Y32)*24*60,IF(OR(AND(G32>$AS$1,G32<$AT$1),AND(G32>$AU$1,G32<$AV$1)),(AF32-H32)*24*60,0)),AN32) -> 30 | AN32: =IF(P32<>"D(Arıza Değil)",AC32,0) -> 30 | AW32: 0 | AX32: 0 | BB32: =IF($AQ$1="X", IF(AND(G32>=$AS$1,G32<=$AT$1),IF(P32<>"D(Arıza Değil)",AC32,0), IF(AND(G32>=$AU$1,G32<=$AV$1),IF(P32<>"D(Arıza Değil)",AC32,0), "")), "") | BJ32: =Y32-H32 -> 0 | BK32: =AB32-Y32 -> 0.020833333 | BL32: =AF32-AB32 -> 0 | BM32: =AL32-BE32 -> #VALUE! | BY32: =Y32-H32 -> 0 | BZ32: =AB32-Y32 -> 0.020833333 | CA32: =AB32-H32 -> 0.020833333 | CI32: =IF(Z32=F32,"AYNI GÜN","") -> AYNI GÜN | CJ32: =(AB32-Y32)*24 -> 0.5 | CK32: =(AF32-H32)*24 -> 0.5 | CL32: =(AF32-H32)*24*60 -> 30
A33: IASI_18 | B33: 2241 | C33: MC | D33: 0 | E33: BOZ-IASI18-FF-029 | F33: 45972 | G33: 0.45833333 | H33: =IF(AND(F33="",G33=""),"",(F33+G33)) -> 45972.458 | I33: Depo/Depot | J33: Notified By Bozankaya | K33: Windows | L33: DORAGLASS | M33: =IF(AND(A33="",E33=""),"",(A33&"-"&E33)) -> IASI_18-BOZ-IASI18-FF-029 | N33: Ön sol cam çatlak. | O33: sürüş devamlılığı | P33: C(Sisteme etki etmeyen arıza) | Q33: N.A(Yaralanma yok) | R33: Bozankaya | S33: Bu şekilde servise devam edecek. Yerine cam tedarik edilip müşteriye teslim edilecek. Gerektiğinde değiştirilecek. | T33: Değiştirilecek/To Be Changed | U33: Evet/Yes | V33: 2 | W33: 45972 | X33: 0.45833333 | Y33: =IF(AND(W33="",X33=""),"",(W33+X33)) -> 45972.458 | Z33: 45972 | AA33: 0.47222222 | AB33: =IF(AND(Z33="",AA33=""),"",(Z33+AA33)) -> 45972.472 | AC33: =(AF33-H33)*24*60 -> 20 | AD33: 45972 | AE33: 0.47222222 | AF33: =IF(AND(AD33="",AE33=""),"",(AD33+AE33)) -> 45972.472 | AG33: (III) Farklı Araçlarda Tekrarlayan Arıza | AH33: Bu Arıza Aracın Servise Verilmesine Engel Değil | AL33: =IF(AND(AJ33="",AK33=""),"",(AJ33+AK33)) | AM33: =IF(AND(P33<>"D(Arıza Değil)",AH33="Bu Arıza Aracın Servise Verilmesine Engel Değil"),IF(Z33-F33>0,(AB33-Y33)*24*60,IF(OR(AND(G33>$AS$1,G33<$AT$1),AND(G33>$AU$1,G33<$AV$1)),(AF33-H33)*24*60,0)),AN33) -> 0 | AN33: =IF(P33<>"D(Arıza Değil)",AC33,0) -> 20 | AW33: 0 | AX33: 0 | BB33: =IF($AQ$1="X", IF(AND(G33>=$AS$1,G33<=$AT$1),IF(P33<>"D(Arıza Değil)",AC33,0), IF(AND(G33>=$AU$1,G33<=$AV$1),IF(P33<>"D(Arıza Değil)",AC33,0), "")), "") | BJ33: =Y33-H33 -> 0 | BK33: =AB33-Y33 -> 0.013888889 | BL33: =AF33-AB33 -> 0 | BM33: =AL33-BE33 -> #VALUE! | BY33: =Y33-H33 -> 0 | BZ33: =AB33-Y33 -> 0.013888889 | CA33: =AB33-H33 -> 0.013888889 | CI33: =IF(Z33=F33,"AYNI GÜN","") -> AYNI GÜN | CJ33: =(AB33-Y33)*24 -> 0.33333333 | CK33: =(AF33-H33)*24 -> 0.33333333 | CL33: =(AF33-H33)*24*60 -> 20
A34: IASI_18 | B34: 2239 | C34: MC | D34: 3307 | E34: BOZ-IASI18-FF-030 | F34: 45973 | G34: 0.41666667 | H34: =IF(AND(F34="",G34=""),"",(F34+G34)) -> 45973.417 | I34: Hat/Line | J34: Notified By Customer | K34: Door_System | L34: 2 | M34: =IF(AND(A34="",E34=""),"",(A34&"-"&E34)) -> IASI_18-BOZ-IASI18-FF-030 | N34: Sürücü kabin kapı camı kırılmış. | O34: sürüş devamlılığı | P34: B(Servisten çekmeye etki eden arıza) | Q34: N.A(Yaralanma yok) | R34: Bozankaya | S34: Yapılan kontrollerde ve kamera kayıt incelemelerinde kapının açılma esnasında yan duvara basarak kasıntı yapması sonucu kırıldığı görülmüştür. Kazalı araçtan kapı alınarak değiştirilmiştir. | T34: Değiştirilecek/To Be Changed | U34: Evet/Yes | V34: 2 | W34: 45973 | X34: 0.45833333 | Y34: =IF(AND(W34="",X34=""),"",(W34+X34)) -> 45973.458 | Z34: 45973 | AA34: 0.54166667 | AB34: =IF(AND(Z34="",AA34=""),"",(Z34+AA34)) -> 45973.542 | AC34: =(AF34-H34)*24*60 -> 240 | AD34: 45973 | AE34: 0.58333333 | AF34: =IF(AND(AD34="",AE34=""),"",(AD34+AE34)) -> 45973.583 | AG34: (I) İlk Defa Karşılaşılan Arıza | AH34: Bu Arıza Aracın Servise Verilmesine Engel | AI34: IASI18-NCR-021 | AL34: =IF(AND(AJ34="",AK34=""),"",(AJ34+AK34)) | AM34: =IF(AND(P34<>"D(Arıza Değil)",AH34="Bu Arıza Aracın Servise Verilmesine Engel Değil"),IF(Z34-F34>0,(AB34-Y34)*24*60,IF(OR(AND(G34>$AS$1,G34<$AT$1),AND(G34>$AU$1,G34<$AV$1)),(AF34-H34)*24*60,0)),AN34) -> 240 | AN34: =IF(P34<>"D(Arıza Değil)",AC34,0) -> 240 | AW34: 0 | AX34: 0 | BB34: =IF($AQ$1="X", IF(AND(G34>=$AS$1,G34<=$AT$1),IF(P34<>"D(Arıza Değil)",AC34,0), IF(AND(G34>=$AU$1,G34<=$AV$1),IF(P34<>"D(Arıza Değil)",AC34,0), "")), "") | BJ34: =Y34-H34 -> 0.041666667 | BK34: =AB34-Y34 -> 0.083333333 | BL34: =AF34-AB34 -> 0.041666667 | BM34: =AL34-BE34 -> #VALUE! | BY34: =Y34-H34 -> 0.041666667 | BZ34: =AB34-Y34 -> 0.083333333 | CA34: =AB34-H34 -> 0.125 | CI34: =IF(Z34=F34,"AYNI GÜN","") -> AYNI GÜN | CJ34: =(AB34-Y34)*24 -> 2 | CK34: =(AF34-H34)*24 -> 4 | CL34: =(AF34-H34)*24*60 -> 240
A35: IASI_18 | B35: 2242 | C35: M | D35: 0 | E35: BOZ-IASI18-FF-031 | F35: 45978 | G35: 0.54166667 | H35: =IF(AND(F35="",G35=""),"",(F35+G35)) -> 45978.542 | I35: Depo/Depot | J35: Notified By Bozankaya | K35: Windows | L35: DORAGLASS | M35: =IF(AND(A35="",E35=""),"",(A35&"-"&E35)) -> IASI_18-BOZ-IASI18-FF-031 | N35: M ön sol cam çatlak. | O35: sürüş devamlılığı | P35: C(Sisteme etki etmeyen arıza) | Q35: N.A(Yaralanma yok) | R35: Bozankaya | S35: Bu şekilde servise devam edecek. Yerine cam tedarik edilip müşteriye teslim edilecek. Gerektiğinde değiştirilecek. | T35: Değiştirilecek/To Be Changed | U35: Evet/Yes | V35: 2 | W35: 45978 | X35: 0.54166667 | Y35: =IF(AND(W35="",X35=""),"",(W35+X35)) -> 45978.542 | Z35: 45978 | AA35: 0.54166667 | AB35: =IF(AND(Z35="",AA35=""),"",(Z35+AA35)) -> 45978.542 | AC35: =(AF35-H35)*24*60 -> 0 | AD35: 45978 | AE35: 0.54166667 | AF35: =IF(AND(AD35="",AE35=""),"",(AD35+AE35)) -> 45978.542 | AG35: (III) Farklı Araçlarda Tekrarlayan Arıza | AH35: Bu Arıza Aracın Servise Verilmesine Engel Değil | AI35: IASI18-NCR-020 | AL35: =IF(AND(AJ35="",AK35=""),"",(AJ35+AK35)) | AM35: =IF(AND(P35<>"D(Arıza Değil)",AH35="Bu Arıza Aracın Servise Verilmesine Engel Değil"),IF(Z35-F35>0,(AB35-Y35)*24*60,IF(OR(AND(G35>$AS$1,G35<$AT$1),AND(G35>$AU$1,G35<$AV$1)),(AF35-H35)*24*60,0)),AN35) -> 0 | AN35: =IF(P35<>"D(Arıza Değil)",AC35,0) -> 0 | AW35: 0 | AX35: 0 | BB35: =IF($AQ$1="X", IF(AND(G35>=$AS$1,G35<=$AT$1),IF(P35<>"D(Arıza Değil)",AC35,0), IF(AND(G35>=$AU$1,G35<=$AV$1),IF(P35<>"D(Arıza Değil)",AC35,0), "")), "") | BJ35: =Y35-H35 -> 0 | BK35: =AB35-Y35 -> 0 | BL35: =AF35-AB35 -> 0 | BM35: =AL35-BE35 -> #VALUE! | BY35: =Y35-H35 -> 0 | BZ35: =AB35-Y35 -> 0 | CA35: =AB35-H35 -> 0 | CI35: =IF(Z35=F35,"AYNI GÜN","") -> AYNI GÜN | CJ35: =(AB35-Y35)*24 -> 0 | CK35: =(AF35-H35)*24 -> 0 | CL35: =(AF35-H35)*24*60 -> 0
A36: IASI_18 | B36: 2242 | C36: M | D36: 0 | E36: BOZ-IASI18-FF-032 | F36: 45978 | G36: 0.54166667 | H36: =IF(AND(F36="",G36=""),"",(F36+G36)) -> 45978.542 | I36: Depo/Depot | J36: Notified By Bozankaya | K36: Motor | L36: TSA | M36: =IF(AND(A36="",E36=""),"",(A36&"-"&E36)) -> IASI_18-BOZ-IASI18-FF-032 | N36: M modül motorlar devreye girmiyor. | O36: B-Hız veya güç azalması | P36: B(Servisten çekmeye etki eden arıza) | Q36: N.A(Yaralanma yok) | R36: Bozankaya | S36: Yapılan kontrollerde TCU2 araç içi elektrik panoda röle çıkığı tespit edilid. Düzeltilerek arıza giderildi. | T36: Tamir Edilecek/To Be Repaired | U36: Evet/Yes | V36: 1 | W36: 45978 | X36: 0.54166667 | Y36: =IF(AND(W36="",X36=""),"",(W36+X36)) -> 45978.542 | Z36: 45978 | AA36: 0.58333333 | AB36: =IF(AND(Z36="",AA36=""),"",(Z36+AA36)) -> 45978.583 | AC36: =(AF36-H36)*24*60 -> 60 | AD36: 45978 | AE36: 0.58333333 | AF36: =IF(AND(AD36="",AE36=""),"",(AD36+AE36)) -> 45978.583 | AG36: (I) İlk Defa Karşılaşılan Arıza | AH36: Bu Arıza Aracın Servise Verilmesine Engel | AL36: =IF(AND(AJ36="",AK36=""),"",(AJ36+AK36)) | AM36: =IF(AND(P36<>"D(Arıza Değil)",AH36="Bu Arıza Aracın Servise Verilmesine Engel Değil"),IF(Z36-F36>0,(AB36-Y36)*24*60,IF(OR(AND(G36>$AS$1,G36<$AT$1),AND(G36>$AU$1,G36<$AV$1)),(AF36-H36)*24*60,0)),AN36) -> 60 | AN36: =IF(P36<>"D(Arıza Değil)",AC36,0) -> 60 | AW36: 0 | AX36: 0 | BB36: =IF($AQ$1="X", IF(AND(G36>=$AS$1,G36<=$AT$1),IF(P36<>"D(Arıza Değil)",AC36,0), IF(AND(G36>=$AU$1,G36<=$AV$1),IF(P36<>"D(Arıza Değil)",AC36,0), "")), "") | BJ36: =Y36-H36 -> 0 | BK36: =AB36-Y36 -> 0.041666667 | BL36: =AF36-AB36 -> 0 | BM36: =AL36-BE36 -> #VALUE! | BY36: =Y36-H36 -> 0 | BZ36: =AB36-Y36 -> 0.041666667 | CA36: =AB36-H36 -> 0.041666667 | CI36: =IF(Z36=F36,"AYNI GÜN","") -> AYNI GÜN | CJ36: =(AB36-Y36)*24 -> 1 | CK36: =(AF36-H36)*24 -> 1 | CL36: =(AF36-H36)*24*60 -> 60
A37: IASI_18 | B37: 2236 | C37: MC | D37: 7784 | E37: BOZ-IASI18-FF-033 | F37: 45985 | G37: 0.33333333 | H37: =IF(AND(F37="",G37=""),"",(F37+G37)) -> 45985.333 | I37: Hat/Line | J37: Notified By Customer | K37: Other | L37: Bozankya | M37: =IF(AND(A37="",E37=""),"",(A37&"-"&E37)) -> IASI_18-BOZ-IASI18-FF-033 | N37: MC sol taraf sinyallar yapışık kalmış sürekli yanık halde. | O37: sürüş devamlılığı | P37: B(Servisten çekmeye etki eden arıza) | Q37: N.A(Yaralanma yok) | R37: Bozankaya | S37: Sinyal rölesi gevşemiş. Sök takılarak düzeltildi. | T37: Tamir Edilecek/To Be Repaired | U37: Evet/Yes | V37: 1 | W37: 45985 | X37: 0.375 | Y37: =IF(AND(W37="",X37=""),"",(W37+X37)) -> 45985.375 | Z37: 45985 | AA37: 0.39583333 | AB37: =IF(AND(Z37="",AA37=""),"",(Z37+AA37)) -> 45985.396 | AC37: =(AF37-H37)*24*60 -> 90 | AD37: 45985 | AE37: 0.39583333 | AF37: =IF(AND(AD37="",AE37=""),"",(AD37+AE37)) -> 45985.396 | AG37: (I) İlk Defa Karşılaşılan Arıza | AH37: Bu Arıza Aracın Servise Verilmesine Engel | AL37: =IF(AND(AJ37="",AK37=""),"",(AJ37+AK37)) | AM37: =IF(AND(P37<>"D(Arıza Değil)",AH37="Bu Arıza Aracın Servise Verilmesine Engel Değil"),IF(Z37-F37>0,(AB37-Y37)*24*60,IF(OR(AND(G37>$AS$1,G37<$AT$1),AND(G37>$AU$1,G37<$AV$1)),(AF37-H37)*24*60,0)),AN37) -> 90 | AN37: =IF(P37<>"D(Arıza Değil)",AC37,0) -> 90 | AW37: 0 | AX37: 0 | BB37: =IF($AQ$1="X", IF(AND(G37>=$AS$1,G37<=$AT$1),IF(P37<>"D(Arıza Değil)",AC37,0), IF(AND(G37>=$AU$1,G37<=$AV$1),IF(P37<>"D(Arıza Değil)",AC37,0), "")), "") -> 90 | BJ37: =Y37-H37 -> 0.041666667 | BK37: =AB37-Y37 -> 0.020833333 | BL37: =AF37-AB37 -> 0 | BM37: =AL37-BE37 -> #VALUE! | BY37: =Y37-H37 -> 0.041666667 | BZ37: =AB37-Y37 -> 0.020833333 | CA37: =AB37-H37 -> 0.0625 | CI37: =IF(Z37=F37,"AYNI GÜN","") -> AYNI GÜN | CJ37: =(AB37-Y37)*24 -> 0.5 | CK37: =(AF37-H37)*24 -> 1.5 | CL37: =(AF37-H37)*24*60 -> 90
A38: IASI_18 | B38: 2233 | C38: MC | D38: 8739 | E38: BOZ-IASI18-FF-034 | F38: 45986 | G38: 0.75 | H38: =IF(AND(F38="",G38=""),"",(F38+G38)) -> 45986.75 | I38: Hat/Line | J38: Notified By Customer | K38: Brake_System | L38: Hanning&Kall | M38: =IF(AND(A38="",E38=""),"",(A38&"-"&E38)) -> IASI_18-BOZ-IASI18-FF-034 | N38: MC sol kaliper salmamış. Fren diski aşırı ısınmış. | O38: A-Sürüşü engeller | P38: A(Hareket etmeyi engelleyen arıza) | Q38: N.A(Yaralanma yok) | R38: Equipment_Supplier | S38: Depoda kontrolleri yapıldığında sorun görülmedi. Takip edilmek üzere servise tekrar verildi. | T38: Tamir Edilecek/To Be Repaired | U38: Evet/Yes | V38: 2 | W38: 45987 | X38: 0.41666667 | Y38: =IF(AND(W38="",X38=""),"",(W38+X38)) -> 45987.417 | Z38: 45956 | AA38: 0.45833333 | AB38: =IF(AND(Z38="",AA38=""),"",(Z38+AA38)) -> 45956.458 | AC38: =(AF38-H38)*24*60 -> 1080 | AD38: 45987 | AE38: 0.5 | AF38: =IF(AND(AD38="",AE38=""),"",(AD38+AE38)) -> 45987.5 | AG38: (I) İlk Defa Karşılaşılan Arıza | AH38: Bu Arıza Aracın Servise Verilmesine Engel | AL38: =IF(AND(AJ38="",AK38=""),"",(AJ38+AK38)) | AM38: =IF(AND(P38<>"D(Arıza Değil)",AH38="Bu Arıza Aracın Servise Verilmesine Engel Değil"),IF(Z38-F38>0,(AB38-Y38)*24*60,IF(OR(AND(G38>$AS$1,G38<$AT$1),AND(G38>$AU$1,G38<$AV$1)),(AF38-H38)*24*60,0)),AN38) -> 1080 | AN38: =IF(P38<>"D(Arıza Değil)",AC38,0) -> 1080 | AW38: 0 | AX38: 0 | BB38: =IF($AQ$1="X", IF(AND(G38>=$AS$1,G38<=$AT$1),IF(P38<>"D(Arıza Değil)",AC38,0), IF(AND(G38>=$AU$1,G38<=$AV$1),IF(P38<>"D(Arıza Değil)",AC38,0), "")), "") -> 1080 | BJ38: =Y38-H38 -> 0.66666667 | BK38: =AB38-Y38 -> -30.958333 | BL38: =AF38-AB38 -> 31.041667 | BM38: =AL38-BE38 -> #VALUE! | BY38: =Y38-H38 -> 0.66666667 | BZ38: =AB38-Y38 -> -30.958333 | CA38: =AB38-H38 -> -30.291667 | CI38: =IF(Z38=F38,"AYNI GÜN","") | CJ38: =(AB38-Y38)*24 -> -743 | CK38: =(AF38-H38)*24 -> 18 | CL38: =(AF38-H38)*24*60 -> 1080
A39: IASI_18 | E39: BOZ-IASI18-FF-035 | H39: =IF(AND(F39="",G39=""),"",(F39+G39)) | M39: =IF(AND(A39="",E39=""),"",(A39&"-"&E39)) -> IASI_18-BOZ-IASI18-FF-035 | Y39: =IF(AND(W39="",X39=""),"",(W39+X39)) | AB39: =IF(AND(Z39="",AA39=""),"",(Z39+AA39)) | AC39: =(AF39-H39)*24*60 -> #VALUE! | AF39: =IF(AND(AD39="",AE39=""),"",(AD39+AE39)) | AL39: =IF(AND(AJ39="",AK39=""),"",(AJ39+AK39)) | AM39: =IF(AND(P39<>"D(Arıza Değil)",AH39="Bu Arıza Aracın Servise Verilmesine Engel Değil"),IF(Z39-F39>0,(AB39-Y39)*24*60,IF(OR(AND(G39>$AS$1,G39<$AT$1),AND(G39>$AU$1,G39<$AV$1)),(AF39-H39)*24*60,0)),AN39) -> #VALUE! | AN39: =IF(P39<>"D(Arıza Değil)",AC39,0) -> #VALUE! | AW39: 0 | AX39: 0 | BB39: =IF($AQ$1="X", IF(AND(G39>=$AS$1,G39<=$AT$1),IF(P39<>"D(Arıza Değil)",AC39,0), IF(AND(G39>=$AU$1,G39<=$AV$1),IF(P39<>"D(Arıza Değil)",AC39,0), "")), "") | BJ39: =Y39-H39 -> #VALUE! | BK39: =AB39-Y39 -> #VALUE! | BL39: =AF39-AB39 -> #VALUE! | BM39: =AL39-BE39 -> #VALUE! | BY39: =Y39-H39 -> #VALUE! | BZ39: =AB39-Y39 -> #VALUE! | CA39: =AB39-H39 -> #VALUE! | CI39: =IF(Z39=F39,"AYNI GÜN","") -> AYNI GÜN | CJ39: =(AB39-Y39)*24 -> #VALUE! | CK39: =(AF39-H39)*24 -> #VALUE! | CL39: =(AF39-H39)*24*60 -> #VALUE!
A40: IASI_18 | E40: BOZ-IASI18-FF-036 | H40: =IF(AND(F40="",G40=""),"",(F40+G40)) | M40: =IF(AND(A40="",E40=""),"",(A40&"-"&E40)) -> IASI_18-BOZ-IASI18-FF-036 | Y40: =IF(AND(W40="",X40=""),"",(W40+X40)) | AB40: =IF(AND(Z40="",AA40=""),"",(Z40+AA40)) | AC40: =(AF40-H40)*24*60 -> #VALUE! | AF40: =IF(AND(AD40="",AE40=""),"",(AD40+AE40)) | AL40: =IF(AND(AJ40="",AK40=""),"",(AJ40+AK40)) | AM40: =IF(AND(P40<>"D(Arıza Değil)",AH40="Bu Arıza Aracın Servise Verilmesine Engel Değil"),IF(Z40-F40>0,(AB40-Y40)*24*60,IF(OR(AND(G40>$AS$1,G40<$AT$1),AND(G40>$AU$1,G40<$AV$1)),(AF40-H40)*24*60,0)),AN40) -> #VALUE! | AN40: =IF(P40<>"D(Arıza Değil)",AC40,0) -> #VALUE! | AW40: 0 | AX40: 0 | BB40: =IF($AQ$1="X", IF(AND(G40>=$AS$1,G40<=$AT$1),IF(P40<>"D(Arıza Değil)",AC40,0), IF(AND(G40>=$AU$1,G40<=$AV$1),IF(P40<>"D(Arıza Değil)",AC40,0), "")), "") | BJ40: =Y40-H40 -> #VALUE! | BK40: =AB40-Y40 -> #VALUE! | BL40: =AF40-AB40 -> #VALUE! | BM40: =AL40-BE40 -> #VALUE! | BY40: =Y40-H40 -> #VALUE! | BZ40: =AB40-Y40 -> #VALUE! | CA40: =AB40-H40 -> #VALUE! | CI40: =IF(Z40=F40,"AYNI GÜN","") -> AYNI GÜN | CJ40: =(AB40-Y40)*24 -> #VALUE! | CK40: =(AF40-H40)*24 -> #VALUE! | CL40: =(AF40-H40)*24*60 -> #VALUE!
A41: IASI_18 | E41: BOZ-IASI18-FF-037 | H41: =IF(AND(F41="",G41=""),"",(F41+G41)) | M41: =IF(AND(A41="",E41=""),"",(A41&"-"&E41)) -> IASI_18-BOZ-IASI18-FF-037 | Y41: =IF(AND(W41="",X41=""),"",(W41+X41)) | AB41: =IF(AND(Z41="",AA41=""),"",(Z41+AA41)) | AC41: =(AF41-H41)*24*60 -> #VALUE! | AF41: =IF(AND(AD41="",AE41=""),"",(AD41+AE41)) | AL41: =IF(AND(AJ41="",AK41=""),"",(AJ41+AK41)) | AM41: =IF(AND(P41<>"D(Arıza Değil)",AH41="Bu Arıza Aracın Servise Verilmesine Engel Değil"),IF(Z41-F41>0,(AB41-Y41)*24*60,IF(OR(AND(G41>$AS$1,G41<$AT$1),AND(G41>$AU$1,G41<$AV$1)),(AF41-H41)*24*60,0)),AN41) -> #VALUE! | AN41: =IF(P41<>"D(Arıza Değil)",AC41,0) -> #VALUE! | AW41: 0 | AX41: 0 | BB41: =IF($AQ$1="X", IF(AND(G41>=$AS$1,G41<=$AT$1),IF(P41<>"D(Arıza Değil)",AC41,0), IF(AND(G41>=$AU$1,G41<=$AV$1),IF(P41<>"D(Arıza Değil)",AC41,0), "")), "") | BJ41: =Y41-H41 -> #VALUE! | BK41: =AB41-Y41 -> #VALUE! | BL41: =AF41-AB41 -> #VALUE! | BM41: =AL41-BE41 -> #VALUE! | BY41: =Y41-H41 -> #VALUE! | BZ41: =AB41-Y41 -> #VALUE! | CA41: =AB41-H41 -> #VALUE! | CI41: =IF(Z41=F41,"AYNI GÜN","") -> AYNI GÜN | CJ41: =(AB41-Y41)*24 -> #VALUE! | CK41: =(AF41-H41)*24 -> #VALUE! | CL41: =(AF41-H41)*24*60 -> #VALUE!
A42: IASI_18 | E42: BOZ-IASI18-FF-038 | H42: =IF(AND(F42="",G42=""),"",(F42+G42)) | M42: =IF(AND(A42="",E42=""),"",(A42&"-"&E42)) -> IASI_18-BOZ-IASI18-FF-038 | Y42: =IF(AND(W42="",X42=""),"",(W42+X42)) | AB42: =IF(AND(Z42="",AA42=""),"",(Z42+AA42)) | AC42: =(AF42-H42)*24*60 -> #VALUE! | AF42: =IF(AND(AD42="",AE42=""),"",(AD42+AE42)) | AL42: =IF(AND(AJ42="",AK42=""),"",(AJ42+AK42)) | AM42: =IF(AND(P42<>"D(Arıza Değil)",AH42="Bu Arıza Aracın Servise Verilmesine Engel Değil"),IF(Z42-F42>0,(AB42-Y42)*24*60,IF(OR(AND(G42>$AS$1,G42<$AT$1),AND(G42>$AU$1,G42<$AV$1)),(AF42-H42)*24*60,0)),AN42) -> #VALUE! | AN42: =IF(P42<>"D(Arıza Değil)",AC42,0) -> #VALUE! | AW42: 0 | AX42: 0 | BB42: =IF($AQ$1="X", IF(AND(G42>=$AS$1,G42<=$AT$1),IF(P42<>"D(Arıza Değil)",AC42,0), IF(AND(G42>=$AU$1,G42<=$AV$1),IF(P42<>"D(Arıza Değil)",AC42,0), "")), "") | BJ42: =Y42-H42 -> #VALUE! | BK42: =AB42-Y42 -> #VALUE! | BL42: =AF42-AB42 -> #VALUE! | BM42: =AL42-BE42 -> #VALUE! | BY42: =Y42-H42 -> #VALUE! | BZ42: =AB42-Y42 -> #VALUE! | CA42: =AB42-H42 -> #VALUE! | CI42: =IF(Z42=F42,"AYNI GÜN","") -> AYNI GÜN | CJ42: =(AB42-Y42)*24 -> #VALUE! | CK42: =(AF42-H42)*24 -> #VALUE! | CL42: =(AF42-H42)*24*60 -> #VALUE!
A43: IASI_18 | E43: BOZ-IASI18-FF-039 | H43: =IF(AND(F43="",G43=""),"",(F43+G43)) | M43: =IF(AND(A43="",E43=""),"",(A43&"-"&E43)) -> IASI_18-BOZ-IASI18-FF-039 | Y43: =IF(AND(W43="",X43=""),"",(W43+X43)) | AB43: =IF(AND(Z43="",AA43=""),"",(Z43+AA43)) | AC43: =(AF43-H43)*24*60 -> #VALUE! | AF43: =IF(AND(AD43="",AE43=""),"",(AD43+AE43)) | AL43: =IF(AND(AJ43="",AK43=""),"",(AJ43+AK43)) | AM43: =IF(AND(P43<>"D(Arıza Değil)",AH43="Bu Arıza Aracın Servise Verilmesine Engel Değil"),IF(Z43-F43>0,(AB43-Y43)*24*60,IF(OR(AND(G43>$AS$1,G43<$AT$1),AND(G43>$AU$1,G43<$AV$1)),(AF43-H43)*24*60,0)),AN43) -> #VALUE! | AN43: =IF(P43<>"D(Arıza Değil)",AC43,0) -> #VALUE! | AW43: 0 | AX43: 0 | BB43: =IF($AQ$1="X", IF(AND(G43>=$AS$1,G43<=$AT$1),IF(P43<>"D(Arıza Değil)",AC43,0), IF(AND(G43>=$AU$1,G43<=$AV$1),IF(P43<>"D(Arıza Değil)",AC43,0), "")), "") | BJ43: =Y43-H43 -> #VALUE! | BK43: =AB43-Y43 -> #VALUE! | BL43: =AF43-AB43 -> #VALUE! | BM43: =AL43-BE43 -> #VALUE! | BY43: =Y43-H43 -> #VALUE! | BZ43: =AB43-Y43 -> #VALUE! | CA43: =AB43-H43 -> #VALUE! | CI43: =IF(Z43=F43,"AYNI GÜN","") -> AYNI GÜN | CJ43: =(AB43-Y43)*24 -> #VALUE! | CK43: =(AF43-H43)*24 -> #VALUE! | CL43: =(AF43-H43)*24*60 -> #VALUE!
A44: IASI_18 | E44: BOZ-IASI18-FF-040 | H44: =IF(AND(F44="",G44=""),"",(F44+G44)) | M44: =IF(AND(A44="",E44=""),"",(A44&"-"&E44)) -> IASI_18-BOZ-IASI18-FF-040 | Y44: =IF(AND(W44="",X44=""),"",(W44+X44)) | AB44: =IF(AND(Z44="",AA44=""),"",(Z44+AA44)) | AC44: =(AF44-H44)*24*60 -> #VALUE! | AF44: =IF(AND(AD44="",AE44=""),"",(AD44+AE44)) | AL44: =IF(AND(AJ44="",AK44=""),"",(AJ44+AK44)) | AM44: =IF(AND(P44<>"D(Arıza Değil)",AH44="Bu Arıza Aracın Servise Verilmesine Engel Değil"),IF(Z44-F44>0,(AB44-Y44)*24*60,IF(OR(AND(G44>$AS$1,G44<$AT$1),AND(G44>$AU$1,G44<$AV$1)),(AF44-H44)*24*60,0)),AN44) -> #VALUE! | AN44: =IF(P44<>"D(Arıza Değil)",AC44,0) -> #VALUE! | AW44: 0 | AX44: 0 | BB44: =IF($AQ$1="X", IF(AND(G44>=$AS$1,G44<=$AT$1),IF(P44<>"D(Arıza Değil)",AC44,0), IF(AND(G44>=$AU$1,G44<=$AV$1),IF(P44<>"D(Arıza Değil)",AC44,0), "")), "") | BJ44: =Y44-H44 -> #VALUE! | BK44: =AB44-Y44 -> #VALUE! | BL44: =AF44-AB44 -> #VALUE! | BM44: =AL44-BE44 -> #VALUE! | BY44: =Y44-H44 -> #VALUE! | BZ44: =AB44-Y44 -> #VALUE! | CA44: =AB44-H44 -> #VALUE! | CI44: =IF(Z44=F44,"AYNI GÜN","") -> AYNI GÜN | CJ44: =(AB44-Y44)*24 -> #VALUE! | CK44: =(AF44-H44)*24 -> #VALUE! | CL44: =(AF44-H44)*24*60 -> #VALUE!
A45: IASI_18 | E45: BOZ-IASI18-FF-041 | H45: =IF(AND(F45="",G45=""),"",(F45+G45)) | M45: =IF(AND(A45="",E45=""),"",(A45&"-"&E45)) -> IASI_18-BOZ-IASI18-FF-041 | Y45: =IF(AND(W45="",X45=""),"",(W45+X45)) | AB45: =IF(AND(Z45="",AA45=""),"",(Z45+AA45)) | AC45: =(AF45-H45)*24*60 -> #VALUE! | AF45: =IF(AND(AD45="",AE45=""),"",(AD45+AE45)) | AL45: =IF(AND(AJ45="",AK45=""),"",(AJ45+AK45)) | AM45: =IF(AND(P45<>"D(Arıza Değil)",AH45="Bu Arıza Aracın Servise Verilmesine Engel Değil"),IF(Z45-F45>0,(AB45-Y45)*24*60,IF(OR(AND(G45>$AS$1,G45<$AT$1),AND(G45>$AU$1,G45<$AV$1)),(AF45-H45)*24*60,0)),AN45) -> #VALUE! | AN45: =IF(P45<>"D(Arıza Değil)",AC45,0) -> #VALUE! | AW45: 0 | AX45: 0 | BB45: =IF($AQ$1="X", IF(AND(G45>=$AS$1,G45<=$AT$1),IF(P45<>"D(Arıza Değil)",AC45,0), IF(AND(G45>=$AU$1,G45<=$AV$1),IF(P45<>"D(Arıza Değil)",AC45,0), "")), "") | BJ45: =Y45-H45 -> #VALUE! | BK45: =AB45-Y45 -> #VALUE! | BL45: =AF45-AB45 -> #VALUE! | BM45: =AL45-BE45 -> #VALUE! | BY45: =Y45-H45 -> #VALUE! | BZ45: =AB45-Y45 -> #VALUE! | CA45: =AB45-H45 -> #VALUE! | CI45: =IF(Z45=F45,"AYNI GÜN","") -> AYNI GÜN | CJ45: =(AB45-Y45)*24 -> #VALUE! | CK45: =(AF45-H45)*24 -> #VALUE! | CL45: =(AF45-H45)*24*60 -> #VALUE!
A46: IASI_18 | E46: BOZ-IASI18-FF-042 | H46: =IF(AND(F46="",G46=""),"",(F46+G46)) | M46: =IF(AND(A46="",E46=""),"",(A46&"-"&E46)) -> IASI_18-BOZ-IASI18-FF-042 | Y46: =IF(AND(W46="",X46=""),"",(W46+X46)) | AB46: =IF(AND(Z46="",AA46=""),"",(Z46+AA46)) | AC46: =(AF46-H46)*24*60 -> #VALUE! | AF46: =IF(AND(AD46="",AE46=""),"",(AD46+AE46)) | AL46: =IF(AND(AJ46="",AK46=""),"",(AJ46+AK46)) | AM46: =IF(AND(P46<>"D(Arıza Değil)",AH46="Bu Arıza Aracın Servise Verilmesine Engel Değil"),IF(Z46-F46>0,(AB46-Y46)*24*60,IF(OR(AND(G46>$AS$1,G46<$AT$1),AND(G46>$AU$1,G46<$AV$1)),(AF46-H46)*24*60,0)),AN46) -> #VALUE! | AN46: =IF(P46<>"D(Arıza Değil)",AC46,0) -> #VALUE! | AW46: 0 | AX46: 0 | BB46: =IF($AQ$1="X", IF(AND(G46>=$AS$1,G46<=$AT$1),IF(P46<>"D(Arıza Değil)",AC46,0), IF(AND(G46>=$AU$1,G46<=$AV$1),IF(P46<>"D(Arıza Değil)",AC46,0), "")), "") | BJ46: =Y46-H46 -> #VALUE! | BK46: =AB46-Y46 -> #VALUE! | BL46: =AF46-AB46 -> #VALUE! | BM46: =AL46-BE46 -> #VALUE! | BY46: =Y46-H46 -> #VALUE! | BZ46: =AB46-Y46 -> #VALUE! | CA46: =AB46-H46 -> #VALUE! | CI46: =IF(Z46=F46,"AYNI GÜN","") -> AYNI GÜN | CJ46: =(AB46-Y46)*24 -> #VALUE! | CK46: =(AF46-H46)*24 -> #VALUE! | CL46: =(AF46-H46)*24*60 -> #VALUE!
A47: IASI_18 | E47: BOZ-IASI18-FF-043 | H47: =IF(AND(F47="",G47=""),"",(F47+G47)) | M47: =IF(AND(A47="",E47=""),"",(A47&"-"&E47)) -> IASI_18-BOZ-IASI18-FF-043 | Y47: =IF(AND(W47="",X47=""),"",(W47+X47)) | AB47: =IF(AND(Z47="",AA47=""),"",(Z47+AA47)) | AC47: =(AF47-H47)*24*60 -> #VALUE! | AF47: =IF(AND(AD47="",AE47=""),"",(AD47+AE47)) | AL47: =IF(AND(AJ47="",AK47=""),"",(AJ47+AK47)) | AM47: =IF(AND(P47<>"D(Arıza Değil)",AH47="Bu Arıza Aracın Servise Verilmesine Engel Değil"),IF(Z47-F47>0,(AB47-Y47)*24*60,IF(OR(AND(G47>$AS$1,G47<$AT$1),AND(G47>$AU$1,G47<$AV$1)),(AF47-H47)*24*60,0)),AN47) -> #VALUE! | AN47: =IF(P47<>"D(Arıza Değil)",AC47,0) -> #VALUE! | AW47: 0 | AX47: 0 | BB47: =IF($AQ$1="X", IF(AND(G47>=$AS$1,G47<=$AT$1),IF(P47<>"D(Arıza Değil)",AC47,0), IF(AND(G47>=$AU$1,G47<=$AV$1),IF(P47<>"D(Arıza Değil)",AC47,0), "")), "") | BJ47: =Y47-H47 -> #VALUE! | BK47: =AB47-Y47 -> #VALUE! | BL47: =AF47-AB47 -> #VALUE! | BM47: =AL47-BE47 -> #VALUE! | BY47: =Y47-H47 -> #VALUE! | BZ47: =AB47-Y47 -> #VALUE! | CA47: =AB47-H47 -> #VALUE! | CI47: =IF(Z47=F47,"AYNI GÜN","") -> AYNI GÜN | CJ47: =(AB47-Y47)*24 -> #VALUE! | CK47: =(AF47-H47)*24 -> #VALUE! | CL47: =(AF47-H47)*24*60 -> #VALUE!
A48: IASI_18 | E48: BOZ-IASI18-FF-044 | H48: =IF(AND(F48="",G48=""),"",(F48+G48)) | M48: =IF(AND(A48="",E48=""),"",(A48&"-"&E48)) -> IASI_18-BOZ-IASI18-FF-044 | Y48: =IF(AND(W48="",X48=""),"",(W48+X48)) | AB48: =IF(AND(Z48="",AA48=""),"",(Z48+AA48)) | AC48: =(AF48-H48)*24*60 -> #VALUE! | AF48: =IF(AND(AD48="",AE48=""),"",(AD48+AE48)) | AL48: =IF(AND(AJ48="",AK48=""),"",(AJ48+AK48)) | AM48: =IF(AND(P48<>"D(Arıza Değil)",AH48="Bu Arıza Aracın Servise Verilmesine Engel Değil"),IF(Z48-F48>0,(AB48-Y48)*24*60,IF(OR(AND(G48>$AS$1,G48<$AT$1),AND(G48>$AU$1,G48<$AV$1)),(AF48-H48)*24*60,0)),AN48) -> #VALUE! | AN48: =IF(P48<>"D(Arıza Değil)",AC48,0) -> #VALUE! | AW48: 0 | AX48: 0 | BB48: =IF($AQ$1="X", IF(AND(G48>=$AS$1,G48<=$AT$1),IF(P48<>"D(Arıza Değil)",AC48,0), IF(AND(G48>=$AU$1,G48<=$AV$1),IF(P48<>"D(Arıza Değil)",AC48,0), "")), "") | BJ48: =Y48-H48 -> #VALUE! | BK48: =AB48-Y48 -> #VALUE! | BL48: =AF48-AB48 -> #VALUE! | BM48: =AL48-BE48 -> #VALUE! | BY48: =Y48-H48 -> #VALUE! | BZ48: =AB48-Y48 -> #VALUE! | CA48: =AB48-H48 -> #VALUE! | CI48: =IF(Z48=F48,"AYNI GÜN","") -> AYNI GÜN | CJ48: =(AB48-Y48)*24 -> #VALUE! | CK48: =(AF48-H48)*24 -> #VALUE! | CL48: =(AF48-H48)*24*60 -> #VALUE!
A49: IASI_18 | E49: BOZ-IASI18-FF-045 | H49: =IF(AND(F49="",G49=""),"",(F49+G49)) | M49: =IF(AND(A49="",E49=""),"",(A49&"-"&E49)) -> IASI_18-BOZ-IASI18-FF-045 | Y49: =IF(AND(W49="",X49=""),"",(W49+X49)) | AB49: =IF(AND(Z49="",AA49=""),"",(Z49+AA49)) | AC49: =(AF49-H49)*24*60 -> #VALUE! | AF49: =IF(AND(AD49="",AE49=""),"",(AD49+AE49)) | AL49: =IF(AND(AJ49="",AK49=""),"",(AJ49+AK49)) | AM49: =IF(AND(P49<>"D(Arıza Değil)",AH49="Bu Arıza Aracın Servise Verilmesine Engel Değil"),IF(Z49-F49>0,(AB49-Y49)*24*60,IF(OR(AND(G49>$AS$1,G49<$AT$1),AND(G49>$AU$1,G49<$AV$1)),(AF49-H49)*24*60,0)),AN49) -> #VALUE! | AN49: =IF(P49<>"D(Arıza Değil)",AC49,0) -> #VALUE! | AW49: 0 | AX49: 0 | BB49: =IF($AQ$1="X", IF(AND(G49>=$AS$1,G49<=$AT$1),IF(P49<>"D(Arıza Değil)",AC49,0), IF(AND(G49>=$AU$1,G49<=$AV$1),IF(P49<>"D(Arıza Değil)",AC49,0), "")), "") | BJ49: =Y49-H49 -> #VALUE! | BK49: =AB49-Y49 -> #VALUE! | BL49: =AF49-AB49 -> #VALUE! | BM49: =AL49-BE49 -> #VALUE! | BY49: =Y49-H49 -> #VALUE! | BZ49: =AB49-Y49 -> #VALUE! | CA49: =AB49-H49 -> #VALUE! | CI49: =IF(Z49=F49,"AYNI GÜN","") -> AYNI GÜN | CJ49: =(AB49-Y49)*24 -> #VALUE! | CK49: =(AF49-H49)*24 -> #VALUE! | CL49: =(AF49-H49)*24*60 -> #VALUE!
A50: IASI_18 | E50: BOZ-IASI18-FF-046 | H50: =IF(AND(F50="",G50=""),"",(F50+G50)) | M50: =IF(AND(A50="",E50=""),"",(A50&"-"&E50)) -> IASI_18-BOZ-IASI18-FF-046 | Y50: =IF(AND(W50="",X50=""),"",(W50+X50)) | AB50: =IF(AND(Z50="",AA50=""),"",(Z50+AA50)) | AC50: =(AF50-H50)*24*60 -> #VALUE! | AF50: =IF(AND(AD50="",AE50=""),"",(AD50+AE50)) | AL50: =IF(AND(AJ50="",AK50=""),"",(AJ50+AK50)) | AM50: =IF(AND(P50<>"D(Arıza Değil)",AH50="Bu Arıza Aracın Servise Verilmesine Engel Değil"),IF(Z50-F50>0,(AB50-Y50)*24*60,IF(OR(AND(G50>$AS$1,G50<$AT$1),AND(G50>$AU$1,G50<$AV$1)),(AF50-H50)*24*60,0)),AN50) -> #VALUE! | AN50: =IF(P50<>"D(Arıza Değil)",AC50,0) -> #VALUE! | AW50: 0 | AX50: 0 | BB50: =IF($AQ$1="X", IF(AND(G50>=$AS$1,G50<=$AT$1),IF(P50<>"D(Arıza Değil)",AC50,0), IF(AND(G50>=$AU$1,G50<=$AV$1),IF(P50<>"D(Arıza Değil)",AC50,0), "")), "") | BJ50: =Y50-H50 -> #VALUE! | BK50: =AB50-Y50 -> #VALUE! | BL50: =AF50-AB50 -> #VALUE! | BM50: =AL50-BE50 -> #VALUE! | BY50: =Y50-H50 -> #VALUE! | BZ50: =AB50-Y50 -> #VALUE! | CA50: =AB50-H50 -> #VALUE! | CI50: =IF(Z50=F50,"AYNI GÜN","") -> AYNI GÜN | CJ50: =(AB50-Y50)*24 -> #VALUE! | CK50: =(AF50-H50)*24 -> #VALUE! | CL50: =(AF50-H50)*24*60 -> #VALUE!
... A486: IASI_18 | E486: BOZ-IASI18-FF-482 | H486: =IF(AND(F486="",G486=""),"",(F486+G486)) | M486: =IF(AND(A486="",E486=""),"",(A486&"-"&E486)) -> IASI_18-BOZ-IASI18-FF-482 | Y486: =IF(AND(W486="",X486=""),"",(W486+X486)) | AB486: =IF(AND(Z486="",AA486=""),"",(Z486+AA486)) | AC486: =(AF486-H486)*24*60 -> #VALUE! | AF486: =IF(AND(AD486="",AE486=""),"",(AD486+AE486)) | AL486: =IF(AND(AJ486="",AK486=""),"",(AJ486+AK486)) | AM486: =IF(AND(P486<>"D(Arıza Değil)",AH486="Bu Arıza Aracın Servise Verilmesine Engel Değil"),IF(Z486-F486>0,(AB486-Y486)*24*60,IF(OR(AND(G486>$AS$1,G486<$AT$1),AND(G486>$AU$1,G486<$AV$1)),(AF486-H486)*24*60,0)),AN486) -> #VALUE! | AN486: =IF(P486<>"D(Arıza Değil)",AC486,0) -> #VALUE! | AW486: 0 | AX486: 0 | BB486: =IF($AQ$1="X", IF(AND(G486>=$AS$1,G486<=$AT$1),IF(P486<>"D(Arıza Değil)",AC486,0), IF(AND(G486>=$AU$1,G486<=$AV$1),IF(P486<>"D(Arıza Değil)",AC486,0), "")), "") | BJ486: =Y486-H486 -> #VALUE! | BK486: =AB486-Y486 -> #VALUE! | BL486: =AF486-AB486 -> #VALUE! | BM486: =AL486-BE486 -> #VALUE! | BY486: =Y486-H486 -> #VALUE! | BZ486: =AB486-Y486 -> #VALUE! | CA486: =AB486-H486 -> #VALUE! | CI486: =IF(Z486=F486,"AYNI GÜN","") -> AYNI GÜN | CJ486: =(AB486-Y486)*24 -> #VALUE! | CK486: =(AF486-H486)*24 -> #VALUE! | CL486: =(AF486-H486)*24*60 -> #VALUE!

Sheet Sayfa1
D1: Genel olarak tarih veya saat verilerinden bazıları hatalı olanlar | L1: arıza tarihleri yazılmamış olanlar | Q1: OTHER olarak yazılanların bazılar belli başlı sistemler. Bu kısımlarda ilgili sistem seçilerek düzltilmeli. | R1: tüm arızaların ilgili tedarikçisi yazılması gerekir. Eğer seçeneklerde sistemin ilgili tedarikçisi gözükmüyorsa firma ismi bilgisini iletiniz. Böylece çoktan seçmeli kısma ekleyebilirz. | U1: n.a değiştirilerek Tahmini olarak ilgili seçenek seçilmeli | V1: yazılmamış olanlar var | AM1: yazılmamış olanlar var | AN1: Hiç yazılmamış | AO1: Uyguun zamanlarınızda doldurunız | AP1: Uyguun zamanlarınızda doldurunız | AQ1: Uyguun zamanlarınızda doldurunız | AU1: Uyguun zamanlarınızda doldurunız | BK1: Uyguun zamanlarınızda doldurunız | BL1: yazılmamış - yeni eklendi- doldurunuz
G2: Project | H2: Araç Numarası Vehicle Number | I2: Araç Module Vehicle Module | J2: Araç Kilometresi Vehicle Kilometer | K2: FRACAS ID | L2: Hata Tarih/Date | M2: Hata Saat/Time | O2: Arıza Konumu Failure Location | P2: Arıza Tespit Yöntemi Failure Detection Method | Q2: Kapsam Scope | R2: İlgili Tedarikçi Relevant Supplier | S2: Proje Bazında Fracas ID Fracas ID Based on Project | T2: Arıza Tanımı Failure Description | U2: DDU Arıza Sınıfı DDU Failure Class | V2: Arıza Sınıfı Failure Class | W2: Arızanın Emniyetle İlgili Şiddet Kategorisi Safety Related Severity Category of Failure | X2: Arıza Kaynağı Source of Failure | Y2: Arıza Tespitini Takiben Yapılan İşlem Action Followed by Fault Detection | Z2: Aksiyon Action | AA2: Garanti Kapsamı Warranty Coverage | AB2: Tamir için Gerekli Personel Sayısı Required Personnel Quantity for Repair | AC2: Tamir/Değiştirme Başlama Tarihi Date of Starting to Repair/Replace | AD2: Tamir/Değiştirme Başlama Saati Time of Starting to Repair/Replace | AF2: Tamir/Değiştirme Bitiş Tarihi Date of Fnish to Repair/Replace | AG2: Tamir/Değiştirme Bitiş Saati Time of Fnish to Repair/Replace | AI2: Tamir Süresi (dakika) Repair Time (dakika) | AJ2: Servise Veriliş Tarih Date of Ready to Service | AK2: Servise Veriliş Saati Time of Ready to Service | AM2: Arıza Tipi Failure Type | AN2: Detaylı Bilgi Detail İnformation | AO2: NCR Numarası NCR Number | AP2: NCR Kapanış Tarihi NCR Closing Date | AQ2: NCR Kapanış Saati NCR Closing Time | AS2: Araç MTTR / MDT | AT2: Kompanent MTTR / MDT | AU2: Ekipman Tedarikçisi Equipment Supplier | AV2: Parça Kodu Part Code | AW2: Seri Numarası Serial Number | AX2: Parça Adı Part Name | AY2: Adeti Quantity | AZ2: Sipariş No Order No | BA2: Sipariş Tarihi Order Date | BB2: Teslim Tarihi Delivery Date | BC2: Malzeme Maliyeti Material Cost | BD2: İşçilik Maliyeti Labor Cost | BE2: No | BF2: Photo URL | BG2: Arıza Resmi | BH2: Pik Saat Hes. | BK2: NCR Bildiriliş Tarihi | BL2: Arıza Kaynağı (Sorumlu 2)
D4: BOZ-IASI16-FF-004 | H4: ….. | L4: BOZ-IASI16-FF-028 | Q4: BOZ-IASI16-FF-001 | V4: BOZ-IASI16-FF-082 | AM4: BOZ-IASI16-FF-028
D5: BOZ-IASI16-FF-024 | L5: BOZ-IASI16-FF-038 | Q5: BOZ-IASI16-FF-002 | V5: BOZ-IASI16-FF-086 | AM5: BOZ-IASI16-FF-046
D6: BOZ-IASI16-FF-026 | L6: BOZ-IASI16-FF-046 | Q6: BOZ-IASI16-FF-003 | AM6: BOZ-IASI16-FF-054
D7: BOZ-IASI16-FF-027 | L7: BOZ-IASI16-FF-060 | Q7: BOZ-IASI16-FF-008 | AM7: BOZ-IASI16-FF-060
D8: BOZ-IASI16-FF-048 | L8: BOZ-IASI16-FF-082 | Q8: BOZ-IASI16-FF-012 | AM8: BOZ-IASI16-FF-082
D9: BOZ-IASI16-FF-052 | L9: BOZ-IASI16-FF-086 | Q9: BOZ-IASI16-FF-017 | AM9: BOZ-IASI16-FF-086
D10: BOZ-IASI16-FF-057 | L10: BOZ-IASI16-FF-092 | Q10: BOZ-IASI16-FF-019 | AM10: BOZ-IASI16-FF-092
D11: BOZ-IASI16-FF-073 | L11: BOZ-IASI16-FF-093 | Q11: BOZ-IASI16-FF-041 | AM11: BOZ-IASI16-FF-093
D12: BOZ-IASI16-FF-081 | L12: BOZ-IASI16-FF-099 | Q12: BOZ-IASI16-FF-046 | AM12: BOZ-IASI16-FF-099
D13: BOZ-IASI16-FF-091 | L13: BOZ-IASI16-FF-143 | Q13: BOZ-IASI16-FF-048 | AM13: BOZ-IASI16-FF-143
D14: BOZ-IASI16-FF-098 | Q14: BOZ-IASI16-FF-050
D15: BOZ-IASI16-FF-112 | Q15: BOZ-IASI16-FF-055
D16: BOZ-IASI16-FF-115 | Q16: BOZ-IASI16-FF-056
D17: BOZ-IASI16-FF-118 | Q17: BOZ-IASI16-FF-057
D18: BOZ-IASI16-FF-122 | Q18: BOZ-IASI16-FF-059
D19: BOZ-IASI16-FF-171 | Q19: BOZ-IASI16-FF-060
D20: BOZ-IASI16-FF-223 | Q20: BOZ-IASI16-FF-067
D21: BOZ-IASI16-FF-275 | Q21: BOZ-IASI16-FF-072
D22: BOZ-IASI16-FF-281 | Q22: BOZ-IASI16-FF-108
D23: BOZ-IASI16-FF-284 | Q23: BOZ-IASI16-FF-120
D24: BOZ-IASI16-FF-308 | Q24: BOZ-IASI16-FF-141
Q25: BOZ-IASI16-FF-142
Q26: BOZ-IASI16-FF-216
Q27: BOZ-IASI16-FF-217
Q28: BOZ-IASI16-FF-220
Q29: BOZ-IASI16-FF-230
Q30: BOZ-IASI16-FF-242
Q31: BOZ-IASI16-FF-247
Q32: BOZ-IASI16-FF-291
Q33: BOZ-IASI16-FF-292
Q34: BOZ-IASI16-FF-301
Q35: BOZ-IASI16-FF-316
Q36: BOZ-IASI16-FF-322
... Q38: BOZ-IASI16-FF-345

Sheet Haftalık KM Bilgisi
A1: . | D1: 0 lar aracın sahaya gittiği günler, aracın servise alınış günü olmalı hesaplama başlangıcı | BB1: . | BC1: . | DC1: . | DD1: . | DE1: Toplam Arıza Sayısı (PCs) | FC1: . | FD1: . | LB1: . | LC1: . | LD1: Availability - araçların sürüşe hazır kabul edilme zamanından beri hesapl yapılmalı | NB1: . | NC1: . | ND1: Availability - araçların sürüşe hazır kabul edilme zamanından beri hesapl yapılmalı
C2: Availablity İçin Araç Max Km | D2: =MAX(D6:D999) -> 9034 | E2: =MAX(E6:E999) -> 5283 | F2: =MAX(F6:F999) -> 9606 | G2: =MAX(G6:G999) -> 9039 | H2: =MAX(H6:H999) -> 8174 | I2: =MAX(I6:I999) -> 5249 | J2: =MAX(J6:J999) -> 5839 | K2: =MAX(K6:K999) -> 4478 | ... S2: =MAX(S6:S999) -> 0 | DE2: =COUNTIFS(FRACAS!$B$5:$B$8972, D$4, FRACAS!$D$5:$D$8972, "<="&'Haftalık KM Bilgisi'!D2) -> 9 | DF2: =COUNTIFS(FRACAS!$B$5:$B$8972, E$4, FRACAS!$D$5:$D$8972, "<="&'Haftalık KM Bilgisi'!E2) -> 3 | DG2: =COUNTIFS(FRACAS!$B$5:$B$8972, F$4, FRACAS!$D$5:$D$8972, "<="&'Haftalık KM Bilgisi'!F2) -> 1 | DH2: =COUNTIFS(FRACAS!$B$5:$B$8972, G$4, FRACAS!$D$5:$D$8972, "<="&'Haftalık KM Bilgisi'!G2) -> 5 | DI2: =COUNTIFS(FRACAS!$B$5:$B$8972, H$4, FRACAS!$D$5:$D$8972, "<="&'Haftalık KM Bilgisi'!H2) -> 2 | DJ2: =COUNTIFS(FRACAS!$B$5:$B$8972, I$4, FRACAS!$D$5:$D$8972, "<="&'Haftalık KM Bilgisi'!I2) -> 3 | DK2: =COUNTIFS(FRACAS!$B$5:$B$8972, J$4, FRACAS!$D$5:$D$8972, "<="&'Haftalık KM Bilgisi'!J2) -> 3 | DL2: =COUNTIFS(FRACAS!$B$5:$B$8972, K$4, FRACAS!$D$5:$D$8972, "<="&'Haftalık KM Bilgisi'!K2) -> 1 | ... ER2: =COUNTIFS(FRACAS!$B$5:$B$8972, AQ$4, FRACAS!$D$5:$D$8972, "<="&'Haftalık KM Bilgisi'!AQ2) -> 0 | LD2: {=IFERROR((((D2/FRACAS!$AY$1)*60 )-(SUMPRODUCT((FRACAS!$B$5:$B$8970=D$4)*(FRACAS!$D$5:$D$8970<=D2)*(IFERROR(FRACAS!$AM$5:$AM$8970,0))) ))/((D2/FRACAS!$AY$1)*60),1)} -> 0.49988931 | LE2: {=IFERROR((((E2/FRACAS!$AY$1)*60 )-(SUMPRODUCT((FRACAS!$B$5:$B$8970=E$4)*(FRACAS!$D$5:$D$8970<=E2)*(IFERROR(FRACAS!$AM$5:$AM$8970,0))) ))/((E2/FRACAS!$AY$1)*60),1)} -> 0.98977853 | LF2: {=IFERROR((((F2/FRACAS!$AY$1)*60 )-(SUMPRODUCT((FRACAS!$B$5:$B$8970=F$4)*(FRACAS!$D$5:$D$8970<=F2)*(IFERROR(FRACAS!$AM$5:$AM$8970,0))) ))/((F2/FRACAS!$AY$1)*60),1)} -> 0.99812617 | LG2: {=IFERROR((((G2/FRACAS!$AY$1)*60 )-(SUMPRODUCT((FRACAS!$B$5:$B$8970=G$4)*(FRACAS!$D$5:$D$8970<=G2)*(IFERROR(FRACAS!$AM$5:$AM$8970,0))) ))/((G2/FRACAS!$AY$1)*60),1)} -> 0.74610023 | LH2: {=IFERROR((((H2/FRACAS!$AY$1)*60 )-(SUMPRODUCT((FRACAS!$B$5:$B$8970=H$4)*(FRACAS!$D$5:$D$8970<=H2)*(IFERROR(FRACAS!$AM$5:$AM$8970,0))) ))/((H2/FRACAS!$AY$1)*60),1)} -> 0.77538537 | LI2: {=IFERROR((((I2/FRACAS!$AY$1)*60 )-(SUMPRODUCT((FRACAS!$B$5:$B$8970=I$4)*(FRACAS!$D$5:$D$8970<=I2)*(IFERROR(FRACAS!$AM$5:$AM$8970,0))) ))/((I2/FRACAS!$AY$1)*60),1)} -> 0.92455706 | LJ2: {=IFERROR((((J2/FRACAS!$AY$1)*60 )-(SUMPRODUCT((FRACAS!$B$5:$B$8970=J$4)*(FRACAS!$D$5:$D$8970<=J2)*(IFERROR(FRACAS!$AM$5:$AM$8970,0))) ))/((J2/FRACAS!$AY$1)*60),1)} -> 0.9691728 | LK2: {=IFERROR((((K2/FRACAS!$AY$1)*60 )-(SUMPRODUCT((FRACAS!$B$5:$B$8970=K$4)*(FRACAS!$D$5:$D$8970<=K2)*(IFERROR(FRACAS!$AM$5:$AM$8970,0))) ))/((K2/FRACAS!$AY$1)*60),1)} -> 1 | ... MQ2: {=IFERROR((((AQ2/FRACAS!$AY$1)*60 )-(SUMPRODUCT((FRACAS!$B$5:$B$8970=AQ$4)*(FRACAS!$D$5:$D$8970<=AQ2)*(IFERROR(FRACAS!$AM$5:$AM$8970,0))) ))/((AQ2/FRACAS!$AY$1)*60),1)} -> 1 | NF2: =#REF! -> #REF! | NG2: =#REF! -> #REF! | NH2: =#REF! -> #REF! | NI2: =#REF! -> #REF! | NJ2: =#REF! -> #REF! | NK2: =#REF! -> #REF! | NL2: =#REF! -> #REF! | NM2: =#REF! -> #REF! | ... OS2: =#REF! -> #REF! | OT2: ,
C3: Araç Son Arıza Km | D3: =_xlfn.MAXIFS(FRACAS!$D$5:D8972,FRACAS!$B$5:B8972,D4) -> 8739 | E3: =_xlfn.MAXIFS(FRACAS!$D$5:E8972,FRACAS!$B$5:C8972,E4) -> 1987 | F3: =_xlfn.MAXIFS(FRACAS!$D$5:F8972,FRACAS!$B$5:D8972,F4) -> 0 | G3: =_xlfn.MAXIFS(FRACAS!$D$5:G8972,FRACAS!$B$5:E8972,G4) -> 7784 | H3: =_xlfn.MAXIFS(FRACAS!$D$5:H8972,FRACAS!$B$5:F8972,H4) -> 1780 | I3: =_xlfn.MAXIFS(FRACAS!$D$5:I8972,FRACAS!$B$5:G8972,I4) -> 1569 | J3: =_xlfn.MAXIFS(FRACAS!$D$5:J8972,FRACAS!$B$5:H8972,J4) -> 3307 | K3: =_xlfn.MAXIFS(FRACAS!$D$5:K8972,FRACAS!$B$5:I8972,K4) -> 0 | ... S3: =_xlfn.MAXIFS(FRACAS!$D$5:S8972,FRACAS!$B$5:Q8972,S4) -> 0 | DE3: =COUNTIFS(FRACAS!$B$5:$B$8972, D$4, FRACAS!$D$5:$D$8972, "<="&'Haftalık KM Bilgisi'!D3) -> 9 | DF3: =COUNTIFS(FRACAS!$B$5:$B$8972, E$4, FRACAS!$D$5:$D$8972, "<="&'Haftalık KM Bilgisi'!E3) -> 3 | DG3: =COUNTIFS(FRACAS!$B$5:$B$8972, F$4, FRACAS!$D$5:$D$8972, "<="&'Haftalık KM Bilgisi'!F3) -> 1 | DH3: =COUNTIFS(FRACAS!$B$5:$B$8972, G$4, FRACAS!$D$5:$D$8972, "<="&'Haftalık KM Bilgisi'!G3) -> 5 | DI3: =COUNTIFS(FRACAS!$B$5:$B$8972, H$4, FRACAS!$D$5:$D$8972, "<="&'Haftalık KM Bilgisi'!H3) -> 2 | DJ3: =COUNTIFS(FRACAS!$B$5:$B$8972, I$4, FRACAS!$D$5:$D$8972, "<="&'Haftalık KM Bilgisi'!I3) -> 3 | DK3: =COUNTIFS(FRACAS!$B$5:$B$8972, J$4, FRACAS!$D$5:$D$8972, "<="&'Haftalık KM Bilgisi'!J3) -> 3 | DL3: =COUNTIFS(FRACAS!$B$5:$B$8972, K$4, FRACAS!$D$5:$D$8972, "<="&'Haftalık KM Bilgisi'!K3) -> 1 | ... ER3: =COUNTIFS(FRACAS!$B$5:$B$8972, AQ$4, FRACAS!$D$5:$D$8972, "<="&'Haftalık KM Bilgisi'!AQ3) -> 0 | LD3: {=IFERROR((((D3/FRACAS!$AY$1)*60 )-(SUMPRODUCT((FRACAS!$B$5:$B$8970=D$4)*(FRACAS!$D$5:$D$8970<=D3)*(IFERROR(FRACAS!$AM$5:$AM$8970,0))) ))/((D3/FRACAS!$AY$1)*60),1)} -> 0.48300721 | LE3: {=IFERROR((((E3/FRACAS!$AY$1)*60 )-(SUMPRODUCT((FRACAS!$B$5:$B$8970=E$4)*(FRACAS!$D$5:$D$8970<=E3)*(IFERROR(FRACAS!$AM$5:$AM$8970,0))) ))/((E3/FRACAS!$AY$1)*60),1)} -> 0.97282335 | LF3: {=IFERROR((((F3/FRACAS!$AY$1)*60 )-(SUMPRODUCT((FRACAS!$B$5:$B$8970=F$4)*(FRACAS!$D$5:$D$8970<=F3)*(IFERROR(FRACAS!$AM$5:$AM$8970,0))) ))/((F3/FRACAS!$AY$1)*60),1)} -> 1 | LG3: {=IFERROR((((G3/FRACAS!$AY$1)*60 )-(SUMPRODUCT((FRACAS!$B$5:$B$8970=G$4)*(FRACAS!$D$5:$D$8970<=G3)*(IFERROR(FRACAS!$AM$5:$AM$8970,0))) ))/((G3/FRACAS!$AY$1)*60),1)} -> 0.70516444 | LH3: {=IFERROR((((H3/FRACAS!$AY$1)*60 )-(SUMPRODUCT((FRACAS!$B$5:$B$8970=H$4)*(FRACAS!$D$5:$D$8970<=H3)*(IFERROR(FRACAS!$AM$5:$AM$8970,0))) ))/((H3/FRACAS!$AY$1)*60),1)} -> -0.031460674 | LI3: {=IFERROR((((I3/FRACAS!$AY$1)*60 )-(SUMPRODUCT((FRACAS!$B$5:$B$8970=I$4)*(FRACAS!$D$5:$D$8970<=I3)*(IFERROR(FRACAS!$AM$5:$AM$8970,0))) ))/((I3/FRACAS!$AY$1)*60),1)} -> 0.74760994 | LJ3: {=IFERROR((((J3/FRACAS!$AY$1)*60 )-(SUMPRODUCT((FRACAS!$B$5:$B$8970=J$4)*(FRACAS!$D$5:$D$8970<=J3)*(IFERROR(FRACAS!$AM$5:$AM$8970,0))) ))/((J3/FRACAS!$AY$1)*60),1)} -> 0.94557 | LK3: {=IFERROR((((K3/FRACAS!$AY$1)*60 )-(SUMPRODUCT((FRACAS!$B$5:$B$8970=K$4)*(FRACAS!$D$5:$D$8970<=K3)*(IFERROR(FRACAS!$AM$5:$AM$8970,0))) ))/((K3/FRACAS!$AY$1)*60),1)} -> 1 | ... MQ3: {=IFERROR((((AQ3/FRACAS!$AY$1)*60 )-(SUMPRODUCT((FRACAS!$B$5:$B$8970=AQ$4)*(FRACAS!$D$5:$D$8970<=AQ3)*(IFERROR(FRACAS!$AM$5:$AM$8970,0))) ))/((AQ3/FRACAS!$AY$1)*60),1)} -> 1 | NF3: =AVERAGE(NF5:NF374) -> 1 | NG3: =AVERAGE(NG5:NG374) -> 1 | NH3: =AVERAGE(NH5:NH374) -> 1 | NI3: =AVERAGE(NI5:NI374) -> 1 | NJ3: =AVERAGE(NJ5:NJ374) -> 1 | NK3: =AVERAGE(NK5:NK374) -> 1 | NL3: =AVERAGE(NL5:NL374) -> 1 | NM3: =AVERAGE(NM5:NM374) -> 1 | ... OT3: =AVERAGE(OT5:OT374) -> 1
A4: ="CW" & (WEEKNUM(#REF!)) -> #REF! | B4: Hafta No | C4: Araç / Tarih | D4: 2233 | E4: 2234 | F4: 2235 | G4: 2236 | H4: 2237 | I4: 2238 | J4: 2239 | K4: 2240 | L4: 2241 | M4: 2242 | N4: 2243 | O4: 2244 | P4: 2245 | Q4: 2246 | R4: 2247 | S4: 2248 | T4: 2249 | U4: 2250 | DC4: Toplam Arıza Sayısı | DD4: Araç / Tarih | DE4: 2233 | DF4: 2234 | DG4: 2235 | DH4: 2236 | DI4: 2237 | DJ4: 2238 | DK4: 2239 | DL4: 2240 | DM4: 2241 | DN4: 2242 | DO4: 2243 | DP4: 2244 | DQ4: 2245 | DR4: 2246 | DS4: 2247 | DT4: 2248 | DU4: 2249 | DV4: 2250 | JN4: 11 | JO4: 12 | JP4: 13 | JQ4: 14 | JR4: 15 | JS4: 16 | JT4: 17 | JU4: 18 | JV4: 19 | JW4: 20 | JX4: 21 | JY4: 22 | JZ4: 23 | KA4: 24 | KB4: 25 | KC4: 26 | KD4: 27 | KE4: 28 | KF4: 29 | KG4: 30 | KH4: 31 | KI4: 32 | KJ4: 33 | KK4: 34 | KL4: 35 | KM4: 36 | KN4: 37 | KO4: 38 | KP4: 39 | KQ4: 40 | KR4: 41 | KS4: 42 | KT4: 43 | KU4: 44 | KV4: 45 | KW4: 46 | KX4: 47 | KY4: 48 | KZ4: 49 | LA4: 50 | LC4: Araç / Tarih | LD4: 2233 | LE4: 2234 | LF4: 2235 | LG4: 2236 | LH4: 2237 | LI4: 2238 | LJ4: 2239 | LK4: 2240 | LL4: 2241 | LM4: 2242 | LN4: 2243 | LO4: 2244 | LP4: 2245 | LQ4: 2246 | LR4: 2247 | LS4: 2248 | LT4: 2249 | LU4: 2250 | MR4: 41 | MS4: 42 | MT4: 43 | MU4: 44 | MV4: 45 | MW4: 46 | MX4: 47 | MY4: 48 | MZ4: 49 | NA4: 50 | ND4: Toplam Filo Km | NE4: =C4 -> Araç / Tarih | NF4: =IF(NF3=1,"",NF2) | NG4: =IF(NG3=1,"",NG2) | NH4: =IF(NH3=1,"",NH2) | NI4: =IF(NI3=1,"",NI2) | NJ4: =IF(NJ3=1,"",NJ2) | NK4: =IF(NK3=1,"",NK2) | NL4: =IF(NL3=1,"",NL2) | NM4: =IF(NM3=1,"",NM2) | ... OT4: =IF(OT3=1,"",OT2)
C5: =IF('[1]17.11.2025 IASI18 Mileage'!C5="","",'[1]17.11.2025 IASI18 Mileage'!C5) -> 45931 | D5: =IF('[1]17.11.2025 IASI18 Mileage'!D5="","",'[1]17.11.2025 IASI18 Mileage'!D5) -> 0 | E5: =IF('[1]17.11.2025 IASI18 Mileage'!E5="","",'[1]17.11.2025 IASI18 Mileage'!E5) -> 0 | F5: =IF('[1]17.11.2025 IASI18 Mileage'!F5="","",'[1]17.11.2025 IASI18 Mileage'!F5) -> 0 | G5: =IF('[1]17.11.2025 IASI18 Mileage'!G5="","",'[1]17.11.2025 IASI18 Mileage'!G5) -> 0 | H5: =IF('[1]17.11.2025 IASI18 Mileage'!H5="","",'[1]17.11.2025 IASI18 Mileage'!H5) -> 0 | I5: =IF('[1]17.11.2025 IASI18 Mileage'!I5="","",'[1]17.11.2025 IASI18 Mileage'!I5) -> 0 | J5: =IF('[1]17.11.2025 IASI18 Mileage'!J5="","",'[1]17.11.2025 IASI18 Mileage'!J5) -> 0 | ... U5: =IF('[1]17.11.2025 IASI18 Mileage'!U5="","",'[1]17.11.2025 IASI18 Mileage'!U5) -> 0 | V5: =IF('[1]17.11.2025 IASI18 Mileage'!V6="","",'[1]17.11.2025 IASI18 Mileage'!V6) -> 42953 | W5: =IF('[1]17.11.2025 IASI18 Mileage'!W6="","",'[1]17.11.2025 IASI18 Mileage'!W6) | X5: =IF('[1]17.11.2025 IASI18 Mileage'!X6="","",'[1]17.11.2025 IASI18 Mileage'!X6) | Y5: =IF('[1]17.11.2025 IASI18 Mileage'!Y6="","",'[1]17.11.2025 IASI18 Mileage'!Y6) | Z5: =IF('[1]17.11.2025 IASI18 Mileage'!Z6="","",'[1]17.11.2025 IASI18 Mileage'!Z6) | AA5: =IF('[1]17.11.2025 IASI18 Mileage'!AA6="","",'[1]17.11.2025 IASI18 Mileage'!AA6) | AB5: =IF('[1]17.11.2025 IASI18 Mileage'!AB6="","",'[1]17.11.2025 IASI18 Mileage'!AB6) | AC5: =IF('[1]17.11.2025 IASI18 Mileage'!AC6="","",'[1]17.11.2025 IASI18 Mileage'!AC6) | ... CZ5: =IF('[1]17.11.2025 IASI18 Mileage'!CZ6="","",'[1]17.11.2025 IASI18 Mileage'!CZ6) | DC5: =SUM(DE5:FB5) -> 0 | DD5: =IF(DC5>0,C5,"") | DE5: =IF(D5> 0,(COUNTIFS(FRACAS!$B$5:$B$8972, D$4, FRACAS!$D$5:$D$8972, "<="&D5)), "" ) | DF5: =IF(E5> 0,(COUNTIFS(FRACAS!$B$5:$B$8972, E$4, FRACAS!$D$5:$D$8972, "<="&E5)), "" ) | DG5: =IF(F5> 0,(COUNTIFS(FRACAS!$B$5:$B$8972, F$4, FRACAS!$D$5:$D$8972, "<="&F5)), "" ) | DH5: =IF(G5> 0,(COUNTIFS(FRACAS!$B$5:$B$8972, G$4, FRACAS!$D$5:$D$8972, "<="&G5)), "" ) | DI5: =IF(H5> 0,(COUNTIFS(FRACAS!$B$5:$B$8972, H$4, FRACAS!$D$5:$D$8972, "<="&H5)), "" ) | DJ5: =IF(I5> 0,(COUNTIFS(FRACAS!$B$5:$B$8972, I$4, FRACAS!$D$5:$D$8972, "<="&I5)), "" ) | DK5: =IF(J5> 0,(COUNTIFS(FRACAS!$B$5:$B$8972, J$4, FRACAS!$D$5:$D$8972, "<="&J5)), "" ) | DL5: =IF(K5> 0,(COUNTIFS(FRACAS!$B$5:$B$8972, K$4, FRACAS!$D$5:$D$8972, "<="&K5)), "" ) | ... ER5: =IF(AQ5> 0,(COUNTIFS(FRACAS!$B$5:$B$8972, AQ$4, FRACAS!$D$5:$D$8972, "<="&AQ5)), "" ) -> 0 | ES5: =IF(AR5> 0,(COUNTIFS(FRACAS!$B$5:$B$8970, AR$4, FRACAS!$D$5:$D$8970, "<="&AR5)), "" ) -> 0 | ET5: =IF(AS5> 0,(COUNTIFS(FRACAS!$B$5:$B$8970, AS$4, FRACAS!$D$5:$D$8970, "<="&AS5)), "" ) -> 0 | EU5: =IF(AT5> 0,(COUNTIFS(FRACAS!$B$5:$B$8970, AT$4, FRACAS!$D$5:$D$8970, "<="&AT5)), "" ) -> 0 | EV5: =IF(AU5> 0,(COUNTIFS(FRACAS!$B$5:$B$8970, AU$4, FRACAS!$D$5:$D$8970, "<="&AU5)), "" ) -> 0 | EW5: =IF(AV5> 0,(COUNTIFS(FRACAS!$B$5:$B$8970, AV$4, FRACAS!$D$5:$D$8970, "<="&AV5)), "" ) -> 0 | EX5: =IF(AW5> 0,(COUNTIFS(FRACAS!$B$5:$B$8970, AW$4, FRACAS!$D$5:$D$8970, "<="&AW5)), "" ) -> 0 | EY5: =IF(AX5> 0,(COUNTIFS(FRACAS!$B$5:$B$8970, AX$4, FRACAS!$D$5:$D$8970, "<="&AX5)), "" ) -> 0 | EZ5: =IF(AY5> 0,(COUNTIFS(FRACAS!$B$5:$B$8970, AY$4, FRACAS!$D$5:$D$8970, "<="&AY5)), "" ) -> 0 | ... FB5: =IF(BA5> 0,(COUNTIFS(FRACAS!$B$5:$B$8970, BA$4, FRACAS!$D$5:$D$8970, "<="&BA5)), "" ) -> 0 | LC5: =DD5 | LD5: {=IFERROR((((D5/FRACAS!$AY$1)*60 )-(SUMPRODUCT((FRACAS!$B$5:$B$8970=D$4)*(FRACAS!$D$5:$D$8970<=D5)*(IFERROR(FRACAS!$AM$5:$AM$8970,0))) ))/((D5/FRACAS!$AY$1)*60),"")} | LE5: {=IFERROR((((E5/FRACAS!$AY$1)*60 )-(SUMPRODUCT((FRACAS!$B$5:$B$8970=E$4)*(FRACAS!$D$5:$D$8970<=E5)*(IFERROR(FRACAS!$AM$5:$AM$8970,0))) ))/((E5/FRACAS!$AY$1)*60),"")} | LF5: {=IFERROR((((F5/FRACAS!$AY$1)*60 )-(SUMPRODUCT((FRACAS!$B$5:$B$8970=F$4)*(FRACAS!$D$5:$D$8970<=F5)*(IFERROR(FRACAS!$AM$5:$AM$8970,0))) ))/((F5/FRACAS!$AY$1)*60),"")} | LG5: {=IFERROR((((G5/FRACAS!$AY$1)*60 )-(SUMPRODUCT((FRACAS!$B$5:$B$8970=G$4)*(FRACAS!$D$5:$D$8970<=G5)*(IFERROR(FRACAS!$AM$5:$AM$8970,0))) ))/((G5/FRACAS!$AY$1)*60),"")} | LH5: {=IFERROR((((H5/FRACAS!$AY$1)*60 )-(SUMPRODUCT((FRACAS!$B$5:$B$8970=H$4)*(FRACAS!$D$5:$D$8970<=H5)*(IFERROR(FRACAS!$AM$5:$AM$8970,0))) ))/((H5/FRACAS!$AY$1)*60),"")} | LI5: {=IFERROR((((I5/FRACAS!$AY$1)*60 )-(SUMPRODUCT((FRACAS!$B$5:$B$8970=I$4)*(FRACAS!$D$5:$D$8970<=I5)*(IFERROR(FRACAS!$AM$5:$AM$8970,0))) ))/((I5/FRACAS!$AY$1)*60),"")} | LJ5: {=IFERROR((((J5/FRACAS!$AY$1)*60 )-(SUMPRODUCT((FRACAS!$B$5:$B$8970=J$4)*(FRACAS!$D$5:$D$8970<=J5)*(IFERROR(FRACAS!$AM$5:$AM$8970,0))) ))/((J5/FRACAS!$AY$1)*60),"")} | LK5: {=IFERROR((((K5/FRACAS!$AY$1)*60 )-(SUMPRODUCT((FRACAS!$B$5:$B$8970=K$4)*(FRACAS!$D$5:$D$8970<=K5)*(IFERROR(FRACAS!$AM$5:$AM$8970,0))) ))/((K5/FRACAS!$AY$1)*60),"")} | ... MQ5: {=IFERROR((((AQ5/FRACAS!$AY$1)*60 )-(SUMPRODUCT((FRACAS!$B$5:$B$8970=AQ$4)*(FRACAS!$D$5:$D$8970<=AQ5)*(IFERROR(FRACAS!$AM$5:$AM$8970,0))) ))/((AQ5/FRACAS!$AY$1)*60),"")} | ND5: =SUM(D5:CZ5) -> 42953 | NE5: =IF(ND5=0,"",C5) -> 45931 | NF5: {=IF($ND5=0,"",(IFERROR( (IFERROR($ND5/FRACAS!$AY$1*60,0) - SUMPRODUCT( (FRACAS!$K$5:$K$8972=NF$2) * IFERROR(FRACAS!$AN$5:$AN$8972,0) ) ) / IFERROR($ND5/FRACAS!$AY$1*60,0), 1 )))} -> 1 | NG5: {=IF($ND5=0,"",(IFERROR( (IFERROR($ND5/FRACAS!$AY$1*60,0) - SUMPRODUCT( (FRACAS!$K$5:$K$8972=NG$2) * IFERROR(FRACAS!$AN$5:$AN$8972,0) ) ) / IFERROR($ND5/FRACAS!$AY$1*60,0), 1 )))} -> 1 | NH5: {=IF($ND5=0,"",(IFERROR( (IFERROR($ND5/FRACAS!$AY$1*60,0) - SUMPRODUCT( (FRACAS!$K$5:$K$8972=NH$2) * IFERROR(FRACAS!$AN$5:$AN$8972,0) ) ) / IFERROR($ND5/FRACAS!$AY$1*60,0), 1 )))} -> 1 | NI5: {=IF($ND5=0,"",(IFERROR( (IFERROR($ND5/FRACAS!$AY$1*60,0) - SUMPRODUCT( (FRACAS!$K$5:$K$8972=NI$2) * IFERROR(FRACAS!$AN$5:$AN$8972,0) ) ) / IFERROR($ND5/FRACAS!$AY$1*60,0), 1 )))} -> 1 | NJ5: {=IF($ND5=0,"",(IFERROR( (IFERROR($ND5/FRACAS!$AY$1*60,0) - SUMPRODUCT( (FRACAS!$K$5:$K$8972=NJ$2) * IFERROR(FRACAS!$AN$5:$AN$8972,0) ) ) / IFERROR($ND5/FRACAS!$AY$1*60,0), 1 )))} -> 1 | NK5: {=IF($ND5=0,"",(IFERROR( (IFERROR($ND5/FRACAS!$AY$1*60,0) - SUMPRODUCT( (FRACAS!$K$5:$K$8972=NK$2) * IFERROR(FRACAS!$AN$5:$AN$8972,0) ) ) / IFERROR($ND5/FRACAS!$AY$1*60,0), 1 )))} -> 1 | NL5: {=IF($ND5=0,"",(IFERROR( (IFERROR($ND5/FRACAS!$AY$1*60,0) - SUMPRODUCT( (FRACAS!$K$5:$K$8972=NL$2) * IFERROR(FRACAS!$AN$5:$AN$8972,0) ) ) / IFERROR($ND5/FRACAS!$AY$1*60,0), 1 )))} -> 1 | NM5: {=IF($ND5=0,"",(IFERROR( (IFERROR($ND5/FRACAS!$AY$1*60,0) - SUMPRODUCT( (FRACAS!$K$5:$K$8972=NM$2) * IFERROR(FRACAS!$AN$5:$AN$8972,0) ) ) / IFERROR($ND5/FRACAS!$AY$1*60,0), 1 )))} -> 1 | ... OT5: {=IF($ND5=0,"",(IFERROR( (IFERROR($ND5/FRACAS!$AY$1*60,0) - SUMPRODUCT( (FRACAS!$K$5:$K$8972=OT$2) * IFERROR(FRACAS!$AN$5:$AN$8972,0) ) ) / IFERROR($ND5/FRACAS!$AY$1*60,0), 1 )))} -> 1
C6: =IF('[1]17.11.2025 IASI18 Mileage'!C6="","",'[1]17.11.2025 IASI18 Mileage'!C6) -> 45978 | D6: =IF('[1]17.11.2025 IASI18 Mileage'!D6="","",'[1]17.11.2025 IASI18 Mileage'!D6) -> 7871 | E6: =IF('[1]17.11.2025 IASI18 Mileage'!E6="","",'[1]17.11.2025 IASI18 Mileage'!E6) -> 5283 | F6: =IF('[1]17.11.2025 IASI18 Mileage'!F6="","",'[1]17.11.2025 IASI18 Mileage'!F6) -> 7268 | G6: =IF('[1]17.11.2025 IASI18 Mileage'!G6="","",'[1]17.11.2025 IASI18 Mileage'!G6) -> 6845 | H6: =IF('[1]17.11.2025 IASI18 Mileage'!H6="","",'[1]17.11.2025 IASI18 Mileage'!H6) -> 6419 | I6: =IF('[1]17.11.2025 IASI18 Mileage'!I6="","",'[1]17.11.2025 IASI18 Mileage'!I6) -> 3319 | J6: =IF('[1]17.11.2025 IASI18 Mileage'!J6="","",'[1]17.11.2025 IASI18 Mileage'!J6) -> 3511 | ... U6: =IF('[1]17.11.2025 IASI18 Mileage'!U6="","",'[1]17.11.2025 IASI18 Mileage'!U6) -> 0 | DC6: =SUM(DE6:DT6) -> 30 | DD6: =IF(DC6>0,C6,"") -> 45978 | DE6: =IF(D6> 0,(COUNTIFS(FRACAS!$B$5:$B$8972, D$4, FRACAS!$D$5:$D$8972, "<="&D6)), "" ) -> 8 | DF6: =IF(E6> 0,(COUNTIFS(FRACAS!$B$5:$B$8972, E$4, FRACAS!$D$5:$D$8972, "<="&E6)), "" ) -> 3 | DG6: =IF(F6> 0,(COUNTIFS(FRACAS!$B$5:$B$8972, F$4, FRACAS!$D$5:$D$8972, "<="&F6)), "" ) -> 1 | DH6: =IF(G6> 0,(COUNTIFS(FRACAS!$B$5:$B$8972, G$4, FRACAS!$D$5:$D$8972, "<="&G6)), "" ) -> 4 | DI6: =IF(H6> 0,(COUNTIFS(FRACAS!$B$5:$B$8972, H$4, FRACAS!$D$5:$D$8972, "<="&H6)), "" ) -> 2 | DJ6: =IF(I6> 0,(COUNTIFS(FRACAS!$B$5:$B$8972, I$4, FRACAS!$D$5:$D$8972, "<="&I6)), "" ) -> 3 | DK6: =IF(J6> 0,(COUNTIFS(FRACAS!$B$5:$B$8972, J$4, FRACAS!$D$5:$D$8972, "<="&J6)), "" ) -> 3 | DL6: =IF(K6> 0,(COUNTIFS(FRACAS!$B$5:$B$8972, K$4, FRACAS!$D$5:$D$8972, "<="&K6)), "" ) -> 1 | ... ER6: =IF(AQ6> 0,(COUNTIFS(FRACAS!$B$5:$B$8972, AQ$4, FRACAS!$D$5:$D$8972, "<="&AQ6)), "" ) | LC6: =DD6 -> 45978 | LD6: {=IFERROR((((D6/FRACAS!$AY$1)*60 )-(SUMPRODUCT((FRACAS!$B$5:$B$8970=D$4)*(FRACAS!$D$5:$D$8970<=D6)*(IFERROR(FRACAS!$AM$5:$AM$8970,0))) ))/((D6/FRACAS!$AY$1)*60),"")} -> 0.46715792 | LE6: {=IFERROR((((E6/FRACAS!$AY$1)*60 )-(SUMPRODUCT((FRACAS!$B$5:$B$8970=E$4)*(FRACAS!$D$5:$D$8970<=E6)*(IFERROR(FRACAS!$AM$5:$AM$8970,0))) ))/((E6/FRACAS!$AY$1)*60),"")} -> 0.98977853 | LF6: {=IFERROR((((F6/FRACAS!$AY$1)*60 )-(SUMPRODUCT((FRACAS!$B$5:$B$8970=F$4)*(FRACAS!$D$5:$D$8970<=F6)*(IFERROR(FRACAS!$AM$5:$AM$8970,0))) ))/((F6/FRACAS!$AY$1)*60),"")} -> 0.99752339 | LG6: {=IFERROR((((G6/FRACAS!$AY$1)*60 )-(SUMPRODUCT((FRACAS!$B$5:$B$8970=G$4)*(FRACAS!$D$5:$D$8970<=G6)*(IFERROR(FRACAS!$AM$5:$AM$8970,0))) ))/((G6/FRACAS!$AY$1)*60),"")} -> 0.66866326 | LH6: {=IFERROR((((H6/FRACAS!$AY$1)*60 )-(SUMPRODUCT((FRACAS!$B$5:$B$8970=H$4)*(FRACAS!$D$5:$D$8970<=H6)*(IFERROR(FRACAS!$AM$5:$AM$8970,0))) ))/((H6/FRACAS!$AY$1)*60),"")} -> 0.71397414 | LI6: {=IFERROR((((I6/FRACAS!$AY$1)*60 )-(SUMPRODUCT((FRACAS!$B$5:$B$8970=I$4)*(FRACAS!$D$5:$D$8970<=I6)*(IFERROR(FRACAS!$AM$5:$AM$8970,0))) ))/((I6/FRACAS!$AY$1)*60),"")} -> 0.88068695 | LJ6: {=IFERROR((((J6/FRACAS!$AY$1)*60 )-(SUMPRODUCT((FRACAS!$B$5:$B$8970=J$4)*(FRACAS!$D$5:$D$8970<=J6)*(IFERROR(FRACAS!$AM$5:$AM$8970,0))) ))/((J6/FRACAS!$AY$1)*60),"")} -> 0.94873255 | LK6: {=IFERROR((((K6/FRACAS!$AY$1)*60 )-(SUMPRODUCT((FRACAS!$B$5:$B$8970=K$4)*(FRACAS!$D$5:$D$8970<=K6)*(IFERROR(FRACAS!$AM$5:$AM$8970,0))) ))/((K6/FRACAS!$AY$1)*60),"")} -> 1 | ... LU6: {=IFERROR((((U6/FRACAS!$AY$1)*60 )-(SUMPRODUCT((FRACAS!$B$5:$B$8970=U$4)*(FRACAS!$D$5:$D$8970<=U6)*(IFERROR(FRACAS!$AM$5:$AM$8970,0))) ))/((U6/FRACAS!$AY$1)*60),"")} | LV6: {=IFERROR( (((V6/FRACAS!$AY$1)*60)) / (((V6/FRACAS!$AY$1)*60) + SUMPRODUCT((FRACAS!$B$5:$B$8970=V$4)*(FRACAS!$D$5:$D$8970<=V6)*(IFERROR(FRACAS!$AM$5:$AM$8970,0))) ),"")} | LW6: {=IFERROR( (((W6/FRACAS!$AY$1)*60)) / (((W6/FRACAS!$AY$1)*60) + SUMPRODUCT((FRACAS!$B$5:$B$8970=W$4)*(FRACAS!$D$5:$D$8970<=W6)*(IFERROR(FRACAS!$AM$5:$AM$8970,0))) ),"")} | LX6: {=IFERROR( (((X6/FRACAS!$AY$1)*60)) / (((X6/FRACAS!$AY$1)*60) + SUMPRODUCT((FRACAS!$B$5:$B$8970=X$4)*(FRACAS!$D$5:$D$8970<=X6)*(IFERROR(FRACAS!$AM$5:$AM$8970,0))) ),"")} | LY6: {=IFERROR( (((Y6/FRACAS!$AY$1)*60)) / (((Y6/FRACAS!$AY$1)*60) + SUMPRODUCT((FRACAS!$B$5:$B$8970=Y$4)*(FRACAS!$D$5:$D$8970<=Y6)*(IFERROR(FRACAS!$AM$5:$AM$8970,0))) ),"")} | LZ6: {=IFERROR( (((Z6/FRACAS!$AY$1)*60)) / (((Z6/FRACAS!$AY$1)*60) + SUMPRODUCT((FRACAS!$B$5:$B$8970=Z$4)*(FRACAS!$D$5:$D$8970<=Z6)*(IFERROR(FRACAS!$AM$5:$AM$8970,0))) ),"")} | MA6: {=IFERROR( (((AA6/FRACAS!$AY$1)*60)) / (((AA6/FRACAS!$AY$1)*60) + SUMPRODUCT((FRACAS!$B$5:$B$8970=AA$4)*(FRACAS!$D$5:$D$8970<=AA6)*(IFERROR(FRACAS!$AM$5:$AM$8970,0))) ),"")} | MB6: {=IFERROR( (((AB6/FRACAS!$AY$1)*60)) / (((AB6/FRACAS!$AY$1)*60) + SUMPRODUCT((FRACAS!$B$5:$B$8970=AB$4)*(FRACAS!$D$5:$D$8970<=AB6)*(IFERROR(FRACAS!$AM$5:$AM$8970,0))) ),"")} | MC6: {=IFERROR( (((AC6/FRACAS!$AY$1)*60)) / (((AC6/FRACAS!$AY$1)*60) + SUMPRODUCT((FRACAS!$B$5:$B$8970=AC$4)*(FRACAS!$D$5:$D$8970<=AC6)*(IFERROR(FRACAS!$AM$5:$AM$8970,0))) ),"")} | ... MQ6: {=IFERROR( (((AQ6/FRACAS!$AY$1)*60)) / (((AQ6/FRACAS!$AY$1)*60) + SUMPRODUCT((FRACAS!$B$5:$B$8970=AQ$4)*(FRACAS!$D$5:$D$8970<=AQ6)*(IFERROR(FRACAS!$AM$5:$AM$8970,0))) ),"")} | ND6: =SUM(D6:CZ6) -> 42953 | NE6: =IF(ND6=0,"",C6) -> 45978 | NF6: {=IF($ND6=0,"",(IFERROR( (IFERROR($ND6/FRACAS!$AY$1*60,0) - SUMPRODUCT( (FRACAS!$K$5:$K$8972=NF$2) * IFERROR(FRACAS!$AN$5:$AN$8972,0) ) ) / IFERROR($ND6/FRACAS!$AY$1*60,0), 1 )))} -> 1 | NG6: {=IF($ND6=0,"",(IFERROR( (IFERROR($ND6/FRACAS!$AY$1*60,0) - SUMPRODUCT( (FRACAS!$K$5:$K$8972=NG$2) * IFERROR(FRACAS!$AN$5:$AN$8972,0) ) ) / IFERROR($ND6/FRACAS!$AY$1*60,0), 1 )))} -> 1 | NH6: {=IF($ND6=0,"",(IFERROR( (IFERROR($ND6/FRACAS!$AY$1*60,0) - SUMPRODUCT( (FRACAS!$K$5:$K$8972=NH$2) * IFERROR(FRACAS!$AN$5:$AN$8972,0) ) ) / IFERROR($ND6/FRACAS!$AY$1*60,0), 1 )))} -> 1 | NI6: {=IF($ND6=0,"",(IFERROR( (IFERROR($ND6/FRACAS!$AY$1*60,0) - SUMPRODUCT( (FRACAS!$K$5:$K$8972=NI$2) * IFERROR(FRACAS!$AN$5:$AN$8972,0) ) ) / IFERROR($ND6/FRACAS!$AY$1*60,0), 1 )))} -> 1 | NJ6: {=IF($ND6=0,"",(IFERROR( (IFERROR($ND6/FRACAS!$AY$1*60,0) - SUMPRODUCT( (FRACAS!$K$5:$K$8972=NJ$2) * IFERROR(FRACAS!$AN$5:$AN$8972,0) ) ) / IFERROR($ND6/FRACAS!$AY$1*60,0), 1 )))} -> 1 | NK6: {=IF($ND6=0,"",(IFERROR( (IFERROR($ND6/FRACAS!$AY$1*60,0) - SUMPRODUCT( (FRACAS!$K$5:$K$8972=NK$2) * IFERROR(FRACAS!$AN$5:$AN$8972,0) ) ) / IFERROR($ND6/FRACAS!$AY$1*60,0), 1 )))} -> 1 | NL6: {=IF($ND6=0,"",(IFERROR( (IFERROR($ND6/FRACAS!$AY$1*60,0) - SUMPRODUCT( (FRACAS!$K$5:$K$8972=NL$2) * IFERROR(FRACAS!$AN$5:$AN$8972,0) ) ) / IFERROR($ND6/FRACAS!$AY$1*60,0), 1 )))} -> 1 | NM6: {=IF($ND6=0,"",(IFERROR( (IFERROR($ND6/FRACAS!$AY$1*60,0) - SUMPRODUCT( (FRACAS!$K$5:$K$8972=NM$2) * IFERROR(FRACAS!$AN$5:$AN$8972,0) ) ) / IFERROR($ND6/FRACAS!$AY$1*60,0), 1 )))} -> 1 | ... OT6: {=IF($ND6=0,"",(IFERROR( (IFERROR($ND6/FRACAS!$AY$1*60,0) - SUMPRODUCT( (FRACAS!$K$5:$K$8972=OT$2) * IFERROR(FRACAS!$AN$5:$AN$8972,0) ) ) / IFERROR($ND6/FRACAS!$AY$1*60,0), 1 )))} -> 1
C7: =IF('[1]17.11.2025 IASI18 Mileage'!C7="","",'[1]17.11.2025 IASI18 Mileage'!C7) -> 45985 | D7: =IF('[1]17.11.2025 IASI18 Mileage'!D7="","",'[1]17.11.2025 IASI18 Mileage'!D7) -> 8739 | E7: =IF('[1]17.11.2025 IASI18 Mileage'!E7="","",'[1]17.11.2025 IASI18 Mileage'!E7) -> 5283 | F7: =IF('[1]17.11.2025 IASI18 Mileage'!F7="","",'[1]17.11.2025 IASI18 Mileage'!F7) -> 8350 | G7: =IF('[1]17.11.2025 IASI18 Mileage'!G7="","",'[1]17.11.2025 IASI18 Mileage'!G7) -> 7784 | H7: =IF('[1]17.11.2025 IASI18 Mileage'!H7="","",'[1]17.11.2025 IASI18 Mileage'!H7) -> 7710 | I7: =IF('[1]17.11.2025 IASI18 Mileage'!I7="","",'[1]17.11.2025 IASI18 Mileage'!I7) -> 3961 | J7: =IF('[1]17.11.2025 IASI18 Mileage'!J7="","",'[1]17.11.2025 IASI18 Mileage'!J7) -> 4932 | ... U7: =IF('[1]17.11.2025 IASI18 Mileage'!U7="","",'[1]17.11.2025 IASI18 Mileage'!U7) -> 0 | DC7: =SUM(DE7:DT7) -> 34 | DD7: =IF(DC7>0,C7,"") -> 45985 | DE7: =IF(D7> 0,(COUNTIFS(FRACAS!$B$5:$B$8972, D$4, FRACAS!$D$5:$D$8972, "<="&D7)), "" ) -> 9 | DF7: =IF(E7> 0,(COUNTIFS(FRACAS!$B$5:$B$8972, E$4, FRACAS!$D$5:$D$8972, "<="&E7)), "" ) -> 3 | DG7: =IF(F7> 0,(COUNTIFS(FRACAS!$B$5:$B$8972, F$4, FRACAS!$D$5:$D$8972, "<="&F7)), "" ) -> 1 | DH7: =IF(G7> 0,(COUNTIFS(FRACAS!$B$5:$B$8972, G$4, FRACAS!$D$5:$D$8972, "<="&G7)), "" ) -> 5 | DI7: =IF(H7> 0,(COUNTIFS(FRACAS!$B$5:$B$8972, H$4, FRACAS!$D$5:$D$8972, "<="&H7)), "" ) -> 2 | DJ7: =IF(I7> 0,(COUNTIFS(FRACAS!$B$5:$B$8972, I$4, FRACAS!$D$5:$D$8972, "<="&I7)), "" ) -> 3 | DK7: =IF(J7> 0,(COUNTIFS(FRACAS!$B$5:$B$8972, J$4, FRACAS!$D$5:$D$8972, "<="&J7)), "" ) -> 3 | DL7: =IF(K7> 0,(COUNTIFS(FRACAS!$B$5:$B$8972, K$4, FRACAS!$D$5:$D$8972, "<="&K7)), "" ) -> 1 | ... ER7: =IF(AQ7> 0,(COUNTIFS(FRACAS!$B$5:$B$8972, AQ$4, FRACAS!$D$5:$D$8972, "<="&AQ7)), "" ) | LC7: =DD7 -> 45985 | LD7: {=IFERROR((((D7/FRACAS!$AY$1)*60 )-(SUMPRODUCT((FRACAS!$B$5:$B$8970=D$4)*(FRACAS!$D$5:$D$8970<=D7)*(IFERROR(FRACAS!$AM$5:$AM$8970,0))) ))/((D7/FRACAS!$AY$1)*60),"")} -> 0.48300721 | LE7: {=IFERROR((((E7/FRACAS!$AY$1)*60 )-(SUMPRODUCT((FRACAS!$B$5:$B$8970=E$4)*(FRACAS!$D$5:$D$8970<=E7)*(IFERROR(FRACAS!$AM$5:$AM$8970,0))) ))/((E7/FRACAS!$AY$1)*60),"")} -> 0.98977853 | LF7: {=IFERROR((((F7/FRACAS!$AY$1)*60 )-(SUMPRODUCT((FRACAS!$B$5:$B$8970=F$4)*(FRACAS!$D$5:$D$8970<=F7)*(IFERROR(FRACAS!$AM$5:$AM$8970,0))) ))/((F7/FRACAS!$AY$1)*60),"")} -> 0.99784431 | LG7: {=IFERROR((((G7/FRACAS!$AY$1)*60 )-(SUMPRODUCT((FRACAS!$B$5:$B$8970=G$4)*(FRACAS!$D$5:$D$8970<=G7)*(IFERROR(FRACAS!$AM$5:$AM$8970,0))) ))/((G7/FRACAS!$AY$1)*60),"")} -> 0.70516444 | LH7: {=IFERROR((((H7/FRACAS!$AY$1)*60 )-(SUMPRODUCT((FRACAS!$B$5:$B$8970=H$4)*(FRACAS!$D$5:$D$8970<=H7)*(IFERROR(FRACAS!$AM$5:$AM$8970,0))) ))/((H7/FRACAS!$AY$1)*60),"")} -> 0.7618677 | LI7: {=IFERROR((((I7/FRACAS!$AY$1)*60 )-(SUMPRODUCT((FRACAS!$B$5:$B$8970=I$4)*(FRACAS!$D$5:$D$8970<=I7)*(IFERROR(FRACAS!$AM$5:$AM$8970,0))) ))/((I7/FRACAS!$AY$1)*60),"")} -> 0.90002525 | LJ7: {=IFERROR((((J7/FRACAS!$AY$1)*60 )-(SUMPRODUCT((FRACAS!$B$5:$B$8970=J$4)*(FRACAS!$D$5:$D$8970<=J7)*(IFERROR(FRACAS!$AM$5:$AM$8970,0))) ))/((J7/FRACAS!$AY$1)*60),"")} -> 0.96350365 | LK7: {=IFERROR((((K7/FRACAS!$AY$1)*60 )-(SUMPRODUCT((FRACAS!$B$5:$B$8970=K$4)*(FRACAS!$D$5:$D$8970<=K7)*(IFERROR(FRACAS!$AM$5:$AM$8970,0))) ))/((K7/FRACAS!$AY$1)*60),"")} -> 1 | ... LU7: {=IFERROR((((U7/FRACAS!$AY$1)*60 )-(SUMPRODUCT((FRACAS!$B$5:$B$8970=U$4)*(FRACAS!$D$5:$D$8970<=U7)*(IFERROR(FRACAS!$AM$5:$AM$8970,0))) ))/((U7/FRACAS!$AY$1)*60),"")} | LV7: {=IFERROR( (((V7/FRACAS!$AY$1)*60)) / (((V7/FRACAS!$AY$1)*60) + SUMPRODUCT((FRACAS!$B$5:$B$8970=V$4)*(FRACAS!$D$5:$D$8970<=V7)*(IFERROR(FRACAS!$AM$5:$AM$8970,0))) ),"")} | LW7: {=IFERROR( (((W7/FRACAS!$AY$1)*60)) / (((W7/FRACAS!$AY$1)*60) + SUMPRODUCT((FRACAS!$B$5:$B$8970=W$4)*(FRACAS!$D$5:$D$8970<=W7)*(IFERROR(FRACAS!$AM$5:$AM$8970,0))) ),"")} | LX7: {=IFERROR( (((X7/FRACAS!$AY$1)*60)) / (((X7/FRACAS!$AY$1)*60) + SUMPRODUCT((FRACAS!$B$5:$B$8970=X$4)*(FRACAS!$D$5:$D$8970<=X7)*(IFERROR(FRACAS!$AM$5:$AM$8970,0))) ),"")} | LY7: {=IFERROR( (((Y7/FRACAS!$AY$1)*60)) / (((Y7/FRACAS!$AY$1)*60) + SUMPRODUCT((FRACAS!$B$5:$B$8970=Y$4)*(FRACAS!$D$5:$D$8970<=Y7)*(IFERROR(FRACAS!$AM$5:$AM$8970,0))) ),"")} | LZ7: {=IFERROR( (((Z7/FRACAS!$AY$1)*60)) / (((Z7/FRACAS!$AY$1)*60) + SUMPRODUCT((FRACAS!$B$5:$B$8970=Z$4)*(FRACAS!$D$5:$D$8970<=Z7)*(IFERROR(FRACAS!$AM$5:$AM$8970,0))) ),"")} | MA7: {=IFERROR( (((AA7/FRACAS!$AY$1)*60)) / (((AA7/FRACAS!$AY$1)*60) + SUMPRODUCT((FRACAS!$B$5:$B$8970=AA$4)*(FRACAS!$D$5:$D$8970<=AA7)*(IFERROR(FRACAS!$AM$5:$AM$8970,0))) ),"")} | MB7: {=IFERROR( (((AB7/FRACAS!$AY$1)*60)) / (((AB7/FRACAS!$AY$1)*60) + SUMPRODUCT((FRACAS!$B$5:$B$8970=AB$4)*(FRACAS!$D$5:$D$8970<=AB7)*(IFERROR(FRACAS!$AM$5:$AM$8970,0))) ),"")} | MC7: {=IFERROR( (((AC7/FRACAS!$AY$1)*60)) / (((AC7/FRACAS!$AY$1)*60) + SUMPRODUCT((FRACAS!$B$5:$B$8970=AC$4)*(FRACAS!$D$5:$D$8970<=AC7)*(IFERROR(FRACAS!$AM$5:$AM$8970,0))) ),"")} | ... MQ7: {=IFERROR( (((AQ7/FRACAS!$AY$1)*60)) / (((AQ7/FRACAS!$AY$1)*60) + SUMPRODUCT((FRACAS!$B$5:$B$8970=AQ$4)*(FRACAS!$D$5:$D$8970<=AQ7)*(IFERROR(FRACAS!$AM$5:$AM$8970,0))) ),"")} | ND7: =SUM(D7:CZ7) -> 51236 | NE7: =IF(ND7=0,"",C7) -> 45985 | NF7: {=IF($ND7=0,"",(IFERROR( (IFERROR($ND7/FRACAS!$AY$1*60,0) - SUMPRODUCT( (FRACAS!$K$5:$K$8972=NF$2) * IFERROR(FRACAS!$AN$5:$AN$8972,0) ) ) / IFERROR($ND7/FRACAS!$AY$1*60,0), 1 )))} -> 1 | NG7: {=IF($ND7=0,"",(IFERROR( (IFERROR($ND7/FRACAS!$AY$1*60,0) - SUMPRODUCT( (FRACAS!$K$5:$K$8972=NG$2) * IFERROR(FRACAS!$AN$5:$AN$8972,0) ) ) / IFERROR($ND7/FRACAS!$AY$1*60,0), 1 )))} -> 1 | NH7: {=IF($ND7=0,"",(IFERROR( (IFERROR($ND7/FRACAS!$AY$1*60,0) - SUMPRODUCT( (FRACAS!$K$5:$K$8972=NH$2) * IFERROR(FRACAS!$AN$5:$AN$8972,0) ) ) / IFERROR($ND7/FRACAS!$AY$1*60,0), 1 )))} -> 1 | NI7: {=IF($ND7=0,"",(IFERROR( (IFERROR($ND7/FRACAS!$AY$1*60,0) - SUMPRODUCT( (FRACAS!$K$5:$K$8972=NI$2) * IFERROR(FRACAS!$AN$5:$AN$8972,0) ) ) / IFERROR($ND7/FRACAS!$AY$1*60,0), 1 )))} -> 1 | NJ7: {=IF($ND7=0,"",(IFERROR( (IFERROR($ND7/FRACAS!$AY$1*60,0) - SUMPRODUCT( (FRACAS!$K$5:$K$8972=NJ$2) * IFERROR(FRACAS!$AN$5:$AN$8972,0) ) ) / IFERROR($ND7/FRACAS!$AY$1*60,0), 1 )))} -> 1 | NK7: {=IF($ND7=0,"",(IFERROR( (IFERROR($ND7/FRACAS!$AY$1*60,0) - SUMPRODUCT( (FRACAS!$K$5:$K$8972=NK$2) * IFERROR(FRACAS!$AN$5:$AN$8972,0) ) ) / IFERROR($ND7/FRACAS!$AY$1*60,0), 1 )))} -> 1 | NL7: {=IF($ND7=0,"",(IFERROR( (IFERROR($ND7/FRACAS!$AY$1*60,0) - SUMPRODUCT( (FRACAS!$K$5:$K$8972=NL$2) * IFERROR(FRACAS!$AN$5:$AN$8972,0) ) ) / IFERROR($ND7/FRACAS!$AY$1*60,0), 1 )))} -> 1 | NM7: {=IF($ND7=0,"",(IFERROR( (IFERROR($ND7/FRACAS!$AY$1*60,0) - SUMPRODUCT( (FRACAS!$K$5:$K$8972=NM$2) * IFERROR(FRACAS!$AN$5:$AN$8972,0) ) ) / IFERROR($ND7/FRACAS!$AY$1*60,0), 1 )))} -> 1 | ... OT7: {=IF($ND7=0,"",(IFERROR( (IFERROR($ND7/FRACAS!$AY$1*60,0) - SUMPRODUCT( (FRACAS!$K$5:$K$8972=OT$2) * IFERROR(FRACAS!$AN$5:$AN$8972,0) ) ) / IFERROR($ND7/FRACAS!$AY$1*60,0), 1 )))} -> 1
C8: =IF('[1]17.11.2025 IASI18 Mileage'!C8="","",'[1]17.11.2025 IASI18 Mileage'!C8) -> 45993 | D8: =IF('[1]17.11.2025 IASI18 Mileage'!D8="","",'[1]17.11.2025 IASI18 Mileage'!D8) -> 9034 | E8: =IF('[1]17.11.2025 IASI18 Mileage'!E8="","",'[1]17.11.2025 IASI18 Mileage'!E8) -> 5283 | F8: =IF('[1]17.11.2025 IASI18 Mileage'!F8="","",'[1]17.11.2025 IASI18 Mileage'!F8) -> 9606 | G8: =IF('[1]17.11.2025 IASI18 Mileage'!G8="","",'[1]17.11.2025 IASI18 Mileage'!G8) -> 9039 | H8: =IF('[1]17.11.2025 IASI18 Mileage'!H8="","",'[1]17.11.2025 IASI18 Mileage'!H8) -> 8174 | I8: =IF('[1]17.11.2025 IASI18 Mileage'!I8="","",'[1]17.11.2025 IASI18 Mileage'!I8) -> 5249 | J8: =IF('[1]17.11.2025 IASI18 Mileage'!J8="","",'[1]17.11.2025 IASI18 Mileage'!J8) -> 5839 | ... U8: =IF('[1]17.11.2025 IASI18 Mileage'!U8="","",'[1]17.11.2025 IASI18 Mileage'!U8) -> 0 | DC8: =SUM(DE8:DT8) -> 34 | DD8: =IF(DC8>0,C8,"") -> 45993 | DE8: =IF(D8> 0,(COUNTIFS(FRACAS!$B$5:$B$8972, D$4, FRACAS!$D$5:$D$8972, "<="&D8)), "" ) -> 9 | DF8: =IF(E8> 0,(COUNTIFS(FRACAS!$B$5:$B$8972, E$4, FRACAS!$D$5:$D$8972, "<="&E8)), "" ) -> 3 | DG8: =IF(F8> 0,(COUNTIFS(FRACAS!$B$5:$B$8972, F$4, FRACAS!$D$5:$D$8972, "<="&F8)), "" ) -> 1 | DH8: =IF(G8> 0,(COUNTIFS(FRACAS!$B$5:$B$8972, G$4, FRACAS!$D$5:$D$8972, "<="&G8)), "" ) -> 5 | DI8: =IF(H8> 0,(COUNTIFS(FRACAS!$B$5:$B$8972, H$4, FRACAS!$D$5:$D$8972, "<="&H8)), "" ) -> 2 | DJ8: =IF(I8> 0,(COUNTIFS(FRACAS!$B$5:$B$8972, I$4, FRACAS!$D$5:$D$8972, "<="&I8)), "" ) -> 3 | DK8: =IF(J8> 0,(COUNTIFS(FRACAS!$B$5:$B$8972, J$4, FRACAS!$D$5:$D$8972, "<="&J8)), "" ) -> 3 | DL8: =IF(K8> 0,(COUNTIFS(FRACAS!$B$5:$B$8972, K$4, FRACAS!$D$5:$D$8972, "<="&K8)), "" ) -> 1 | ... ER8: =IF(AQ8> 0,(COUNTIFS(FRACAS!$B$5:$B$8972, AQ$4, FRACAS!$D$5:$D$8972, "<="&AQ8)), "" ) | LC8: =DD8 -> 45993 | LD8: {=IFERROR((((D8/FRACAS!$AY$1)*60 )-(SUMPRODUCT((FRACAS!$B$5:$B$8970=D$4)*(FRACAS!$D$5:$D$8970<=D8)*(IFERROR(FRACAS!$AM$5:$AM$8970,0))) ))/((D8/FRACAS!$AY$1)*60),"")} -> 0.49988931 | LE8: {=IFERROR((((E8/FRACAS!$AY$1)*60 )-(SUMPRODUCT((FRACAS!$B$5:$B$8970=E$4)*(FRACAS!$D$5:$D$8970<=E8)*(IFERROR(FRACAS!$AM$5:$AM$8970,0))) ))/((E8/FRACAS!$AY$1)*60),"")} -> 0.98977853 | LF8: {=IFERROR((((F8/FRACAS!$AY$1)*60 )-(SUMPRODUCT((FRACAS!$B$5:$B$8970=F$4)*(FRACAS!$D$5:$D$8970<=F8)*(IFERROR(FRACAS!$AM$5:$AM$8970,0))) ))/((F8/FRACAS!$AY$1)*60),"")} -> 0.99812617 | LG8: {=IFERROR((((G8/FRACAS!$AY$1)*60 )-(SUMPRODUCT((FRACAS!$B$5:$B$8970=G$4)*(FRACAS!$D$5:$D$8970<=G8)*(IFERROR(FRACAS!$AM$5:$AM$8970,0))) ))/((G8/FRACAS!$AY$1)*60),"")} -> 0.74610023 | LH8: {=IFERROR((((H8/FRACAS!$AY$1)*60 )-(SUMPRODUCT((FRACAS!$B$5:$B$8970=H$4)*(FRACAS!$D$5:$D$8970<=H8)*(IFERROR(FRACAS!$AM$5:$AM$8970,0))) ))/((H8/FRACAS!$AY$1)*60),"")} -> 0.77538537 | LI8: {=IFERROR((((I8/FRACAS!$AY$1)*60 )-(SUMPRODUCT((FRACAS!$B$5:$B$8970=I$4)*(FRACAS!$D$5:$D$8970<=I8)*(IFERROR(FRACAS!$AM$5:$AM$8970,0))) ))/((I8/FRACAS!$AY$1)*60),"")} -> 0.92455706 | LJ8: {=IFERROR((((J8/FRACAS!$AY$1)*60 )-(SUMPRODUCT((FRACAS!$B$5:$B$8970=J$4)*(FRACAS!$D$5:$D$8970<=J8)*(IFERROR(FRACAS!$AM$5:$AM$8970,0))) ))/((J8/FRACAS!$AY$1)*60),"")} -> 0.9691728 | LK8: {=IFERROR((((K8/FRACAS!$AY$1)*60 )-(SUMPRODUCT((FRACAS!$B$5:$B$8970=K$4)*(FRACAS!$D$5:$D$8970<=K8)*(IFERROR(FRACAS!$AM$5:$AM$8970,0))) ))/((K8/FRACAS!$AY$1)*60),"")} -> 1 | ... LU8: {=IFERROR((((U8/FRACAS!$AY$1)*60 )-(SUMPRODUCT((FRACAS!$B$5:$B$8970=U$4)*(FRACAS!$D$5:$D$8970<=U8)*(IFERROR(FRACAS!$AM$5:$AM$8970,0))) ))/((U8/FRACAS!$AY$1)*60),"")} | LV8: {=IFERROR( (((V8/FRACAS!$AY$1)*60)) / (((V8/FRACAS!$AY$1)*60) + SUMPRODUCT((FRACAS!$B$5:$B$8970=V$4)*(FRACAS!$D$5:$D$8970<=V8)*(IFERROR(FRACAS!$AM$5:$AM$8970,0))) ),"")} | LW8: {=IFERROR( (((W8/FRACAS!$AY$1)*60)) / (((W8/FRACAS!$AY$1)*60) + SUMPRODUCT((FRACAS!$B$5:$B$8970=W$4)*(FRACAS!$D$5:$D$8970<=W8)*(IFERROR(FRACAS!$AM$5:$AM$8970,0))) ),"")} | LX8: {=IFERROR( (((X8/FRACAS!$AY$1)*60)) / (((X8/FRACAS!$AY$1)*60) + SUMPRODUCT((FRACAS!$B$5:$B$8970=X$4)*(FRACAS!$D$5:$D$8970<=X8)*(IFERROR(FRACAS!$AM$5:$AM$8970,0))) ),"")} | LY8: {=IFERROR( (((Y8/FRACAS!$AY$1)*60)) / (((Y8/FRACAS!$AY$1)*60) + SUMPRODUCT((FRACAS!$B$5:$B$8970=Y$4)*(FRACAS!$D$5:$D$8970<=Y8)*(IFERROR(FRACAS!$AM$5:$AM$8970,0))) ),"")} | LZ8: {=IFERROR( (((Z8/FRACAS!$AY$1)*60)) / (((Z8/FRACAS!$AY$1)*60) + SUMPRODUCT((FRACAS!$B$5:$B$8970=Z$4)*(FRACAS!$D$5:$D$8970<=Z8)*(IFERROR(FRACAS!$AM$5:$AM$8970,0))) ),"")} | MA8: {=IFERROR( (((AA8/FRACAS!$AY$1)*60)) / (((AA8/FRACAS!$AY$1)*60) + SUMPRODUCT((FRACAS!$B$5:$B$8970=AA$4)*(FRACAS!$D$5:$D$8970<=AA8)*(IFERROR(FRACAS!$AM$5:$AM$8970,0))) ),"")} | MB8: {=IFERROR( (((AB8/FRACAS!$AY$1)*60)) / (((AB8/FRACAS!$AY$1)*60) + SUMPRODUCT((FRACAS!$B$5:$B$8970=AB$4)*(FRACAS!$D$5:$D$8970<=AB8)*(IFERROR(FRACAS!$AM$5:$AM$8970,0))) ),"")} | MC8: {=IFERROR( (((AC8/FRACAS!$AY$1)*60)) / (((AC8/FRACAS!$AY$1)*60) + SUMPRODUCT((FRACAS!$B$5:$B$8970=AC$4)*(FRACAS!$D$5:$D$8970<=AC8)*(IFERROR(FRACAS!$AM$5:$AM$8970,0))) ),"")} | ... MQ8: {=IFERROR( (((AQ8/FRACAS!$AY$1)*60)) / (((AQ8/FRACAS!$AY$1)*60) + SUMPRODUCT((FRACAS!$B$5:$B$8970=AQ$4)*(FRACAS!$D$5:$D$8970<=AQ8)*(IFERROR(FRACAS!$AM$5:$AM$8970,0))) ),"")} | ND8: =SUM(D8:CZ8) -> 60300 | NE8: =IF(ND8=0,"",C8) -> 45993 | NF8: {=IF($ND8=0,"",(IFERROR( (IFERROR($ND8/FRACAS!$AY$1*60,0) - SUMPRODUCT( (FRACAS!$K$5:$K$8972=NF$2) * IFERROR(FRACAS!$AN$5:$AN$8972,0) ) ) / IFERROR($ND8/FRACAS!$AY$1*60,0), 1 )))} -> 1 | NG8: {=IF($ND8=0,"",(IFERROR( (IFERROR($ND8/FRACAS!$AY$1*60,0) - SUMPRODUCT( (FRACAS!$K$5:$K$8972=NG$2) * IFERROR(FRACAS!$AN$5:$AN$8972,0) ) ) / IFERROR($ND8/FRACAS!$AY$1*60,0), 1 )))} -> 1 | NH8: {=IF($ND8=0,"",(IFERROR( (IFERROR($ND8/FRACAS!$AY$1*60,0) - SUMPRODUCT( (FRACAS!$K$5:$K$8972=NH$2) * IFERROR(FRACAS!$AN$5:$AN$8972,0) ) ) / IFERROR($ND8/FRACAS!$AY$1*60,0), 1 )))} -> 1 | NI8: {=IF($ND8=0,"",(IFERROR( (IFERROR($ND8/FRACAS!$AY$1*60,0) - SUMPRODUCT( (FRACAS!$K$5:$K$8972=NI$2) * IFERROR(FRACAS!$AN$5:$AN$8972,0) ) ) / IFERROR($ND8/FRACAS!$AY$1*60,0), 1 )))} -> 1 | NJ8: {=IF($ND8=0,"",(IFERROR( (IFERROR($ND8/FRACAS!$AY$1*60,0) - SUMPRODUCT( (FRACAS!$K$5:$K$8972=NJ$2) * IFERROR(FRACAS!$AN$5:$AN$8972,0) ) ) / IFERROR($ND8/FRACAS!$AY$1*60,0), 1 )))} -> 1 | NK8: {=IF($ND8=0,"",(IFERROR( (IFERROR($ND8/FRACAS!$AY$1*60,0) - SUMPRODUCT( (FRACAS!$K$5:$K$8972=NK$2) * IFERROR(FRACAS!$AN$5:$AN$8972,0) ) ) / IFERROR($ND8/FRACAS!$AY$1*60,0), 1 )))} -> 1 | NL8: {=IF($ND8=0,"",(IFERROR( (IFERROR($ND8/FRACAS!$AY$1*60,0) - SUMPRODUCT( (FRACAS!$K$5:$K$8972=NL$2) * IFERROR(FRACAS!$AN$5:$AN$8972,0) ) ) / IFERROR($ND8/FRACAS!$AY$1*60,0), 1 )))} -> 1 | NM8: {=IF($ND8=0,"",(IFERROR( (IFERROR($ND8/FRACAS!$AY$1*60,0) - SUMPRODUCT( (FRACAS!$K$5:$K$8972=NM$2) * IFERROR(FRACAS!$AN$5:$AN$8972,0) ) ) / IFERROR($ND8/FRACAS!$AY$1*60,0), 1 )))} -> 1 | ... OT8: {=IF($ND8=0,"",(IFERROR( (IFERROR($ND8/FRACAS!$AY$1*60,0) - SUMPRODUCT( (FRACAS!$K$5:$K$8972=OT$2) * IFERROR(FRACAS!$AN$5:$AN$8972,0) ) ) / IFERROR($ND8/FRACAS!$AY$1*60,0), 1 )))} -> 1
C9: =IF('[1]17.11.2025 IASI18 Mileage'!C9="","",'[1]17.11.2025 IASI18 Mileage'!C9) -> 45999 | D9: =IF('[1]17.11.2025 IASI18 Mileage'!D9="","",'[1]17.11.2025 IASI18 Mileage'!D9) | E9: =IF('[1]17.11.2025 IASI18 Mileage'!E9="","",'[1]17.11.2025 IASI18 Mileage'!E9) | F9: =IF('[1]17.11.2025 IASI18 Mileage'!F9="","",'[1]17.11.2025 IASI18 Mileage'!F9) | G9: =IF('[1]17.11.2025 IASI18 Mileage'!G9="","",'[1]17.11.2025 IASI18 Mileage'!G9) | H9: =IF('[1]17.11.2025 IASI18 Mileage'!H9="","",'[1]17.11.2025 IASI18 Mileage'!H9) | I9: =IF('[1]17.11.2025 IASI18 Mileage'!I9="","",'[1]17.11.2025 IASI18 Mileage'!I9) | J9: =IF('[1]17.11.2025 IASI18 Mileage'!J9="","",'[1]17.11.2025 IASI18 Mileage'!J9) | ... U9: =IF('[1]17.11.2025 IASI18 Mileage'!U9="","",'[1]17.11.2025 IASI18 Mileage'!U9) | DC9: =SUM(DE9:DT9) -> 0 | DD9: =IF(DC9>0,C9,"") | DE9: =IF(D9> 0,(COUNTIFS(FRACAS!$B$5:$B$8972, D$4, FRACAS!$D$5:$D$8972, "<="&D9)), "" ) -> 0 | DF9: =IF(E9> 0,(COUNTIFS(FRACAS!$B$5:$B$8972, E$4, FRACAS!$D$5:$D$8972, "<="&E9)), "" ) -> 0 | DG9: =IF(F9> 0,(COUNTIFS(FRACAS!$B$5:$B$8972, F$4, FRACAS!$D$5:$D$8972, "<="&F9)), "" ) -> 0 | DH9: =IF(G9> 0,(COUNTIFS(FRACAS!$B$5:$B$8972, G$4, FRACAS!$D$5:$D$8972, "<="&G9)), "" ) -> 0 | DI9: =IF(H9> 0,(COUNTIFS(FRACAS!$B$5:$B$8972, H$4, FRACAS!$D$5:$D$8972, "<="&H9)), "" ) -> 0 | DJ9: =IF(I9> 0,(COUNTIFS(FRACAS!$B$5:$B$8972, I$4, FRACAS!$D$5:$D$8972, "<="&I9)), "" ) -> 0 | DK9: =IF(J9> 0,(COUNTIFS(FRACAS!$B$5:$B$8972, J$4, FRACAS!$D$5:$D$8972, "<="&J9)), "" ) -> 0 | DL9: =IF(K9> 0,(COUNTIFS(FRACAS!$B$5:$B$8972, K$4, FRACAS!$D$5:$D$8972, "<="&K9)), "" ) -> 0 | ... ER9: =IF(AQ9> 0,(COUNTIFS(FRACAS!$B$5:$B$8972, AQ$4, FRACAS!$D$5:$D$8972, "<="&AQ9)), "" ) | LC9: =DD9 | LD9: {=IFERROR((((D9/FRACAS!$AY$1)*60 )-(SUMPRODUCT((FRACAS!$B$5:$B$8970=D$4)*(FRACAS!$D$5:$D$8970<=D9)*(IFERROR(FRACAS!$AM$5:$AM$8970,0))) ))/((D9/FRACAS!$AY$1)*60),"")} | LE9: {=IFERROR((((E9/FRACAS!$AY$1)*60 )-(SUMPRODUCT((FRACAS!$B$5:$B$8970=E$4)*(FRACAS!$D$5:$D$8970<=E9)*(IFERROR(FRACAS!$AM$5:$AM$8970,0))) ))/((E9/FRACAS!$AY$1)*60),"")} | LF9: {=IFERROR((((F9/FRACAS!$AY$1)*60 )-(SUMPRODUCT((FRACAS!$B$5:$B$8970=F$4)*(FRACAS!$D$5:$D$8970<=F9)*(IFERROR(FRACAS!$AM$5:$AM$8970,0))) ))/((F9/FRACAS!$AY$1)*60),"")} | LG9: {=IFERROR((((G9/FRACAS!$AY$1)*60 )-(SUMPRODUCT((FRACAS!$B$5:$B$8970=G$4)*(FRACAS!$D$5:$D$8970<=G9)*(IFERROR(FRACAS!$AM$5:$AM$8970,0))) ))/((G9/FRACAS!$AY$1)*60),"")} | LH9: {=IFERROR((((H9/FRACAS!$AY$1)*60 )-(SUMPRODUCT((FRACAS!$B$5:$B$8970=H$4)*(FRACAS!$D$5:$D$8970<=H9)*(IFERROR(FRACAS!$AM$5:$AM$8970,0))) ))/((H9/FRACAS!$AY$1)*60),"")} | LI9: {=IFERROR((((I9/FRACAS!$AY$1)*60 )-(SUMPRODUCT((FRACAS!$B$5:$B$8970=I$4)*(FRACAS!$D$5:$D$8970<=I9)*(IFERROR(FRACAS!$AM$5:$AM$8970,0))) ))/((I9/FRACAS!$AY$1)*60),"")} | LJ9: {=IFERROR((((J9/FRACAS!$AY$1)*60 )-(SUMPRODUCT((FRACAS!$B$5:$B$8970=J$4)*(FRACAS!$D$5:$D$8970<=J9)*(IFERROR(FRACAS!$AM$5:$AM$8970,0))) ))/((J9/FRACAS!$AY$1)*60),"")} | LK9: {=IFERROR((((K9/FRACAS!$AY$1)*60 )-(SUMPRODUCT((FRACAS!$B$5:$B$8970=K$4)*(FRACAS!$D$5:$D$8970<=K9)*(IFERROR(FRACAS!$AM$5:$AM$8970,0))) ))/((K9/FRACAS!$AY$1)*60),"")} | ... LU9: {=IFERROR((((U9/FRACAS!$AY$1)*60 )-(SUMPRODUCT((FRACAS!$B$5:$B$8970=U$4)*(FRACAS!$D$5:$D$8970<=U9)*(IFERROR(FRACAS!$AM$5:$AM$8970,0))) ))/((U9/FRACAS!$AY$1)*60),"")} | LV9: {=IFERROR( (((V9/FRACAS!$AY$1)*60)) / (((V9/FRACAS!$AY$1)*60) + SUMPRODUCT((FRACAS!$B$5:$B$8970=V$4)*(FRACAS!$D$5:$D$8970<=V9)*(IFERROR(FRACAS!$AM$5:$AM$8970,0))) ),"")} | LW9: {=IFERROR( (((W9/FRACAS!$AY$1)*60)) / (((W9/FRACAS!$AY$1)*60) + SUMPRODUCT((FRACAS!$B$5:$B$8970=W$4)*(FRACAS!$D$5:$D$8970<=W9)*(IFERROR(FRACAS!$AM$5:$AM$8970,0))) ),"")} | LX9: {=IFERROR( (((X9/FRACAS!$AY$1)*60)) / (((X9/FRACAS!$AY$1)*60) + SUMPRODUCT((FRACAS!$B$5:$B$8970=X$4)*(FRACAS!$D$5:$D$8970<=X9)*(IFERROR(FRACAS!$AM$5:$AM$8970,0))) ),"")} | LY9: {=IFERROR( (((Y9/FRACAS!$AY$1)*60)) / (((Y9/FRACAS!$AY$1)*60) + SUMPRODUCT((FRACAS!$B$5:$B$8970=Y$4)*(FRACAS!$D$5:$D$8970<=Y9)*(IFERROR(FRACAS!$AM$5:$AM$8970,0))) ),"")} | LZ9: {=IFERROR( (((Z9/FRACAS!$AY$1)*60)) / (((Z9/FRACAS!$AY$1)*60) + SUMPRODUCT((FRACAS!$B$5:$B$8970=Z$4)*(FRACAS!$D$5:$D$8970<=Z9)*(IFERROR(FRACAS!$AM$5:$AM$8970,0))) ),"")} | MA9: {=IFERROR( (((AA9/FRACAS!$AY$1)*60)) / (((AA9/FRACAS!$AY$1)*60) + SUMPRODUCT((FRACAS!$B$5:$B$8970=AA$4)*(FRACAS!$D$5:$D$8970<=AA9)*(IFERROR(FRACAS!$AM$5:$AM$8970,0))) ),"")} | MB9: {=IFERROR( (((AB9/FRACAS!$AY$1)*60)) / (((AB9/FRACAS!$AY$1)*60) + SUMPRODUCT((FRACAS!$B$5:$B$8970=AB$4)*(FRACAS!$D$5:$D$8970<=AB9)*(IFERROR(FRACAS!$AM$5:$AM$8970,0))) ),"")} | MC9: {=IFERROR( (((AC9/FRACAS!$AY$1)*60)) / (((AC9/FRACAS!$AY$1)*60) + SUMPRODUCT((FRACAS!$B$5:$B$8970=AC$4)*(FRACAS!$D$5:$D$8970<=AC9)*(IFERROR(FRACAS!$AM$5:$AM$8970,0))) ),"")} | ... MQ9: {=IFERROR( (((AQ9/FRACAS!$AY$1)*60)) / (((AQ9/FRACAS!$AY$1)*60) + SUMPRODUCT((FRACAS!$B$5:$B$8970=AQ$4)*(FRACAS!$D$5:$D$8970<=AQ9)*(IFERROR(FRACAS!$AM$5:$AM$8970,0))) ),"")} | ND9: =SUM(D9:CZ9) -> 0 | NE9: =IF(ND9=0,"",C9) | NF9: {=IF($ND9=0,"",(IFERROR( (IFERROR($ND9/FRACAS!$AY$1*60,0) - SUMPRODUCT( (FRACAS!$K$5:$K$8972=NF$2) * IFERROR(FRACAS!$AN$5:$AN$8972,0) ) ) / IFERROR($ND9/FRACAS!$AY$1*60,0), 1 )))} | NG9: {=IF($ND9=0,"",(IFERROR( (IFERROR($ND9/FRACAS!$AY$1*60,0) - SUMPRODUCT( (FRACAS!$K$5:$K$8972=NG$2) * IFERROR(FRACAS!$AN$5:$AN$8972,0) ) ) / IFERROR($ND9/FRACAS!$AY$1*60,0), 1 )))} | NH9: {=IF($ND9=0,"",(IFERROR( (IFERROR($ND9/FRACAS!$AY$1*60,0) - SUMPRODUCT( (FRACAS!$K$5:$K$8972=NH$2) * IFERROR(FRACAS!$AN$5:$AN$8972,0) ) ) / IFERROR($ND9/FRACAS!$AY$1*60,0), 1 )))} | NI9: {=IF($ND9=0,"",(IFERROR( (IFERROR($ND9/FRACAS!$AY$1*60,0) - SUMPRODUCT( (FRACAS!$K$5:$K$8972=NI$2) * IFERROR(FRACAS!$AN$5:$AN$8972,0) ) ) / IFERROR($ND9/FRACAS!$AY$1*60,0), 1 )))} | NJ9: {=IF($ND9=0,"",(IFERROR( (IFERROR($ND9/FRACAS!$AY$1*60,0) - SUMPRODUCT( (FRACAS!$K$5:$K$8972=NJ$2) * IFERROR(FRACAS!$AN$5:$AN$8972,0) ) ) / IFERROR($ND9/FRACAS!$AY$1*60,0), 1 )))} | NK9: {=IF($ND9=0,"",(IFERROR( (IFERROR($ND9/FRACAS!$AY$1*60,0) - SUMPRODUCT( (FRACAS!$K$5:$K$8972=NK$2) * IFERROR(FRACAS!$AN$5:$AN$8972,0) ) ) / IFERROR($ND9/FRACAS!$AY$1*60,0), 1 )))} | NL9: {=IF($ND9=0,"",(IFERROR( (IFERROR($ND9/FRACAS!$AY$1*60,0) - SUMPRODUCT( (FRACAS!$K$5:$K$8972=NL$2) * IFERROR(FRACAS!$AN$5:$AN$8972,0) ) ) / IFERROR($ND9/FRACAS!$AY$1*60,0), 1 )))} | NM9: {=IF($ND9=0,"",(IFERROR( (IFERROR($ND9/FRACAS!$AY$1*60,0) - SUMPRODUCT( (FRACAS!$K$5:$K$8972=NM$2) * IFERROR(FRACAS!$AN$5:$AN$8972,0) ) ) / IFERROR($ND9/FRACAS!$AY$1*60,0), 1 )))} | ... OT9: {=IF($ND9=0,"",(IFERROR( (IFERROR($ND9/FRACAS!$AY$1*60,0) - SUMPRODUCT( (FRACAS!$K$5:$K$8972=OT$2) * IFERROR(FRACAS!$AN$5:$AN$8972,0) ) ) / IFERROR($ND9/FRACAS!$AY$1*60,0), 1 )))}
C10: =IF('[1]17.11.2025 IASI18 Mileage'!C10="","",'[1]17.11.2025 IASI18 Mileage'!C10) -> 46006 | D10: =IF('[1]17.11.2025 IASI18 Mileage'!D10="","",'[1]17.11.2025 IASI18 Mileage'!D10) | E10: =IF('[1]17.11.2025 IASI18 Mileage'!E10="","",'[1]17.11.2025 IASI18 Mileage'!E10) | F10: =IF('[1]17.11.2025 IASI18 Mileage'!F10="","",'[1]17.11.2025 IASI18 Mileage'!F10) | G10: =IF('[1]17.11.2025 IASI18 Mileage'!G10="","",'[1]17.11.2025 IASI18 Mileage'!G10) | H10: =IF('[1]17.11.2025 IASI18 Mileage'!H10="","",'[1]17.11.2025 IASI18 Mileage'!H10) | I10: =IF('[1]17.11.2025 IASI18 Mileage'!I10="","",'[1]17.11.2025 IASI18 Mileage'!I10) | J10: =IF('[1]17.11.2025 IASI18 Mileage'!J10="","",'[1]17.11.2025 IASI18 Mileage'!J10) | ... U10: =IF('[1]17.11.2025 IASI18 Mileage'!U10="","",'[1]17.11.2025 IASI18 Mileage'!U10) | DC10: =SUM(DE10:DT10) -> 0 | DD10: =IF(DC10>0,C10,"") | DE10: =IF(D10> 0,(COUNTIFS(FRACAS!$B$5:$B$8972, D$4, FRACAS!$D$5:$D$8972, "<="&D10)), "" ) -> 0 | DF10: =IF(E10> 0,(COUNTIFS(FRACAS!$B$5:$B$8972, E$4, FRACAS!$D$5:$D$8972, "<="&E10)), "" ) -> 0 | DG10: =IF(F10> 0,(COUNTIFS(FRACAS!$B$5:$B$8972, F$4, FRACAS!$D$5:$D$8972, "<="&F10)), "" ) -> 0 | DH10: =IF(G10> 0,(COUNTIFS(FRACAS!$B$5:$B$8972, G$4, FRACAS!$D$5:$D$8972, "<="&G10)), "" ) -> 0 | DI10: =IF(H10> 0,(COUNTIFS(FRACAS!$B$5:$B$8972, H$4, FRACAS!$D$5:$D$8972, "<="&H10)), "" ) -> 0 | DJ10: =IF(I10> 0,(COUNTIFS(FRACAS!$B$5:$B$8972, I$4, FRACAS!$D$5:$D$8972, "<="&I10)), "" ) -> 0 | DK10: =IF(J10> 0,(COUNTIFS(FRACAS!$B$5:$B$8972, J$4, FRACAS!$D$5:$D$8972, "<="&J10)), "" ) -> 0 | DL10: =IF(K10> 0,(COUNTIFS(FRACAS!$B$5:$B$8972, K$4, FRACAS!$D$5:$D$8972, "<="&K10)), "" ) -> 0 | ... ER10: =IF(AQ10> 0,(COUNTIFS(FRACAS!$B$5:$B$8972, AQ$4, FRACAS!$D$5:$D$8972, "<="&AQ10)), "" ) | LC10: =DD10 | LD10: {=IFERROR((((D10/FRACAS!$AY$1)*60 )-(SUMPRODUCT((FRACAS!$B$5:$B$8970=D$4)*(FRACAS!$D$5:$D$8970<=D10)*(IFERROR(FRACAS!$AM$5:$AM$8970,0))) ))/((D10/FRACAS!$AY$1)*60),"")} | LE10: {=IFERROR((((E10/FRACAS!$AY$1)*60 )-(SUMPRODUCT((FRACAS!$B$5:$B$8970=E$4)*(FRACAS!$D$5:$D$8970<=E10)*(IFERROR(FRACAS!$AM$5:$AM$8970,0))) ))/((E10/FRACAS!$AY$1)*60),"")} | LF10: {=IFERROR((((F10/FRACAS!$AY$1)*60 )-(SUMPRODUCT((FRACAS!$B$5:$B$8970=F$4)*(FRACAS!$D$5:$D$8970<=F10)*(IFERROR(FRACAS!$AM$5:$AM$8970,0))) ))/((F10/FRACAS!$AY$1)*60),"")} | LG10: {=IFERROR((((G10/FRACAS!$AY$1)*60 )-(SUMPRODUCT((FRACAS!$B$5:$B$8970=G$4)*(FRACAS!$D$5:$D$8970<=G10)*(IFERROR(FRACAS!$AM$5:$AM$8970,0))) ))/((G10/FRACAS!$AY$1)*60),"")} | LH10: {=IFERROR((((H10/FRACAS!$AY$1)*60 )-(SUMPRODUCT((FRACAS!$B$5:$B$8970=H$4)*(FRACAS!$D$5:$D$8970<=H10)*(IFERROR(FRACAS!$AM$5:$AM$8970,0))) ))/((H10/FRACAS!$AY$1)*60),"")} | LI10: {=IFERROR((((I10/FRACAS!$AY$1)*60 )-(SUMPRODUCT((FRACAS!$B$5:$B$8970=I$4)*(FRACAS!$D$5:$D$8970<=I10)*(IFERROR(FRACAS!$AM$5:$AM$8970,0))) ))/((I10/FRACAS!$AY$1)*60),"")} | LJ10: {=IFERROR((((J10/FRACAS!$AY$1)*60 )-(SUMPRODUCT((FRACAS!$B$5:$B$8970=J$4)*(FRACAS!$D$5:$D$8970<=J10)*(IFERROR(FRACAS!$AM$5:$AM$8970,0))) ))/((J10/FRACAS!$AY$1)*60),"")} | LK10: {=IFERROR((((K10/FRACAS!$AY$1)*60 )-(SUMPRODUCT((FRACAS!$B$5:$B$8970=K$4)*(FRACAS!$D$5:$D$8970<=K10)*(IFERROR(FRACAS!$AM$5:$AM$8970,0))) ))/((K10/FRACAS!$AY$1)*60),"")} | ... LU10: {=IFERROR((((U10/FRACAS!$AY$1)*60 )-(SUMPRODUCT((FRACAS!$B$5:$B$8970=U$4)*(FRACAS!$D$5:$D$8970<=U10)*(IFERROR(FRACAS!$AM$5:$AM$8970,0))) ))/((U10/FRACAS!$AY$1)*60),"")} | LV10: {=IFERROR( (((V10/FRACAS!$AY$1)*60)) / (((V10/FRACAS!$AY$1)*60) + SUMPRODUCT((FRACAS!$B$5:$B$8970=V$4)*(FRACAS!$D$5:$D$8970<=V10)*(IFERROR(FRACAS!$AM$5:$AM$8970,0))) ),"")} | LW10: {=IFERROR( (((W10/FRACAS!$AY$1)*60)) / (((W10/FRACAS!$AY$1)*60) + SUMPRODUCT((FRACAS!$B$5:$B$8970=W$4)*(FRACAS!$D$5:$D$8970<=W10)*(IFERROR(FRACAS!$AM$5:$AM$8970,0))) ),"")} | LX10: {=IFERROR( (((X10/FRACAS!$AY$1)*60)) / (((X10/FRACAS!$AY$1)*60) + SUMPRODUCT((FRACAS!$B$5:$B$8970=X$4)*(FRACAS!$D$5:$D$8970<=X10)*(IFERROR(FRACAS!$AM$5:$AM$8970,0))) ),"")} | LY10: {=IFERROR( (((Y10/FRACAS!$AY$1)*60)) / (((Y10/FRACAS!$AY$1)*60) + SUMPRODUCT((FRACAS!$B$5:$B$8970=Y$4)*(FRACAS!$D$5:$D$8970<=Y10)*(IFERROR(FRACAS!$AM$5:$AM$8970,0))) ),"")} | LZ10: {=IFERROR( (((Z10/FRACAS!$AY$1)*60)) / (((Z10/FRACAS!$AY$1)*60) + SUMPRODUCT((FRACAS!$B$5:$B$8970=Z$4)*(FRACAS!$D$5:$D$8970<=Z10)*(IFERROR(FRACAS!$AM$5:$AM$8970,0))) ),"")} | MA10: {=IFERROR( (((AA10/FRACAS!$AY$1)*60)) / (((AA10/FRACAS!$AY$1)*60) + SUMPRODUCT((FRACAS!$B$5:$B$8970=AA$4)*(FRACAS!$D$5:$D$8970<=AA10)*(IFERROR(FRACAS!$AM$5:$AM$8970,0))) ),"")} | MB10: {=IFERROR( (((AB10/FRACAS!$AY$1)*60)) / (((AB10/FRACAS!$AY$1)*60) + SUMPRODUCT((FRACAS!$B$5:$B$8970=AB$4)*(FRACAS!$D$5:$D$8970<=AB10)*(IFERROR(FRACAS!$AM$5:$AM$8970,0))) ),"")} | MC10: {=IFERROR( (((AC10/FRACAS!$AY$1)*60)) / (((AC10/FRACAS!$AY$1)*60) + SUMPRODUCT((FRACAS!$B$5:$B$8970=AC$4)*(FRACAS!$D$5:$D$8970<=AC10)*(IFERROR(FRACAS!$AM$5:$AM$8970,0))) ),"")} | ... MQ10: {=IFERROR( (((AQ10/FRACAS!$AY$1)*60)) / (((AQ10/FRACAS!$AY$1)*60) + SUMPRODUCT((FRACAS!$B$5:$B$8970=AQ$4)*(FRACAS!$D$5:$D$8970<=AQ10)*(IFERROR(FRACAS!$AM$5:$AM$8970,0))) ),"")} | ND10: =SUM(D10:CZ10) -> 0 | NE10: =IF(ND10=0,"",C10) | NF10: {=IF($ND10=0,"",(IFERROR( (IFERROR($ND10/FRACAS!$AY$1*60,0) - SUMPRODUCT( (FRACAS!$K$5:$K$8972=NF$2) * IFERROR(FRACAS!$AN$5:$AN$8972,0) ) ) / IFERROR($ND10/FRACAS!$AY$1*60,0), 1 )))} | NG10: {=IF($ND10=0,"",(IFERROR( (IFERROR($ND10/FRACAS!$AY$1*60,0) - SUMPRODUCT( (FRACAS!$K$5:$K$8972=NG$2) * IFERROR(FRACAS!$AN$5:$AN$8972,0) ) ) / IFERROR($ND10/FRACAS!$AY$1*60,0), 1 )))} | NH10: {=IF($ND10=0,"",(IFERROR( (IFERROR($ND10/FRACAS!$AY$1*60,0) - SUMPRODUCT( (FRACAS!$K$5:$K$8972=NH$2) * IFERROR(FRACAS!$AN$5:$AN$8972,0) ) ) / IFERROR($ND10/FRACAS!$AY$1*60,0), 1 )))} | NI10: {=IF($ND10=0,"",(IFERROR( (IFERROR($ND10/FRACAS!$AY$1*60,0) - SUMPRODUCT( (FRACAS!$K$5:$K$8972=NI$2) * IFERROR(FRACAS!$AN$5:$AN$8972,0) ) ) / IFERROR($ND10/FRACAS!$AY$1*60,0), 1 )))} | NJ10: {=IF($ND10=0,"",(IFERROR( (IFERROR($ND10/FRACAS!$AY$1*60,0) - SUMPRODUCT( (FRACAS!$K$5:$K$8972=NJ$2) * IFERROR(FRACAS!$AN$5:$AN$8972,0) ) ) / IFERROR($ND10/FRACAS!$AY$1*60,0), 1 )))} | NK10: {=IF($ND10=0,"",(IFERROR( (IFERROR($ND10/FRACAS!$AY$1*60,0) - SUMPRODUCT( (FRACAS!$K$5:$K$8972=NK$2) * IFERROR(FRACAS!$AN$5:$AN$8972,0) ) ) / IFERROR($ND10/FRACAS!$AY$1*60,0), 1 )))} | NL10: {=IF($ND10=0,"",(IFERROR( (IFERROR($ND10/FRACAS!$AY$1*60,0) - SUMPRODUCT( (FRACAS!$K$5:$K$8972=NL$2) * IFERROR(FRACAS!$AN$5:$AN$8972,0) ) ) / IFERROR($ND10/FRACAS!$AY$1*60,0), 1 )))} | NM10: {=IF($ND10=0,"",(IFERROR( (IFERROR($ND10/FRACAS!$AY$1*60,0) - SUMPRODUCT( (FRACAS!$K$5:$K$8972=NM$2) * IFERROR(FRACAS!$AN$5:$AN$8972,0) ) ) / IFERROR($ND10/FRACAS!$AY$1*60,0), 1 )))} | ... OT10: {=IF($ND10=0,"",(IFERROR( (IFERROR($ND10/FRACAS!$AY$1*60,0) - SUMPRODUCT( (FRACAS!$K$5:$K$8972=OT$2) * IFERROR(FRACAS!$AN$5:$AN$8972,0) ) ) / IFERROR($ND10/FRACAS!$AY$1*60,0), 1 )))}
C11: =IF('[1]17.11.2025 IASI18 Mileage'!C11="","",'[1]17.11.2025 IASI18 Mileage'!C11) -> 46013 | D11: =IF('[1]17.11.2025 IASI18 Mileage'!D11="","",'[1]17.11.2025 IASI18 Mileage'!D11) | E11: =IF('[1]17.11.2025 IASI18 Mileage'!E11="","",'[1]17.11.2025 IASI18 Mileage'!E11) | F11: =IF('[1]17.11.2025 IASI18 Mileage'!F11="","",'[1]17.11.2025 IASI18 Mileage'!F11) | G11: =IF('[1]17.11.2025 IASI18 Mileage'!G11="","",'[1]17.11.2025 IASI18 Mileage'!G11) | H11: =IF('[1]17.11.2025 IASI18 Mileage'!H11="","",'[1]17.11.2025 IASI18 Mileage'!H11) | I11: =IF('[1]17.11.2025 IASI18 Mileage'!I11="","",'[1]17.11.2025 IASI18 Mileage'!I11) | J11: =IF('[1]17.11.2025 IASI18 Mileage'!J11="","",'[1]17.11.2025 IASI18 Mileage'!J11) | ... U11: =IF('[1]17.11.2025 IASI18 Mileage'!U11="","",'[1]17.11.2025 IASI18 Mileage'!U11) | DC11: =SUM(DE11:DT11) -> 0 | DD11: =IF(DC11>0,C11,"") | DE11: =IF(D11> 0,(COUNTIFS(FRACAS!$B$5:$B$8972, D$4, FRACAS!$D$5:$D$8972, "<="&D11)), "" ) -> 0 | DF11: =IF(E11> 0,(COUNTIFS(FRACAS!$B$5:$B$8972, E$4, FRACAS!$D$5:$D$8972, "<="&E11)), "" ) -> 0 | DG11: =IF(F11> 0,(COUNTIFS(FRACAS!$B$5:$B$8972, F$4, FRACAS!$D$5:$D$8972, "<="&F11)), "" ) -> 0 | DH11: =IF(G11> 0,(COUNTIFS(FRACAS!$B$5:$B$8972, G$4, FRACAS!$D$5:$D$8972, "<="&G11)), "" ) -> 0 | DI11: =IF(H11> 0,(COUNTIFS(FRACAS!$B$5:$B$8972, H$4, FRACAS!$D$5:$D$8972, "<="&H11)), "" ) -> 0 | DJ11: =IF(I11> 0,(COUNTIFS(FRACAS!$B$5:$B$8972, I$4, FRACAS!$D$5:$D$8972, "<="&I11)), "" ) -> 0 | DK11: =IF(J11> 0,(COUNTIFS(FRACAS!$B$5:$B$8972, J$4, FRACAS!$D$5:$D$8972, "<="&J11)), "" ) -> 0 | DL11: =IF(K11> 0,(COUNTIFS(FRACAS!$B$5:$B$8972, K$4, FRACAS!$D$5:$D$8972, "<="&K11)), "" ) -> 0 | ... ER11: =IF(AQ11> 0,(COUNTIFS(FRACAS!$B$5:$B$8972, AQ$4, FRACAS!$D$5:$D$8972, "<="&AQ11)), "" ) | LC11: =DD11 | LD11: {=IFERROR((((D11/FRACAS!$AY$1)*60 )-(SUMPRODUCT((FRACAS!$B$5:$B$8970=D$4)*(FRACAS!$D$5:$D$8970<=D11)*(IFERROR(FRACAS!$AM$5:$AM$8970,0))) ))/((D11/FRACAS!$AY$1)*60),"")} | LE11: {=IFERROR((((E11/FRACAS!$AY$1)*60 )-(SUMPRODUCT((FRACAS!$B$5:$B$8970=E$4)*(FRACAS!$D$5:$D$8970<=E11)*(IFERROR(FRACAS!$AM$5:$AM$8970,0))) ))/((E11/FRACAS!$AY$1)*60),"")} | LF11: {=IFERROR((((F11/FRACAS!$AY$1)*60 )-(SUMPRODUCT((FRACAS!$B$5:$B$8970=F$4)*(FRACAS!$D$5:$D$8970<=F11)*(IFERROR(FRACAS!$AM$5:$AM$8970,0))) ))/((F11/FRACAS!$AY$1)*60),"")} | LG11: {=IFERROR((((G11/FRACAS!$AY$1)*60 )-(SUMPRODUCT((FRACAS!$B$5:$B$8970=G$4)*(FRACAS!$D$5:$D$8970<=G11)*(IFERROR(FRACAS!$AM$5:$AM$8970,0))) ))/((G11/FRACAS!$AY$1)*60),"")} | LH11: {=IFERROR((((H11/FRACAS!$AY$1)*60 )-(SUMPRODUCT((FRACAS!$B$5:$B$8970=H$4)*(FRACAS!$D$5:$D$8970<=H11)*(IFERROR(FRACAS!$AM$5:$AM$8970,0))) ))/((H11/FRACAS!$AY$1)*60),"")} | LI11: {=IFERROR((((I11/FRACAS!$AY$1)*60 )-(SUMPRODUCT((FRACAS!$B$5:$B$8970=I$4)*(FRACAS!$D$5:$D$8970<=I11)*(IFERROR(FRACAS!$AM$5:$AM$8970,0))) ))/((I11/FRACAS!$AY$1)*60),"")} | LJ11: {=IFERROR((((J11/FRACAS!$AY$1)*60 )-(SUMPRODUCT((FRACAS!$B$5:$B$8970=J$4)*(FRACAS!$D$5:$D$8970<=J11)*(IFERROR(FRACAS!$AM$5:$AM$8970,0))) ))/((J11/FRACAS!$AY$1)*60),"")} | LK11: {=IFERROR((((K11/FRACAS!$AY$1)*60 )-(SUMPRODUCT((FRACAS!$B$5:$B$8970=K$4)*(FRACAS!$D$5:$D$8970<=K11)*(IFERROR(FRACAS!$AM$5:$AM$8970,0))) ))/((K11/FRACAS!$AY$1)*60),"")} | ... LU11: {=IFERROR((((U11/FRACAS!$AY$1)*60 )-(SUMPRODUCT((FRACAS!$B$5:$B$8970=U$4)*(FRACAS!$D$5:$D$8970<=U11)*(IFERROR(FRACAS!$AM$5:$AM$8970,0))) ))/((U11/FRACAS!$AY$1)*60),"")} | LV11: {=IFERROR( (((V11/FRACAS!$AY$1)*60)) / (((V11/FRACAS!$AY$1)*60) + SUMPRODUCT((FRACAS!$B$5:$B$8970=V$4)*(FRACAS!$D$5:$D$8970<=V11)*(IFERROR(FRACAS!$AM$5:$AM$8970,0))) ),"")} | LW11: {=IFERROR( (((W11/FRACAS!$AY$1)*60)) / (((W11/FRACAS!$AY$1)*60) + SUMPRODUCT((FRACAS!$B$5:$B$8970=W$4)*(FRACAS!$D$5:$D$8970<=W11)*(IFERROR(FRACAS!$AM$5:$AM$8970,0))) ),"")} | LX11: {=IFERROR( (((X11/FRACAS!$AY$1)*60)) / (((X11/FRACAS!$AY$1)*60) + SUMPRODUCT((FRACAS!$B$5:$B$8970=X$4)*(FRACAS!$D$5:$D$8970<=X11)*(IFERROR(FRACAS!$AM$5:$AM$8970,0))) ),"")} | LY11: {=IFERROR( (((Y11/FRACAS!$AY$1)*60)) / (((Y11/FRACAS!$AY$1)*60) + SUMPRODUCT((FRACAS!$B$5:$B$8970=Y$4)*(FRACAS!$D$5:$D$8970<=Y11)*(IFERROR(FRACAS!$AM$5:$AM$8970,0))) ),"")} | LZ11: {=IFERROR( (((Z11/FRACAS!$AY$1)*60)) / (((Z11/FRACAS!$AY$1)*60) + SUMPRODUCT((FRACAS!$B$5:$B$8970=Z$4)*(FRACAS!$D$5:$D$8970<=Z11)*(IFERROR(FRACAS!$AM$5:$AM$8970,0))) ),"")} | MA11: {=IFERROR( (((AA11/FRACAS!$AY$1)*60)) / (((AA11/FRACAS!$AY$1)*60) + SUMPRODUCT((FRACAS!$B$5:$B$8970=AA$4)*(FRACAS!$D$5:$D$8970<=AA11)*(IFERROR(FRACAS!$AM$5:$AM$8970,0))) ),"")} | MB11: {=IFERROR( (((AB11/FRACAS!$AY$1)*60)) / (((AB11/FRACAS!$AY$1)*60) + SUMPRODUCT((FRACAS!$B$5:$B$8970=AB$4)*(FRACAS!$D$5:$D$8970<=AB11)*(IFERROR(FRACAS!$AM$5:$AM$8970,0))) ),"")} | MC11: {=IFERROR( (((AC11/FRACAS!$AY$1)*60)) / (((AC11/FRACAS!$AY$1)*60) + SUMPRODUCT((FRACAS!$B$5:$B$8970=AC$4)*(FRACAS!$D$5:$D$8970<=AC11)*(IFERROR(FRACAS!$AM$5:$AM$8970,0))) ),"")} | ... MQ11: {=IFERROR( (((AQ11/FRACAS!$AY$1)*60)) / (((AQ11/FRACAS!$AY$1)*60) + SUMPRODUCT((FRACAS!$B$5:$B$8970=AQ$4)*(FRACAS!$D$5:$D$8970<=AQ11)*(IFERROR(FRACAS!$AM$5:$AM$8970,0))) ),"")} | ND11: =SUM(D11:CZ11) -> 0 | NE11: =IF(ND11=0,"",C11) | NF11: {=IF($ND11=0,"",(IFERROR( (IFERROR($ND11/FRACAS!$AY$1*60,0) - SUMPRODUCT( (FRACAS!$K$5:$K$8972=NF$2) * IFERROR(FRACAS!$AN$5:$AN$8972,0) ) ) / IFERROR($ND11/FRACAS!$AY$1*60,0), 1 )))} | NG11: {=IF($ND11=0,"",(IFERROR( (IFERROR($ND11/FRACAS!$AY$1*60,0) - SUMPRODUCT( (FRACAS!$K$5:$K$8972=NG$2) * IFERROR(FRACAS!$AN$5:$AN$8972,0) ) ) / IFERROR($ND11/FRACAS!$AY$1*60,0), 1 )))} | NH11: {=IF($ND11=0,"",(IFERROR( (IFERROR($ND11/FRACAS!$AY$1*60,0) - SUMPRODUCT( (FRACAS!$K$5:$K$8972=NH$2) * IFERROR(FRACAS!$AN$5:$AN$8972,0) ) ) / IFERROR($ND11/FRACAS!$AY$1*60,0), 1 )))} | NI11: {=IF($ND11=0,"",(IFERROR( (IFERROR($ND11/FRACAS!$AY$1*60,0) - SUMPRODUCT( (FRACAS!$K$5:$K$8972=NI$2) * IFERROR(FRACAS!$AN$5:$AN$8972,0) ) ) / IFERROR($ND11/FRACAS!$AY$1*60,0), 1 )))} | NJ11: {=IF($ND11=0,"",(IFERROR( (IFERROR($ND11/FRACAS!$AY$1*60,0) - SUMPRODUCT( (FRACAS!$K$5:$K$8972=NJ$2) * IFERROR(FRACAS!$AN$5:$AN$8972,0) ) ) / IFERROR($ND11/FRACAS!$AY$1*60,0), 1 )))} | NK11: {=IF($ND11=0,"",(IFERROR( (IFERROR($ND11/FRACAS!$AY$1*60,0) - SUMPRODUCT( (FRACAS!$K$5:$K$8972=NK$2) * IFERROR(FRACAS!$AN$5:$AN$8972,0) ) ) / IFERROR($ND11/FRACAS!$AY$1*60,0), 1 )))} | NL11: {=IF($ND11=0,"",(IFERROR( (IFERROR($ND11/FRACAS!$AY$1*60,0) - SUMPRODUCT( (FRACAS!$K$5:$K$8972=NL$2) * IFERROR(FRACAS!$AN$5:$AN$8972,0) ) ) / IFERROR($ND11/FRACAS!$AY$1*60,0), 1 )))} | NM11: {=IF($ND11=0,"",(IFERROR( (IFERROR($ND11/FRACAS!$AY$1*60,0) - SUMPRODUCT( (FRACAS!$K$5:$K$8972=NM$2) * IFERROR(FRACAS!$AN$5:$AN$8972,0) ) ) / IFERROR($ND11/FRACAS!$AY$1*60,0), 1 )))} | ... OT11: {=IF($ND11=0,"",(IFERROR( (IFERROR($ND11/FRACAS!$AY$1*60,0) - SUMPRODUCT( (FRACAS!$K$5:$K$8972=OT$2) * IFERROR(FRACAS!$AN$5:$AN$8972,0) ) ) / IFERROR($ND11/FRACAS!$AY$1*60,0), 1 )))}
C12: =IF('[1]17.11.2025 IASI18 Mileage'!C12="","",'[1]17.11.2025 IASI18 Mileage'!C12) -> 46020 | D12: =IF('[1]17.11.2025 IASI18 Mileage'!D12="","",'[1]17.11.2025 IASI18 Mileage'!D12) | E12: =IF('[1]17.11.2025 IASI18 Mileage'!E12="","",'[1]17.11.2025 IASI18 Mileage'!E12) | F12: =IF('[1]17.11.2025 IASI18 Mileage'!F12="","",'[1]17.11.2025 IASI18 Mileage'!F12) | G12: =IF('[1]17.11.2025 IASI18 Mileage'!G12="","",'[1]17.11.2025 IASI18 Mileage'!G12) | H12: =IF('[1]17.11.2025 IASI18 Mileage'!H12="","",'[1]17.11.2025 IASI18 Mileage'!H12) | I12: =IF('[1]17.11.2025 IASI18 Mileage'!I12="","",'[1]17.11.2025 IASI18 Mileage'!I12) | J12: =IF('[1]17.11.2025 IASI18 Mileage'!J12="","",'[1]17.11.2025 IASI18 Mileage'!J12) | ... U12: =IF('[1]17.11.2025 IASI18 Mileage'!U12="","",'[1]17.11.2025 IASI18 Mileage'!U12) | DC12: =SUM(DE12:DT12) -> 0 | DD12: =IF(DC12>0,C12,"") | DE12: =IF(D12> 0,(COUNTIFS(FRACAS!$B$5:$B$8972, D$4, FRACAS!$D$5:$D$8972, "<="&D12)), "" ) -> 0 | DF12: =IF(E12> 0,(COUNTIFS(FRACAS!$B$5:$B$8972, E$4, FRACAS!$D$5:$D$8972, "<="&E12)), "" ) -> 0 | DG12: =IF(F12> 0,(COUNTIFS(FRACAS!$B$5:$B$8972, F$4, FRACAS!$D$5:$D$8972, "<="&F12)), "" ) -> 0 | DH12: =IF(G12> 0,(COUNTIFS(FRACAS!$B$5:$B$8972, G$4, FRACAS!$D$5:$D$8972, "<="&G12)), "" ) -> 0 | DI12: =IF(H12> 0,(COUNTIFS(FRACAS!$B$5:$B$8972, H$4, FRACAS!$D$5:$D$8972, "<="&H12)), "" ) -> 0 | DJ12: =IF(I12> 0,(COUNTIFS(FRACAS!$B$5:$B$8972, I$4, FRACAS!$D$5:$D$8972, "<="&I12)), "" ) -> 0 | DK12: =IF(J12> 0,(COUNTIFS(FRACAS!$B$5:$B$8972, J$4, FRACAS!$D$5:$D$8972, "<="&J12)), "" ) -> 0 | DL12: =IF(K12> 0,(COUNTIFS(FRACAS!$B$5:$B$8972, K$4, FRACAS!$D$5:$D$8972, "<="&K12)), "" ) -> 0 | ... ER12: =IF(AQ12> 0,(COUNTIFS(FRACAS!$B$5:$B$8972, AQ$4, FRACAS!$D$5:$D$8972, "<="&AQ12)), "" ) | LC12: =DD12 | LD12: {=IFERROR((((D12/FRACAS!$AY$1)*60 )-(SUMPRODUCT((FRACAS!$B$5:$B$8970=D$4)*(FRACAS!$D$5:$D$8970<=D12)*(IFERROR(FRACAS!$AM$5:$AM$8970,0))) ))/((D12/FRACAS!$AY$1)*60),"")} | LE12: {=IFERROR((((E12/FRACAS!$AY$1)*60 )-(SUMPRODUCT((FRACAS!$B$5:$B$8970=E$4)*(FRACAS!$D$5:$D$8970<=E12)*(IFERROR(FRACAS!$AM$5:$AM$8970,0))) ))/((E12/FRACAS!$AY$1)*60),"")} | LF12: {=IFERROR((((F12/FRACAS!$AY$1)*60 )-(SUMPRODUCT((FRACAS!$B$5:$B$8970=F$4)*(FRACAS!$D$5:$D$8970<=F12)*(IFERROR(FRACAS!$AM$5:$AM$8970,0))) ))/((F12/FRACAS!$AY$1)*60),"")} | LG12: {=IFERROR((((G12/FRACAS!$AY$1)*60 )-(SUMPRODUCT((FRACAS!$B$5:$B$8970=G$4)*(FRACAS!$D$5:$D$8970<=G12)*(IFERROR(FRACAS!$AM$5:$AM$8970,0))) ))/((G12/FRACAS!$AY$1)*60),"")} | LH12: {=IFERROR((((H12/FRACAS!$AY$1)*60 )-(SUMPRODUCT((FRACAS!$B$5:$B$8970=H$4)*(FRACAS!$D$5:$D$8970<=H12)*(IFERROR(FRACAS!$AM$5:$AM$8970,0))) ))/((H12/FRACAS!$AY$1)*60),"")} | LI12: {=IFERROR((((I12/FRACAS!$AY$1)*60 )-(SUMPRODUCT((FRACAS!$B$5:$B$8970=I$4)*(FRACAS!$D$5:$D$8970<=I12)*(IFERROR(FRACAS!$AM$5:$AM$8970,0))) ))/((I12/FRACAS!$AY$1)*60),"")} | LJ12: {=IFERROR((((J12/FRACAS!$AY$1)*60 )-(SUMPRODUCT((FRACAS!$B$5:$B$8970=J$4)*(FRACAS!$D$5:$D$8970<=J12)*(IFERROR(FRACAS!$AM$5:$AM$8970,0))) ))/((J12/FRACAS!$AY$1)*60),"")} | LK12: {=IFERROR((((K12/FRACAS!$AY$1)*60 )-(SUMPRODUCT((FRACAS!$B$5:$B$8970=K$4)*(FRACAS!$D$5:$D$8970<=K12)*(IFERROR(FRACAS!$AM$5:$AM$8970,0))) ))/((K12/FRACAS!$AY$1)*60),"")} | ... LU12: {=IFERROR((((U12/FRACAS!$AY$1)*60 )-(SUMPRODUCT((FRACAS!$B$5:$B$8970=U$4)*(FRACAS!$D$5:$D$8970<=U12)*(IFERROR(FRACAS!$AM$5:$AM$8970,0))) ))/((U12/FRACAS!$AY$1)*60),"")} | LV12: {=IFERROR( (((V12/FRACAS!$AY$1)*60)) / (((V12/FRACAS!$AY$1)*60) + SUMPRODUCT((FRACAS!$B$5:$B$8970=V$4)*(FRACAS!$D$5:$D$8970<=V12)*(IFERROR(FRACAS!$AM$5:$AM$8970,0))) ),"")} | LW12: {=IFERROR( (((W12/FRACAS!$AY$1)*60)) / (((W12/FRACAS!$AY$1)*60) + SUMPRODUCT((FRACAS!$B$5:$B$8970=W$4)*(FRACAS!$D$5:$D$8970<=W12)*(IFERROR(FRACAS!$AM$5:$AM$8970,0))) ),"")} | LX12: {=IFERROR( (((X12/FRACAS!$AY$1)*60)) / (((X12/FRACAS!$AY$1)*60) + SUMPRODUCT((FRACAS!$B$5:$B$8970=X$4)*(FRACAS!$D$5:$D$8970<=X12)*(IFERROR(FRACAS!$AM$5:$AM$8970,0))) ),"")} | LY12: {=IFERROR( (((Y12/FRACAS!$AY$1)*60)) / (((Y12/FRACAS!$AY$1)*60) + SUMPRODUCT((FRACAS!$B$5:$B$8970=Y$4)*(FRACAS!$D$5:$D$8970<=Y12)*(IFERROR(FRACAS!$AM$5:$AM$8970,0))) ),"")} | LZ12: {=IFERROR( (((Z12/FRACAS!$AY$1)*60)) / (((Z12/FRACAS!$AY$1)*60) + SUMPRODUCT((FRACAS!$B$5:$B$8970=Z$4)*(FRACAS!$D$5:$D$8970<=Z12)*(IFERROR(FRACAS!$AM$5:$AM$8970,0))) ),"")} | MA12: {=IFERROR( (((AA12/FRACAS!$AY$1)*60)) / (((AA12/FRACAS!$AY$1)*60) + SUMPRODUCT((FRACAS!$B$5:$B$8970=AA$4)*(FRACAS!$D$5:$D$8970<=AA12)*(IFERROR(FRACAS!$AM$5:$AM$8970,0))) ),"")} | MB12: {=IFERROR( (((AB12/FRACAS!$AY$1)*60)) / (((AB12/FRACAS!$AY$1)*60) + SUMPRODUCT((FRACAS!$B$5:$B$8970=AB$4)*(FRACAS!$D$5:$D$8970<=AB12)*(IFERROR(FRACAS!$AM$5:$AM$8970,0))) ),"")} | MC12: {=IFERROR( (((AC12/FRACAS!$AY$1)*60)) / (((AC12/FRACAS!$AY$1)*60) + SUMPRODUCT((FRACAS!$B$5:$B$8970=AC$4)*(FRACAS!$D$5:$D$8970<=AC12)*(IFERROR(FRACAS!$AM$5:$AM$8970,0))) ),"")} | ... MQ12: {=IFERROR( (((AQ12/FRACAS!$AY$1)*60)) / (((AQ12/FRACAS!$AY$1)*60) + SUMPRODUCT((FRACAS!$B$5:$B$8970=AQ$4)*(FRACAS!$D$5:$D$8970<=AQ12)*(IFERROR(FRACAS!$AM$5:$AM$8970,0))) ),"")} | ND12: =SUM(D12:CZ12) -> 0 | NE12: =IF(ND12=0,"",C12) | NF12: {=IF($ND12=0,"",(IFERROR( (IFERROR($ND12/FRACAS!$AY$1*60,0) - SUMPRODUCT( (FRACAS!$K$5:$K$8972=NF$2) * IFERROR(FRACAS!$AN$5:$AN$8972,0) ) ) / IFERROR($ND12/FRACAS!$AY$1*60,0), 1 )))} | NG12: {=IF($ND12=0,"",(IFERROR( (IFERROR($ND12/FRACAS!$AY$1*60,0) - SUMPRODUCT( (FRACAS!$K$5:$K$8972=NG$2) * IFERROR(FRACAS!$AN$5:$AN$8972,0) ) ) / IFERROR($ND12/FRACAS!$AY$1*60,0), 1 )))} | NH12: {=IF($ND12=0,"",(IFERROR( (IFERROR($ND12/FRACAS!$AY$1*60,0) - SUMPRODUCT( (FRACAS!$K$5:$K$8972=NH$2) * IFERROR(FRACAS!$AN$5:$AN$8972,0) ) ) / IFERROR($ND12/FRACAS!$AY$1*60,0), 1 )))} | NI12: {=IF($ND12=0,"",(IFERROR( (IFERROR($ND12/FRACAS!$AY$1*60,0) - SUMPRODUCT( (FRACAS!$K$5:$K$8972=NI$2) * IFERROR(FRACAS!$AN$5:$AN$8972,0) ) ) / IFERROR($ND12/FRACAS!$AY$1*60,0), 1 )))} | NJ12: {=IF($ND12=0,"",(IFERROR( (IFERROR($ND12/FRACAS!$AY$1*60,0) - SUMPRODUCT( (FRACAS!$K$5:$K$8972=NJ$2) * IFERROR(FRACAS!$AN$5:$AN$8972,0) ) ) / IFERROR($ND12/FRACAS!$AY$1*60,0), 1 )))} | NK12: {=IF($ND12=0,"",(IFERROR( (IFERROR($ND12/FRACAS!$AY$1*60,0) - SUMPRODUCT( (FRACAS!$K$5:$K$8972=NK$2) * IFERROR(FRACAS!$AN$5:$AN$8972,0) ) ) / IFERROR($ND12/FRACAS!$AY$1*60,0), 1 )))} | NL12: {=IF($ND12=0,"",(IFERROR( (IFERROR($ND12/FRACAS!$AY$1*60,0) - SUMPRODUCT( (FRACAS!$K$5:$K$8972=NL$2) * IFERROR(FRACAS!$AN$5:$AN$8972,0) ) ) / IFERROR($ND12/FRACAS!$AY$1*60,0), 1 )))} | NM12: {=IF($ND12=0,"",(IFERROR( (IFERROR($ND12/FRACAS!$AY$1*60,0) - SUMPRODUCT( (FRACAS!$K$5:$K$8972=NM$2) * IFERROR(FRACAS!$AN$5:$AN$8972,0) ) ) / IFERROR($ND12/FRACAS!$AY$1*60,0), 1 )))} | ... OT12: {=IF($ND12=0,"",(IFERROR( (IFERROR($ND12/FRACAS!$AY$1*60,0) - SUMPRODUCT( (FRACAS!$K$5:$K$8972=OT$2) * IFERROR(FRACAS!$AN$5:$AN$8972,0) ) ) / IFERROR($ND12/FRACAS!$AY$1*60,0), 1 )))}
C13: =IF('[1]17.11.2025 IASI18 Mileage'!C13="","",'[1]17.11.2025 IASI18 Mileage'!C13) -> 46027 | D13: =IF('[1]17.11.2025 IASI18 Mileage'!D13="","",'[1]17.11.2025 IASI18 Mileage'!D13) | E13: =IF('[1]17.11.2025 IASI18 Mileage'!E13="","",'[1]17.11.2025 IASI18 Mileage'!E13) | F13: =IF('[1]17.11.2025 IASI18 Mileage'!F13="","",'[1]17.11.2025 IASI18 Mileage'!F13) | G13: =IF('[1]17.11.2025 IASI18 Mileage'!G13="","",'[1]17.11.2025 IASI18 Mileage'!G13) | H13: =IF('[1]17.11.2025 IASI18 Mileage'!H13="","",'[1]17.11.2025 IASI18 Mileage'!H13) | I13: =IF('[1]17.11.2025 IASI18 Mileage'!I13="","",'[1]17.11.2025 IASI18 Mileage'!I13) | J13: =IF('[1]17.11.2025 IASI18 Mileage'!J13="","",'[1]17.11.2025 IASI18 Mileage'!J13) | ... U13: =IF('[1]17.11.2025 IASI18 Mileage'!U13="","",'[1]17.11.2025 IASI18 Mileage'!U13) | DC13: =SUM(DE13:DT13) -> 0 | DD13: =IF(DC13>0,C13,"") | DE13: =IF(D13> 0,(COUNTIFS(FRACAS!$B$5:$B$8972, D$4, FRACAS!$D$5:$D$8972, "<="&D13)), "" ) -> 0 | DF13: =IF(E13> 0,(COUNTIFS(FRACAS!$B$5:$B$8972, E$4, FRACAS!$D$5:$D$8972, "<="&E13)), "" ) -> 0 | DG13: =IF(F13> 0,(COUNTIFS(FRACAS!$B$5:$B$8972, F$4, FRACAS!$D$5:$D$8972, "<="&F13)), "" ) -> 0 | DH13: =IF(G13> 0,(COUNTIFS(FRACAS!$B$5:$B$8972, G$4, FRACAS!$D$5:$D$8972, "<="&G13)), "" ) -> 0 | DI13: =IF(H13> 0,(COUNTIFS(FRACAS!$B$5:$B$8972, H$4, FRACAS!$D$5:$D$8972, "<="&H13)), "" ) -> 0 | DJ13: =IF(I13> 0,(COUNTIFS(FRACAS!$B$5:$B$8972, I$4, FRACAS!$D$5:$D$8972, "<="&I13)), "" ) -> 0 | DK13: =IF(J13> 0,(COUNTIFS(FRACAS!$B$5:$B$8972, J$4, FRACAS!$D$5:$D$8972, "<="&J13)), "" ) -> 0 | DL13: =IF(K13> 0,(COUNTIFS(FRACAS!$B$5:$B$8972, K$4, FRACAS!$D$5:$D$8972, "<="&K13)), "" ) -> 0 | ... ER13: =IF(AQ13> 0,(COUNTIFS(FRACAS!$B$5:$B$8972, AQ$4, FRACAS!$D$5:$D$8972, "<="&AQ13)), "" ) | LC13: =DD13 | LD13: {=IFERROR((((D13/FRACAS!$AY$1)*60 )-(SUMPRODUCT((FRACAS!$B$5:$B$8970=D$4)*(FRACAS!$D$5:$D$8970<=D13)*(IFERROR(FRACAS!$AM$5:$AM$8970,0))) ))/((D13/FRACAS!$AY$1)*60),"")} | LE13: {=IFERROR((((E13/FRACAS!$AY$1)*60 )-(SUMPRODUCT((FRACAS!$B$5:$B$8970=E$4)*(FRACAS!$D$5:$D$8970<=E13)*(IFERROR(FRACAS!$AM$5:$AM$8970,0))) ))/((E13/FRACAS!$AY$1)*60),"")} | LF13: {=IFERROR((((F13/FRACAS!$AY$1)*60 )-(SUMPRODUCT((FRACAS!$B$5:$B$8970=F$4)*(FRACAS!$D$5:$D$8970<=F13)*(IFERROR(FRACAS!$AM$5:$AM$8970,0))) ))/((F13/FRACAS!$AY$1)*60),"")} | LG13: {=IFERROR((((G13/FRACAS!$AY$1)*60 )-(SUMPRODUCT((FRACAS!$B$5:$B$8970=G$4)*(FRACAS!$D$5:$D$8970<=G13)*(IFERROR(FRACAS!$AM$5:$AM$8970,0))) ))/((G13/FRACAS!$AY$1)*60),"")} | LH13: {=IFERROR((((H13/FRACAS!$AY$1)*60 )-(SUMPRODUCT((FRACAS!$B$5:$B$8970=H$4)*(FRACAS!$D$5:$D$8970<=H13)*(IFERROR(FRACAS!$AM$5:$AM$8970,0))) ))/((H13/FRACAS!$AY$1)*60),"")} | LI13: {=IFERROR((((I13/FRACAS!$AY$1)*60 )-(SUMPRODUCT((FRACAS!$B$5:$B$8970=I$4)*(FRACAS!$D$5:$D$8970<=I13)*(IFERROR(FRACAS!$AM$5:$AM$8970,0))) ))/((I13/FRACAS!$AY$1)*60),"")} | LJ13: {=IFERROR((((J13/FRACAS!$AY$1)*60 )-(SUMPRODUCT((FRACAS!$B$5:$B$8970=J$4)*(FRACAS!$D$5:$D$8970<=J13)*(IFERROR(FRACAS!$AM$5:$AM$8970,0))) ))/((J13/FRACAS!$AY$1)*60),"")} | LK13: {=IFERROR((((K13/FRACAS!$AY$1)*60 )-(SUMPRODUCT((FRACAS!$B$5:$B$8970=K$4)*(FRACAS!$D$5:$D$8970<=K13)*(IFERROR(FRACAS!$AM$5:$AM$8970,0))) ))/((K13/FRACAS!$AY$1)*60),"")} | ... LU13: {=IFERROR((((U13/FRACAS!$AY$1)*60 )-(SUMPRODUCT((FRACAS!$B$5:$B$8970=U$4)*(FRACAS!$D$5:$D$8970<=U13)*(IFERROR(FRACAS!$AM$5:$AM$8970,0))) ))/((U13/FRACAS!$AY$1)*60),"")} | LV13: {=IFERROR( (((V13/FRACAS!$AY$1)*60)) / (((V13/FRACAS!$AY$1)*60) + SUMPRODUCT((FRACAS!$B$5:$B$8970=V$4)*(FRACAS!$D$5:$D$8970<=V13)*(IFERROR(FRACAS!$AM$5:$AM$8970,0))) ),"")} | LW13: {=IFERROR( (((W13/FRACAS!$AY$1)*60)) / (((W13/FRACAS!$AY$1)*60) + SUMPRODUCT((FRACAS!$B$5:$B$8970=W$4)*(FRACAS!$D$5:$D$8970<=W13)*(IFERROR(FRACAS!$AM$5:$AM$8970,0))) ),"")} | LX13: {=IFERROR( (((X13/FRACAS!$AY$1)*60)) / (((X13/FRACAS!$AY$1)*60) + SUMPRODUCT((FRACAS!$B$5:$B$8970=X$4)*(FRACAS!$D$5:$D$8970<=X13)*(IFERROR(FRACAS!$AM$5:$AM$8970,0))) ),"")} | LY13: {=IFERROR( (((Y13/FRACAS!$AY$1)*60)) / (((Y13/FRACAS!$AY$1)*60) + SUMPRODUCT((FRACAS!$B$5:$B$8970=Y$4)*(FRACAS!$D$5:$D$8970<=Y13)*(IFERROR(FRACAS!$AM$5:$AM$8970,0))) ),"")} | LZ13: {=IFERROR( (((Z13/FRACAS!$AY$1)*60)) / (((Z13/FRACAS!$AY$1)*60) + SUMPRODUCT((FRACAS!$B$5:$B$8970=Z$4)*(FRACAS!$D$5:$D$8970<=Z13)*(IFERROR(FRACAS!$AM$5:$AM$8970,0))) ),"")} | MA13: {=IFERROR( (((AA13/FRACAS!$AY$1)*60)) / (((AA13/FRACAS!$AY$1)*60) + SUMPRODUCT((FRACAS!$B$5:$B$8970=AA$4)*(FRACAS!$D$5:$D$8970<=AA13)*(IFERROR(FRACAS!$AM$5:$AM$8970,0))) ),"")} | MB13: {=IFERROR( (((AB13/FRACAS!$AY$1)*60)) / (((AB13/FRACAS!$AY$1)*60) + SUMPRODUCT((FRACAS!$B$5:$B$8970=AB$4)*(FRACAS!$D$5:$D$8970<=AB13)*(IFERROR(FRACAS!$AM$5:$AM$8970,0))) ),"")} | MC13: {=IFERROR( (((AC13/FRACAS!$AY$1)*60)) / (((AC13/FRACAS!$AY$1)*60) + SUMPRODUCT((FRACAS!$B$5:$B$8970=AC$4)*(FRACAS!$D$5:$D$8970<=AC13)*(IFERROR(FRACAS!$AM$5:$AM$8970,0))) ),"")} | ... MQ13: {=IFERROR( (((AQ13/FRACAS!$AY$1)*60)) / (((AQ13/FRACAS!$AY$1)*60) + SUMPRODUCT((FRACAS!$B$5:$B$8970=AQ$4)*(FRACAS!$D$5:$D$8970<=AQ13)*(IFERROR(FRACAS!$AM$5:$AM$8970,0))) ),"")} | ND13: =SUM(D13:CZ13) -> 0 | NE13: =IF(ND13=0,"",C13) | NF13: {=IF($ND13=0,"",(IFERROR( (IFERROR($ND13/FRACAS!$AY$1*60,0) - SUMPRODUCT( (FRACAS!$K$5:$K$8972=NF$2) * IFERROR(FRACAS!$AN$5:$AN$8972,0) ) ) / IFERROR($ND13/FRACAS!$AY$1*60,0), 1 )))} | NG13: {=IF($ND13=0,"",(IFERROR( (IFERROR($ND13/FRACAS!$AY$1*60,0) - SUMPRODUCT( (FRACAS!$K$5:$K$8972=NG$2) * IFERROR(FRACAS!$AN$5:$AN$8972,0) ) ) / IFERROR($ND13/FRACAS!$AY$1*60,0), 1 )))} | NH13: {=IF($ND13=0,"",(IFERROR( (IFERROR($ND13/FRACAS!$AY$1*60,0) - SUMPRODUCT( (FRACAS!$K$5:$K$8972=NH$2) * IFERROR(FRACAS!$AN$5:$AN$8972,0) ) ) / IFERROR($ND13/FRACAS!$AY$1*60,0), 1 )))} | NI13: {=IF($ND13=0,"",(IFERROR( (IFERROR($ND13/FRACAS!$AY$1*60,0) - SUMPRODUCT( (FRACAS!$K$5:$K$8972=NI$2) * IFERROR(FRACAS!$AN$5:$AN$8972,0) ) ) / IFERROR($ND13/FRACAS!$AY$1*60,0), 1 )))} | NJ13: {=IF($ND13=0,"",(IFERROR( (IFERROR($ND13/FRACAS!$AY$1*60,0) - SUMPRODUCT( (FRACAS!$K$5:$K$8972=NJ$2) * IFERROR(FRACAS!$AN$5:$AN$8972,0) ) ) / IFERROR($ND13/FRACAS!$AY$1*60,0), 1 )))} | NK13: {=IF($ND13=0,"",(IFERROR( (IFERROR($ND13/FRACAS!$AY$1*60,0) - SUMPRODUCT( (FRACAS!$K$5:$K$8972=NK$2) * IFERROR(FRACAS!$AN$5:$AN$8972,0) ) ) / IFERROR($ND13/FRACAS!$AY$1*60,0), 1 )))} | NL13: {=IF($ND13=0,"",(IFERROR( (IFERROR($ND13/FRACAS!$AY$1*60,0) - SUMPRODUCT( (FRACAS!$K$5:$K$8972=NL$2) * IFERROR(FRACAS!$AN$5:$AN$8972,0) ) ) / IFERROR($ND13/FRACAS!$AY$1*60,0), 1 )))} | NM13: {=IF($ND13=0,"",(IFERROR( (IFERROR($ND13/FRACAS!$AY$1*60,0) - SUMPRODUCT( (FRACAS!$K$5:$K$8972=NM$2) * IFERROR(FRACAS!$AN$5:$AN$8972,0) ) ) / IFERROR($ND13/FRACAS!$AY$1*60,0), 1 )))} | ... OT13: {=IF($ND13=0,"",(IFERROR( (IFERROR($ND13/FRACAS!$AY$1*60,0) - SUMPRODUCT( (FRACAS!$K$5:$K$8972=OT$2) * IFERROR(FRACAS!$AN$5:$AN$8972,0) ) ) / IFERROR($ND13/FRACAS!$AY$1*60,0), 1 )))}
